[{"__type__":"cc.Prefab","_name":"Monster","data":{"__id__":1}},{"__type__":"cc.Node","_name":"Monster","_children":[{"__id__":2},{"__id__":6},{"__id__":10},{"__id__":14},{"__id__":18},{"__id__":22}],"_components":[{"__type__":"e31b0+PoDRJXIDHFxy60vEs","node":{"__id__":1},"nickname":{"__id__":5},"lv":{"__id__":9},"hp":{"__id__":13},"atk":{"__id__":17},"defense":{"__id__":21},"image":{"__id__":23}}],"_prefab":{"__type__":"cc.PrefabInfo","root":{"__id__":1},"fileId":"ec010bXO5JAq6pFrhc51cjP"},"_trs":{"__type__":"TypedArray","ctor":"Float64Array","array":[0,0,0,0,0,0,0,1,1,1]}},{"__type__":"cc.Node","_name":"NameNode","_parent":{"__id__":1},"_children":[{"__id__":3},{"__id__":4}],"_prefab":{"__type__":"cc.PrefabInfo","root":{"__id__":1},"fileId":"afa77P1kehOCrMrjCSosLUd"},"_contentSize":{"__type__":"cc.Size","height":50},"_trs":{"__type__":"TypedArray","ctor":"Float64Array","array":[-92,-147,0,0,0,0,0,1,1,1]}},{"__type__":"cc.Node","_name":"Tips","_parent":{"__id__":2},"_components":[{"__type__":"e4f88adp3hERoJ48DZ2PSAl","node":{"__id__":3},"_useOriginalSize":false,"_string":"Name:","_N$string":"Name:","_N$verticalAlign":1,"_N$textKey":"res/prefabs/Monster.prefab.3"}],"_prefab":{"__type__":"cc.PrefabInfo","root":{"__id__":1},"fileId":"f9f9dMUHdxPK7wPq2ZMbJG2"},"_contentSize":{"__type__":"cc.Size","width":124.44444444444444,"height":44.44444444444444},"_trs":{"__type__":"TypedArray","ctor":"Float64Array","array":[-73,0,0,0,0,0,0,1,1,1]}},{"__type__":"cc.Node","_name":"Name","_parent":{"__id__":2},"_components":[{"__id__":5}],"_prefab":{"__type__":"cc.PrefabInfo","root":{"__id__":1},"fileId":"757d1J7EOVIKqrShVMa4Mjw"},"_contentSize":{"__type__":"cc.Size","width":82,"height":40},"_anchorPoint":{"__type__":"cc.Vec2","y":0.5},"_trs":{"__type__":"TypedArray","ctor":"Float64Array","array":[-10,0,0,0,0,0,0,1,1,1]}},{"__type__":"cc.Label","node":{"__id__":4},"_useOriginalSize":false,"_string":"????","_N$string":"????","_N$file":{"__uuid__":"76jYRJdaFM2YlYwdiF1d0k"},"_isSystemFontUsed":false,"_N$verticalAlign":1},{"__type__":"cc.Node","_name":"LvNode","_parent":{"__id__":1},"_children":[{"__id__":7},{"__id__":8}],"_prefab":{"__type__":"cc.PrefabInfo","root":{"__id__":1},"fileId":"d804ebJ90VIQJ5gHP5vC75X"},"_contentSize":{"__type__":"cc.Size","height":50},"_trs":{"__type__":"TypedArray","ctor":"Float64Array","array":[220,27,0,0,0,0,0,1,1,1]}},{"__type__":"cc.Node","_name":"Tips","_parent":{"__id__":6},"_components":[{"__type__":"e4f88adp3hERoJ48DZ2PSAl","node":{"__id__":7},"_useOriginalSize":false,"_string":"Level :","_N$string":"Level :","_N$horizontalAlign":2,"_N$verticalAlign":1,"_N$textKey":"res/prefabs/Monster.prefab.11"}],"_prefab":{"__type__":"cc.PrefabInfo","root":{"__id__":1},"fileId":"667d5/ees9BzJvGXjFNweoZ"},"_contentSize":{"__type__":"cc.Size","width":121.11111111111111,"height":44.44444444444444},"_trs":{"__type__":"TypedArray","ctor":"Float64Array","array":[-87,0,0,0,0,0,0,1,1,1]}},{"__type__":"cc.Node","_name":"Lv","_parent":{"__id__":6},"_components":[{"__id__":9}],"_prefab":{"__type__":"cc.PrefabInfo","root":{"__id__":1},"fileId":"e6b2cVsiyFIOb+RtW+scGhc"},"_contentSize":{"__type__":"cc.Size","width":62,"height":40},"_anchorPoint":{"__type__":"cc.Vec2","y":0.5},"_trs":{"__type__":"TypedArray","ctor":"Float64Array","array":[-10,0,0,0,0,0,0,1,1,1]}},{"__type__":"cc.Label","node":{"__id__":8},"_useOriginalSize":false,"_string":"???","_N$string":"???","_N$file":{"__uuid__":"76jYRJdaFM2YlYwdiF1d0k"},"_isSystemFontUsed":false,"_N$verticalAlign":1},{"__type__":"cc.Node","_name":"HpNode","_parent":{"__id__":1},"_children":[{"__id__":11},{"__id__":12}],"_prefab":{"__type__":"cc.PrefabInfo","root":{"__id__":1},"fileId":"06cc4w6emdA3Ll8JGRHzRkl"},"_contentSize":{"__type__":"cc.Size","height":50},"_trs":{"__type__":"TypedArray","ctor":"Float64Array","array":[220,77,0,0,0,0,0,1,1,1]}},{"__type__":"cc.Node","_name":"Tips","_parent":{"__id__":10},"_components":[{"__type__":"e4f88adp3hERoJ48DZ2PSAl","node":{"__id__":11},"_useOriginalSize":false,"_string":"Hp :","_N$string":"Hp :","_N$verticalAlign":1,"_N$textKey":"res/prefabs/Monster.prefab.19"}],"_prefab":{"__type__":"cc.PrefabInfo","root":{"__id__":1},"fileId":"3e54ed8hoZPvIj0yKh2PmeD"},"_contentSize":{"__type__":"cc.Size","width":82.22222222222223,"height":44.44444444444444},"_trs":{"__type__":"TypedArray","ctor":"Float64Array","array":[-68,0,0,0,0,0,0,1,1,1]}},{"__type__":"cc.Node","_name":"Hp","_parent":{"__id__":10},"_components":[{"__id__":13}],"_prefab":{"__type__":"cc.PrefabInfo","root":{"__id__":1},"fileId":"22312vRpqNH6pUHY7gTTiQd"},"_contentSize":{"__type__":"cc.Size","width":62,"height":40},"_anchorPoint":{"__type__":"cc.Vec2","y":0.5},"_trs":{"__type__":"TypedArray","ctor":"Float64Array","array":[-10,0,0,0,0,0,0,1,1,1]}},{"__type__":"cc.Label","node":{"__id__":12},"_useOriginalSize":false,"_string":"???","_N$string":"???","_N$file":{"__uuid__":"76jYRJdaFM2YlYwdiF1d0k"},"_isSystemFontUsed":false,"_N$verticalAlign":1},{"__type__":"cc.Node","_name":"AtkNode","_parent":{"__id__":1},"_children":[{"__id__":15},{"__id__":16}],"_prefab":{"__type__":"cc.PrefabInfo","root":{"__id__":1},"fileId":"09153mGzfZCyYmRToIqkPKt"},"_contentSize":{"__type__":"cc.Size","height":50},"_trs":{"__type__":"TypedArray","ctor":"Float64Array","array":[220,-23,0,0,0,0,0,1,1,1]}},{"__type__":"cc.Node","_name":"Tips","_parent":{"__id__":14},"_components":[{"__type__":"e4f88adp3hERoJ48DZ2PSAl","node":{"__id__":15},"_useOriginalSize":false,"_string":"Attack :","_N$string":"Attack :","_N$verticalAlign":1,"_N$textKey":"res/prefabs/Monster.prefab.27"}],"_prefab":{"__type__":"cc.PrefabInfo","root":{"__id__":1},"fileId":"c5987na6XdOOJB5COwXTZfb"},"_contentSize":{"__type__":"cc.Size","width":151.11111111111111,"height":44.44444444444444},"_trs":{"__type__":"TypedArray","ctor":"Float64Array","array":[-104,0,0,0,0,0,0,1,1,1]}},{"__type__":"cc.Node","_name":"Atk","_parent":{"__id__":14},"_components":[{"__id__":17}],"_prefab":{"__type__":"cc.PrefabInfo","root":{"__id__":1},"fileId":"7ef49iCp7JElrbKjBNBDyT2"},"_contentSize":{"__type__":"cc.Size","width":62,"height":40},"_anchorPoint":{"__type__":"cc.Vec2","y":0.5},"_trs":{"__type__":"TypedArray","ctor":"Float64Array","array":[-10,0,0,0,0,0,0,1,1,1]}},{"__type__":"cc.Label","node":{"__id__":16},"_useOriginalSize":false,"_string":"???","_N$string":"???","_N$file":{"__uuid__":"76jYRJdaFM2YlYwdiF1d0k"},"_isSystemFontUsed":false,"_N$verticalAlign":1},{"__type__":"cc.Node","_name":"DefenseNode","_parent":{"__id__":1},"_children":[{"__id__":19},{"__id__":20}],"_prefab":{"__type__":"cc.PrefabInfo","root":{"__id__":1},"fileId":"e7ab3wn0DpDD6JmA6ZBSyW9"},"_contentSize":{"__type__":"cc.Size","height":50},"_trs":{"__type__":"TypedArray","ctor":"Float64Array","array":[220,-73,0,0,0,0,0,1,1,1]}},{"__type__":"cc.Node","_name":"Tips","_parent":{"__id__":18},"_components":[{"__type__":"e4f88adp3hERoJ48DZ2PSAl","node":{"__id__":19},"_useOriginalSize":false,"_string":"Defense :","_N$string":"Defense :","_N$horizontalAlign":2,"_N$verticalAlign":1,"_N$textKey":"res/prefabs/Monster.prefab.35"}],"_prefab":{"__type__":"cc.PrefabInfo","root":{"__id__":1},"fileId":"9cf4a16sjBOBLUcaHDnaAOd"},"_contentSize":{"__type__":"cc.Size","width":173.33333333333331,"height":44.44444444444444},"_trs":{"__type__":"TypedArray","ctor":"Float64Array","array":[-116,0,0,0,0,0,0,1,1,1]}},{"__type__":"cc.Node","_name":"Defense","_parent":{"__id__":18},"_components":[{"__id__":21}],"_prefab":{"__type__":"cc.PrefabInfo","root":{"__id__":1},"fileId":"aae90z+DThEf55Yih72ALX1"},"_contentSize":{"__type__":"cc.Size","width":62,"height":40},"_anchorPoint":{"__type__":"cc.Vec2","y":0.5},"_trs":{"__type__":"TypedArray","ctor":"Float64Array","array":[-10,0,0,0,0,0,0,1,1,1]}},{"__type__":"cc.Label","node":{"__id__":20},"_useOriginalSize":false,"_string":"???","_N$string":"???","_N$file":{"__uuid__":"76jYRJdaFM2YlYwdiF1d0k"},"_isSystemFontUsed":false,"_N$verticalAlign":1},{"__type__":"cc.Node","_name":"Image","_parent":{"__id__":1},"_components":[{"__id__":23}],"_prefab":{"__type__":"cc.PrefabInfo","root":{"__id__":1},"fileId":"39ae67LjI9OQIW5rEZ/0HhY"},"_contentSize":{"__type__":"cc.Size","width":78,"height":67},"_trs":{"__type__":"TypedArray","ctor":"Float64Array","array":[-140,-4,0,0,0,0,0,2,2,1]}},{"__type__":"cc.Sprite","node":{"__id__":22}}]