{"__type__":"cc.EffectAsset","_name":"gray_effect_material","techniques":[{"passes":[{"blendState":{"targets":[{"blend":true}]},"rasterizerState":{"cullMode":0},"properties":{"texture":{"value":"white","type":29},"time":{"value":[0],"type":13}},"program":"gray_effect_material|vs|fs"}]}],"shaders":[{"hash":810715646,"glsl3":{"vert":"\nprecision highp float;\nuniform CCGlobal {\n  mat4 cc_matView;\n  mat4 cc_matViewInv;\n  mat4 cc_matProj;\n  mat4 cc_matProjInv;\n  mat4 cc_matViewProj;\n  mat4 cc_matViewProjInv;\n  vec4 cc_cameraPos;\n  vec4 cc_time;\n  mediump vec4 cc_screenSize;\n  mediump vec4 cc_screenScale;\n};\nuniform CCLocal {\n  mat4 cc_matWorld;\n  mat4 cc_matWorldIT;\n};\nin vec3 a_position;\nin lowp vec4 a_color;\nin mediump vec2 a_uv0;\nout mediump vec2 v_uv0;\nout lowp vec4 v_color;\nvoid main () {\n  v_uv0 = a_uv0;\n  v_color = a_color;\n  gl_Position = cc_matViewProj * vec4(a_position, 1);\n}","frag":"\nprecision highp float;\nuniform sampler2D texture;\nvarying mediump vec2 v_uv0;\nuniform Time {\n  float time;\n};\nvoid main () {\n  vec4 color = texture2D(texture, v_uv0);\n  #if CC_USE_ALPHA_ATLAS_TEXTURE\n      color.a *= texture2D(texture, v_uv0 + vec2(0, 0.5)).r;\n  #endif\n  float gray = 0.2126*color.r + 0.7152*color.g + 0.0722*color.b;\n  gl_FragColor = vec4(gray, gray, gray, color.a);\n}"},"glsl1":{"vert":"\nprecision highp float;\nuniform mat4 cc_matViewProj;\nattribute vec3 a_position;\nattribute lowp vec4 a_color;\nattribute mediump vec2 a_uv0;\nvarying mediump vec2 v_uv0;\nvarying lowp vec4 v_color;\nvoid main () {\n  v_uv0 = a_uv0;\n  v_color = a_color;\n  gl_Position = cc_matViewProj * vec4(a_position, 1);\n}","frag":"\nprecision highp float;\nuniform sampler2D texture;\nvarying mediump vec2 v_uv0;\nvoid main () {\n  vec4 color = texture2D(texture, v_uv0);\n  #if CC_USE_ALPHA_ATLAS_TEXTURE\n      color.a *= texture2D(texture, v_uv0 + vec2(0, 0.5)).r;\n  #endif\n  float gray = 0.2126*color.r + 0.7152*color.g + 0.0722*color.b;\n  gl_FragColor = vec4(gray, gray, gray, color.a);\n}"},"builtins":{"globals":{"blocks":[{"name":"CCGlobal","defines":[]}],"samplers":[]},"locals":{"blocks":[{"name":"CCLocal","defines":[]}],"samplers":[]}},"defines":[{"name":"CC_USE_ALPHA_ATLAS_TEXTURE","type":"boolean","defines":[]}],"blocks":[{"name":"Time","members":[{"name":"time","type":13,"count":1}],"defines":[],"binding":0}],"samplers":[{"name":"texture","type":29,"count":1,"defines":[],"binding":30}],"record":null,"name":"gray_effect_material|vs|fs"}]}