{"__type__":"cc.Mesh","_native":".bin","_vertexBundles":[{"__type__":"cc.mesh.VertexBundle","data":{"__type__":"cc.BufferRange","length":698488},"formats":[{"__type__":"cc.mesh.VertexFormat","name":"a_joints","type":5123,"num":4},{"__type__":"cc.mesh.VertexFormat","name":"a_normal","type":5126,"num":3},{"__type__":"cc.mesh.VertexFormat","name":"a_position","type":5126,"num":3},{"__type__":"cc.mesh.VertexFormat","name":"a_uv0","type":5126,"num":2},{"__type__":"cc.mesh.VertexFormat","name":"a_weights","type":5126,"num":4}],"verticesCount":12473}],"_primitives":[{"__type__":"cc.mesh.Primitive","vertexBundleIndices":[0],"data":{"__type__":"cc.BufferRange","offset":698488,"length":125040}}],"_minPos":{"__type__":"cc.Vec3","x":-0.883466839790344,"y":-0.00323115638457239,"z":-0.124687545001507},"_maxPos":{"__type__":"cc.Vec3","x":0.883466958999634,"y":1.59360826015472,"z":0.130236849188805}}