[{"__type__":"cc.Prefab","_name":"3d-support-info","data":{"__id__":1}},{"__type__":"cc.Node","_name":"3d-support-info","_components":[{"__type__":"cc.Label","node":{"__id__":1},"_materials":[{"__uuid__":"ecpdLyjvZBwrvm+cedCcQy"}],"_useOriginalSize":false,"_string":"本测试例不支持当前平台","_N$string":"本测试例不支持当前平台","_N$horizontalAlign":1,"_N$verticalAlign":1},{"__type__":"aa6e94UfYREzbFN94D3Gupk","node":{"__id__":1}}],"_prefab":{"__type__":"cc.PrefabInfo","root":{"__id__":1},"asset":{"__id__":0},"fileId":"0eaDa495tBAJWubgr0rUFE"},"_contentSize":{"__type__":"cc.Size","width":440,"height":50.4},"_trs":{"__type__":"TypedArray","ctor":"Float64Array","array":[0,0,0,0,0,0,0,1,1,1]}}]