[{"__type__":"cc.SpriteFrame","content":{"name":"hero","texture":"c231bATtNG2oUICpgM06Vh","rect":[11,0,106,160],"offset":[0,0],"originalSize":[128,160],"capInsets":[0,0,0,0]}},{"__type__":"cc.SpriteFrame","content":{"name":"default_sprite_splash","texture":"02delMVqdBD70a/HSD99FK","rect":[0,0,2,2],"offset":[0,0],"originalSize":[2,2],"capInsets":[0,0,0,0]}},[{"__type__":"cc.SceneAsset","_name":"ObjectGroupImage","scene":{"__id__":1},"asyncLoadAssets":null},{"__type__":"cc.Scene","_name":"New Node","_children":[{"__id__":2}],"_anchorPoint":{"__type__":"cc.Vec2"},"_trs":{"__type__":"TypedArray","ctor":"Float64Array","array":[0,0,0,0,0,0,1,1,1,1]},"autoReleaseAssets":false},{"__type__":"cc.Node","_name":"Canvas","_parent":{"__id__":1},"_children":[{"__id__":3},{"__id__":4},{"__id__":127},{"__id__":128},{"__id__":129},{"__id__":130},{"__id__":131},{"__id__":132},{"__id__":133}],"_components":[{"__type__":"cc.Canvas","node":{"__id__":2}},{"__type__":"cc.Widget","node":{"__id__":2},"_alignFlags":45}],"_contentSize":{"__type__":"cc.Size","width":960,"height":640},"_trs":{"__type__":"TypedArray","ctor":"Float64Array","array":[480,320,0,0,0,0,1,1,1,1]},"_id":"a5esZu+45LA5mBpvttspPD"},{"__type__":"cc.Node","_name":"Main Camera","_parent":{"__id__":2},"_components":[{"__type__":"cc.Camera","node":{"__id__":3},"_clearFlags":7,"_depth":-1}],"_contentSize":{"__type__":"cc.Size","width":960,"height":640},"_trs":{"__type__":"TypedArray","ctor":"Float64Array","array":[0,0,554.2562584220408,0,0,0,1,1,1,1]}},{"__type__":"cc.Node","_name":"tiledmap","_parent":{"__id__":2},"_children":[{"__id__":5},{"__id__":19},{"__id__":25},{"__id__":61},{"__id__":91},{"__id__":95},{"__id__":113},{"__id__":123},{"__id__":125},{"__id__":126}],"_components":[{"__type__":"cc.TiledMap","node":{"__id__":4},"_tmxFile":{"__uuid__":"5bEHk/NOFLnKJ769qqFkIZ"}}],"_contentSize":{"__type__":"cc.Size","width":2528,"height":1440},"_trs":{"__type__":"TypedArray","ctor":"Float64Array","array":[0,0,0,0,0,0,1,0.38,0.38,1]}},{"__type__":"cc.Node","_name":"parallax","_parent":{"__id__":4},"_children":[{"__id__":6},{"__id__":7},{"__id__":8},{"__id__":9},{"__id__":10},{"__id__":11},{"__id__":12},{"__id__":13},{"__id__":14},{"__id__":15},{"__id__":16},{"__id__":17},{"__id__":18}],"_components":[{"__type__":"cc.TiledObjectGroup","node":{"__id__":5}}],"_contentSize":{"__type__":"cc.Size","width":2528,"height":1440},"_trs":{"__type__":"TypedArray","ctor":"Float64Array","array":[0,0,0,0,0,0,1,1,1,1]}},{"__type__":"cc.Node","_name":"img113","_parent":{"__id__":5},"_components":[{"__type__":"cc.Sprite","node":{"__id__":6},"_materials":[{"__uuid__":"ecpdLyjvZBwrvm+cedCcQy"}],"_sizeMode":0}],"_contentSize":{"__type__":"cc.Size","width":129,"height":332},"_anchorPoint":{"__type__":"cc.Vec2"},"_trs":{"__type__":"TypedArray","ctor":"Float64Array","array":[-416.485,-103.78800000000001,0,0,0,0,1,1,1,1]}},{"__type__":"cc.Node","_name":"img110","_parent":{"__id__":5},"_components":[{"__type__":"cc.Sprite","node":{"__id__":7},"_materials":[{"__uuid__":"ecpdLyjvZBwrvm+cedCcQy"}],"_sizeMode":0}],"_contentSize":{"__type__":"cc.Size","width":129,"height":332},"_anchorPoint":{"__type__":"cc.Vec2"},"_trs":{"__type__":"TypedArray","ctor":"Float64Array","array":[507.52,-256.697,0,0,0,0,1,1,1,1]}},{"__type__":"cc.Node","_name":"img109","_parent":{"__id__":5},"_components":[{"__type__":"cc.Sprite","node":{"__id__":8},"_materials":[{"__uuid__":"ecpdLyjvZBwrvm+cedCcQy"}],"_sizeMode":0}],"_contentSize":{"__type__":"cc.Size","width":129,"height":332},"_anchorPoint":{"__type__":"cc.Vec2"},"_trs":{"__type__":"TypedArray","ctor":"Float64Array","array":[881.3299999999999,-97,0,0,0,0,1,1,1,1]}},{"__type__":"cc.Node","_name":"img108","_parent":{"__id__":5},"_components":[{"__type__":"cc.Sprite","node":{"__id__":9},"_materials":[{"__uuid__":"ecpdLyjvZBwrvm+cedCcQy"}],"_sizeMode":0}],"_contentSize":{"__type__":"cc.Size","width":656.364,"height":448},"_anchorPoint":{"__type__":"cc.Vec2"},"_trs":{"__type__":"TypedArray","ctor":"Float64Array","array":[560.6700000000001,-421,0,0,0,0,1,1,1,1]}},{"__type__":"cc.Node","_name":"img107","_parent":{"__id__":5},"_components":[{"__type__":"cc.Sprite","node":{"__id__":10},"_materials":[{"__uuid__":"ecpdLyjvZBwrvm+cedCcQy"}],"_sizeMode":0}],"_contentSize":{"__type__":"cc.Size","width":920,"height":352},"_anchorPoint":{"__type__":"cc.Vec2"},"_trs":{"__type__":"TypedArray","ctor":"Float64Array","array":[-90.46000000000004,-459.49,0,0,0,0.09104016787292794,0.9958472211306657,1,1,1]},"_eulerAngles":{"__type__":"cc.Vec3","z":10.4469}},{"__type__":"cc.Node","_name":"img106","_parent":{"__id__":5},"_components":[{"__type__":"cc.Sprite","node":{"__id__":11},"_materials":[{"__uuid__":"ecpdLyjvZBwrvm+cedCcQy"}],"_sizeMode":0}],"_contentSize":{"__type__":"cc.Size","width":920,"height":448},"_anchorPoint":{"__type__":"cc.Vec2"},"_trs":{"__type__":"TypedArray","ctor":"Float64Array","array":[-672,-335,0,0,0,0,1,1,1,1]}},{"__type__":"cc.Node","_name":"img105","_parent":{"__id__":5},"_components":[{"__type__":"cc.Sprite","node":{"__id__":12},"_materials":[{"__uuid__":"ecpdLyjvZBwrvm+cedCcQy"}],"_sizeMode":0}],"_contentSize":{"__type__":"cc.Size","width":837.333,"height":320},"_anchorPoint":{"__type__":"cc.Vec2"},"_trs":{"__type__":"TypedArray","ctor":"Float64Array","array":[-1197.3333,-359,0,0,0,0,1,1,1,1]}},{"__type__":"cc.Node","_name":"img94","_parent":{"__id__":5},"_components":[{"__type__":"cc.Sprite","node":{"__id__":13},"_materials":[{"__uuid__":"ecpdLyjvZBwrvm+cedCcQy"}],"_sizeMode":0}],"_contentSize":{"__type__":"cc.Size","width":384,"height":128},"_anchorPoint":{"__type__":"cc.Vec2"},"_trs":{"__type__":"TypedArray","ctor":"Float64Array","array":[-317.394,299.5450000000001,0,0,0,0,1,1,1,1]}},{"__type__":"cc.Node","_name":"img92","_parent":{"__id__":5},"_components":[{"__type__":"cc.Sprite","node":{"__id__":14},"_materials":[{"__uuid__":"ecpdLyjvZBwrvm+cedCcQy"}],"_sizeMode":0}],"_contentSize":{"__type__":"cc.Size","width":384,"height":128},"_anchorPoint":{"__type__":"cc.Vec2"},"_trs":{"__type__":"TypedArray","ctor":"Float64Array","array":[189.51999999999998,68.09100000000001,0,0,0,0,1,1,1,1]}},{"__type__":"cc.Node","_name":"img93","_parent":{"__id__":5},"_components":[{"__type__":"cc.Sprite","node":{"__id__":15},"_materials":[{"__uuid__":"ecpdLyjvZBwrvm+cedCcQy"}],"_sizeMode":0}],"_contentSize":{"__type__":"cc.Size","width":384,"height":128},"_anchorPoint":{"__type__":"cc.Vec2"},"_trs":{"__type__":"TypedArray","ctor":"Float64Array","array":[841.8499999999999,209.18200000000002,0,0,0,0,1,1,1,1]}},{"__type__":"cc.Node","_name":"img91","_parent":{"__id__":5},"_components":[{"__type__":"cc.Sprite","node":{"__id__":16},"_materials":[{"__uuid__":"ecpdLyjvZBwrvm+cedCcQy"}],"_sizeMode":0}],"_contentSize":{"__type__":"cc.Size","width":384,"height":128},"_anchorPoint":{"__type__":"cc.Vec2"},"_trs":{"__type__":"TypedArray","ctor":"Float64Array","array":[-890.0609999999999,92.87900000000002,0,0,0,0,1,1,1,1]}},{"__type__":"cc.Node","_name":"img90","_parent":{"__id__":5},"_components":[{"__type__":"cc.Sprite","node":{"__id__":17},"_materials":[{"__uuid__":"ecpdLyjvZBwrvm+cedCcQy"}],"_sizeMode":0}],"_contentSize":{"__type__":"cc.Size","width":192,"height":192},"_anchorPoint":{"__type__":"cc.Vec2"},"_trs":{"__type__":"TypedArray","ctor":"Float64Array","array":[-1117.03,26.273000000000025,0,0,0,0,1,1,1,1]}},{"__type__":"cc.Node","_name":"img95","_parent":{"__id__":5},"_components":[{"__type__":"cc.Sprite","node":{"__id__":18},"_materials":[{"__uuid__":"ecpdLyjvZBwrvm+cedCcQy"}],"_sizeMode":0}],"_contentSize":{"__type__":"cc.Size","width":384,"height":128},"_anchorPoint":{"__type__":"cc.Vec2"},"_trs":{"__type__":"TypedArray","ctor":"Float64Array","array":[-1280.2424,267.606,0,0,0,0,1,1,1,1]}},{"__type__":"cc.Node","_name":"background","_parent":{"__id__":4},"_children":[{"__id__":20},{"__id__":21},{"__id__":22},{"__id__":23},{"__id__":24}],"_components":[{"__type__":"cc.TiledObjectGroup","node":{"__id__":19}}],"_contentSize":{"__type__":"cc.Size","width":2528,"height":1440},"_trs":{"__type__":"TypedArray","ctor":"Float64Array","array":[0,0,0,0,0,0,1,1,1,1]}},{"__type__":"cc.Node","_name":"img177","_parent":{"__id__":19},"_components":[{"__type__":"cc.Sprite","node":{"__id__":20},"_materials":[{"__uuid__":"ecpdLyjvZBwrvm+cedCcQy"}],"_sizeMode":0}],"_contentSize":{"__type__":"cc.Size","width":256,"height":160},"_anchorPoint":{"__type__":"cc.Vec2"},"_trs":{"__type__":"TypedArray","ctor":"Float64Array","array":[-752,-15,0,0,0,0,1,1,1,1]}},{"__type__":"cc.Node","_name":"img172","_parent":{"__id__":19},"_components":[{"__type__":"cc.Sprite","node":{"__id__":21},"_materials":[{"__uuid__":"ecpdLyjvZBwrvm+cedCcQy"}],"_sizeMode":0}],"_contentSize":{"__type__":"cc.Size","width":256,"height":160},"_anchorPoint":{"__type__":"cc.Vec2"},"_trs":{"__type__":"TypedArray","ctor":"Float64Array","array":[-272,-303,0,0,0,0,1,1,1,1]}},{"__type__":"cc.Node","_name":"img169","_parent":{"__id__":19},"_components":[{"__type__":"cc.Sprite","node":{"__id__":22},"_materials":[{"__uuid__":"ecpdLyjvZBwrvm+cedCcQy"}],"_sizeMode":0}],"_contentSize":{"__type__":"cc.Size","width":256,"height":160},"_anchorPoint":{"__type__":"cc.Vec2"},"_trs":{"__type__":"TypedArray","ctor":"Float64Array","array":[-48,-271,0,0,0,0,1,1,1,1]}},{"__type__":"cc.Node","_name":"img79","_parent":{"__id__":19},"_components":[{"__type__":"cc.Sprite","node":{"__id__":23},"_materials":[{"__uuid__":"ecpdLyjvZBwrvm+cedCcQy"}],"_sizeMode":0}],"_contentSize":{"__type__":"cc.Size","width":512,"height":320},"_anchorPoint":{"__type__":"cc.Vec2"},"_trs":{"__type__":"TypedArray","ctor":"Float64Array","array":[-816,-367,0,0,0,0,1,1,1,1]}},{"__type__":"cc.Node","_name":"img1","_parent":{"__id__":19},"_components":[{"__type__":"cc.Sprite","node":{"__id__":24},"_materials":[{"__uuid__":"ecpdLyjvZBwrvm+cedCcQy"}],"_sizeMode":0}],"_contentSize":{"__type__":"cc.Size","width":2528,"height":385},"_anchorPoint":{"__type__":"cc.Vec2"},"_trs":{"__type__":"TypedArray","ctor":"Float64Array","array":[-1264,-720,0,0,0,0,1,1,1,1]}},{"__type__":"cc.Node","_name":"ground","_parent":{"__id__":4},"_children":[{"__id__":26},{"__id__":27},{"__id__":28},{"__id__":29},{"__id__":30},{"__id__":31},{"__id__":32},{"__id__":33},{"__id__":34},{"__id__":35},{"__id__":36},{"__id__":37},{"__id__":38},{"__id__":39},{"__id__":40},{"__id__":41},{"__id__":42},{"__id__":43},{"__id__":44},{"__id__":45},{"__id__":46},{"__id__":47},{"__id__":48},{"__id__":49},{"__id__":50},{"__id__":51},{"__id__":52},{"__id__":53},{"__id__":54},{"__id__":55},{"__id__":56},{"__id__":57},{"__id__":58},{"__id__":59},{"__id__":60}],"_components":[{"__type__":"cc.TiledObjectGroup","node":{"__id__":25}}],"_contentSize":{"__type__":"cc.Size","width":2528,"height":1440},"_trs":{"__type__":"TypedArray","ctor":"Float64Array","array":[0,0,0,0,0,0,1,1,1,1]}},{"__type__":"cc.Node","_name":"img188","_parent":{"__id__":25},"_components":[{"__type__":"cc.Sprite","node":{"__id__":26},"_materials":[{"__uuid__":"ecpdLyjvZBwrvm+cedCcQy"}],"_sizeMode":0}],"_contentSize":{"__type__":"cc.Size","width":128,"height":96},"_anchorPoint":{"__type__":"cc.Vec2"},"_trs":{"__type__":"TypedArray","ctor":"Float64Array","array":[-720,-15,0,0,0,0,1,1,1,1]}},{"__type__":"cc.Node","_name":"img187","_parent":{"__id__":25},"_components":[{"__type__":"cc.Sprite","node":{"__id__":27},"_materials":[{"__uuid__":"ecpdLyjvZBwrvm+cedCcQy"}],"_sizeMode":0}],"_contentSize":{"__type__":"cc.Size","width":128,"height":96},"_anchorPoint":{"__type__":"cc.Vec2"},"_trs":{"__type__":"TypedArray","ctor":"Float64Array","array":[16,-271,0,0,0,0,1,1,1,1]}},{"__type__":"cc.Node","_name":"img184","_parent":{"__id__":25},"_components":[{"__type__":"cc.Sprite","node":{"__id__":28},"_materials":[{"__uuid__":"ecpdLyjvZBwrvm+cedCcQy"}],"_sizeMode":0}],"_contentSize":{"__type__":"cc.Size","width":256,"height":96},"_anchorPoint":{"__type__":"cc.Vec2"},"_trs":{"__type__":"TypedArray","ctor":"Float64Array","array":[1008,-367,0,0,0,0,1,1,1,1]}},{"__type__":"cc.Node","_name":"img183","_parent":{"__id__":25},"_components":[{"__type__":"cc.Sprite","node":{"__id__":29},"_materials":[{"__uuid__":"ecpdLyjvZBwrvm+cedCcQy"}],"_sizeMode":0}],"_contentSize":{"__type__":"cc.Size","width":256,"height":96},"_anchorPoint":{"__type__":"cc.Vec2"},"_trs":{"__type__":"TypedArray","ctor":"Float64Array","array":[240,-367,0,0,0,0,1,1,1,1]}},{"__type__":"cc.Node","_name":"img180","_parent":{"__id__":25},"_components":[{"__type__":"cc.Sprite","node":{"__id__":30},"_materials":[{"__uuid__":"ecpdLyjvZBwrvm+cedCcQy"}],"_sizeMode":0}],"_contentSize":{"__type__":"cc.Size","width":256,"height":96},"_anchorPoint":{"__type__":"cc.Vec2"},"_trs":{"__type__":"TypedArray","ctor":"Float64Array","array":[-752,49,0,0,0,0,1,1,1,1]}},{"__type__":"cc.Node","_name":"img176","_parent":{"__id__":25},"_components":[{"__type__":"cc.Sprite","node":{"__id__":31},"_materials":[{"__uuid__":"ecpdLyjvZBwrvm+cedCcQy"}],"_sizeMode":0}],"_contentSize":{"__type__":"cc.Size","width":256,"height":96},"_anchorPoint":{"__type__":"cc.Vec2"},"_trs":{"__type__":"TypedArray","ctor":"Float64Array","array":[208,-303,0,0,0,0,1,1,1,1]}},{"__type__":"cc.Node","_name":"img175","_parent":{"__id__":25},"_components":[{"__type__":"cc.Sprite","node":{"__id__":32},"_materials":[{"__uuid__":"ecpdLyjvZBwrvm+cedCcQy"}],"_sizeMode":0}],"_contentSize":{"__type__":"cc.Size","width":256,"height":96},"_anchorPoint":{"__type__":"cc.Vec2"},"_trs":{"__type__":"TypedArray","ctor":"Float64Array","array":[-272,-239,0,0,0,0,1,1,1,1]}},{"__type__":"cc.Node","_name":"img166","_parent":{"__id__":25},"_components":[{"__type__":"cc.Sprite","node":{"__id__":33},"_materials":[{"__uuid__":"ecpdLyjvZBwrvm+cedCcQy"}],"_sizeMode":0}],"_contentSize":{"__type__":"cc.Size","width":256,"height":96},"_anchorPoint":{"__type__":"cc.Vec2"},"_trs":{"__type__":"TypedArray","ctor":"Float64Array","array":[752,-367,0,0,0,0,1,1,1,1]}},{"__type__":"cc.Node","_name":"img164","_parent":{"__id__":25},"_components":[{"__type__":"cc.Sprite","node":{"__id__":34},"_materials":[{"__uuid__":"ecpdLyjvZBwrvm+cedCcQy"}],"_sizeMode":0}],"_contentSize":{"__type__":"cc.Size","width":256,"height":96},"_anchorPoint":{"__type__":"cc.Vec2"},"_trs":{"__type__":"TypedArray","ctor":"Float64Array","array":[496,-367,0,0,0,0,1,1,1,1]}},{"__type__":"cc.Node","_name":"img163","_parent":{"__id__":25},"_components":[{"__type__":"cc.Sprite","node":{"__id__":35},"_materials":[{"__uuid__":"ecpdLyjvZBwrvm+cedCcQy"}],"_sizeMode":0}],"_contentSize":{"__type__":"cc.Size","width":256,"height":96},"_anchorPoint":{"__type__":"cc.Vec2"},"_trs":{"__type__":"TypedArray","ctor":"Float64Array","array":[-560,-111,0,0,0,0,1,1,1,1]}},{"__type__":"cc.Node","_name":"img162","_parent":{"__id__":25},"_components":[{"__type__":"cc.Sprite","node":{"__id__":36},"_materials":[{"__uuid__":"ecpdLyjvZBwrvm+cedCcQy"}],"_sizeMode":0}],"_contentSize":{"__type__":"cc.Size","width":128,"height":96},"_anchorPoint":{"__type__":"cc.Vec2"},"_trs":{"__type__":"TypedArray","ctor":"Float64Array","array":[-477.45500000000004,-199.54499999999996,0,0,0,0,1,1,1,1]}},{"__type__":"cc.Node","_name":"img121","_parent":{"__id__":25},"_components":[{"__type__":"cc.Sprite","node":{"__id__":37},"_materials":[{"__uuid__":"ecpdLyjvZBwrvm+cedCcQy"}],"_sizeMode":0}],"_contentSize":{"__type__":"cc.Size","width":128,"height":96},"_anchorPoint":{"__type__":"cc.Vec2"},"_trs":{"__type__":"TypedArray","ctor":"Float64Array","array":[926.79,-641.6700000000001,0,0,0,0,1,1,1,1]}},{"__type__":"cc.Node","_name":"img87","_parent":{"__id__":25},"_components":[{"__type__":"cc.Sprite","node":{"__id__":38},"_materials":[{"__uuid__":"ecpdLyjvZBwrvm+cedCcQy"}],"_sizeMode":0}],"_contentSize":{"__type__":"cc.Size","width":256,"height":96},"_anchorPoint":{"__type__":"cc.Vec2"},"_trs":{"__type__":"TypedArray","ctor":"Float64Array","array":[-816,-111,0,0,0,0,1,1,1,1]}},{"__type__":"cc.Node","_name":"img86","_parent":{"__id__":25},"_components":[{"__type__":"cc.Sprite","node":{"__id__":39},"_materials":[{"__uuid__":"ecpdLyjvZBwrvm+cedCcQy"}],"_sizeMode":0}],"_contentSize":{"__type__":"cc.Size","width":128,"height":96},"_anchorPoint":{"__type__":"cc.Vec2"},"_trs":{"__type__":"TypedArray","ctor":"Float64Array","array":[-605.333,-243.606,0,0,0,0,1,1,1,1]}},{"__type__":"cc.Node","_name":"img84","_parent":{"__id__":25},"_components":[{"__type__":"cc.Sprite","node":{"__id__":40},"_materials":[{"__uuid__":"ecpdLyjvZBwrvm+cedCcQy"}],"_sizeMode":0}],"_contentSize":{"__type__":"cc.Size","width":128,"height":96},"_anchorPoint":{"__type__":"cc.Vec2"},"_trs":{"__type__":"TypedArray","ctor":"Float64Array","array":[-749.455,-187.54499999999996,0,0,0,0,1,1,1,1]}},{"__type__":"cc.Node","_name":"img24","_parent":{"__id__":25},"_components":[{"__type__":"cc.Sprite","node":{"__id__":41},"_materials":[{"__uuid__":"ecpdLyjvZBwrvm+cedCcQy"}],"_sizeMode":0}],"_contentSize":{"__type__":"cc.Size","width":128,"height":96},"_anchorPoint":{"__type__":"cc.Vec2"},"_trs":{"__type__":"TypedArray","ctor":"Float64Array","array":[1023.7600000000002,-478.03,0,0,0,0,1,1,1,1]}},{"__type__":"cc.Node","_name":"img23","_parent":{"__id__":25},"_components":[{"__type__":"cc.Sprite","node":{"__id__":42},"_materials":[{"__uuid__":"ecpdLyjvZBwrvm+cedCcQy"}],"_sizeMode":0}],"_contentSize":{"__type__":"cc.Size","width":128,"height":96},"_anchorPoint":{"__type__":"cc.Vec2"},"_trs":{"__type__":"TypedArray","ctor":"Float64Array","array":[744,-483,0,0,0,0,1,1,1,1]}},{"__type__":"cc.Node","_name":"img22","_parent":{"__id__":25},"_components":[{"__type__":"cc.Sprite","node":{"__id__":43},"_materials":[{"__uuid__":"ecpdLyjvZBwrvm+cedCcQy"}],"_sizeMode":0}],"_contentSize":{"__type__":"cc.Size","width":128,"height":96},"_anchorPoint":{"__type__":"cc.Vec2"},"_trs":{"__type__":"TypedArray","ctor":"Float64Array","array":[456,-619,0,0,0,0,1,1,1,1]}},{"__type__":"cc.Node","_name":"img21","_parent":{"__id__":25},"_components":[{"__type__":"cc.Sprite","node":{"__id__":44},"_materials":[{"__uuid__":"ecpdLyjvZBwrvm+cedCcQy"}],"_sizeMode":0}],"_contentSize":{"__type__":"cc.Size","width":128,"height":96},"_anchorPoint":{"__type__":"cc.Vec2"},"_trs":{"__type__":"TypedArray","ctor":"Float64Array","array":[24,-491,0,0,0,0,1,1,1,1]}},{"__type__":"cc.Node","_name":"img20","_parent":{"__id__":25},"_components":[{"__type__":"cc.Sprite","node":{"__id__":45},"_materials":[{"__uuid__":"ecpdLyjvZBwrvm+cedCcQy"}],"_sizeMode":0}],"_contentSize":{"__type__":"cc.Size","width":128,"height":96},"_anchorPoint":{"__type__":"cc.Vec2"},"_trs":{"__type__":"TypedArray","ctor":"Float64Array","array":[-216,-603,0,0,0,0,1,1,1,1]}},{"__type__":"cc.Node","_name":"img19","_parent":{"__id__":25},"_components":[{"__type__":"cc.Sprite","node":{"__id__":46},"_materials":[{"__uuid__":"ecpdLyjvZBwrvm+cedCcQy"}],"_sizeMode":0}],"_contentSize":{"__type__":"cc.Size","width":128,"height":96},"_anchorPoint":{"__type__":"cc.Vec2"},"_trs":{"__type__":"TypedArray","ctor":"Float64Array","array":[-688,-471,0,0,0,0,1,1,1,1]}},{"__type__":"cc.Node","_name":"img18","_parent":{"__id__":25},"_components":[{"__type__":"cc.Sprite","node":{"__id__":47},"_materials":[{"__uuid__":"ecpdLyjvZBwrvm+cedCcQy"}],"_sizeMode":0}],"_contentSize":{"__type__":"cc.Size","width":128,"height":96},"_anchorPoint":{"__type__":"cc.Vec2"},"_trs":{"__type__":"TypedArray","ctor":"Float64Array","array":[-992,-575,0,0,0,0,1,1,1,1]}},{"__type__":"cc.Node","_name":"img17","_parent":{"__id__":25},"_components":[{"__type__":"cc.Sprite","node":{"__id__":48},"_materials":[{"__uuid__":"ecpdLyjvZBwrvm+cedCcQy"}],"_sizeMode":0}],"_contentSize":{"__type__":"cc.Size","width":128,"height":96},"_anchorPoint":{"__type__":"cc.Vec2"},"_trs":{"__type__":"TypedArray","ctor":"Float64Array","array":[700.24,-634.1500000000001,0,0,0,0,1,1,1,1]}},{"__type__":"cc.Node","_name":"img16","_parent":{"__id__":25},"_components":[{"__type__":"cc.Sprite","node":{"__id__":49},"_materials":[{"__uuid__":"ecpdLyjvZBwrvm+cedCcQy"}],"_sizeMode":0}],"_contentSize":{"__type__":"cc.Size","width":128,"height":96},"_anchorPoint":{"__type__":"cc.Vec2"},"_trs":{"__type__":"TypedArray","ctor":"Float64Array","array":[484,-463,0,0,0,0,1,1,1,1]}},{"__type__":"cc.Node","_name":"img15","_parent":{"__id__":25},"_components":[{"__type__":"cc.Sprite","node":{"__id__":50},"_materials":[{"__uuid__":"ecpdLyjvZBwrvm+cedCcQy"}],"_sizeMode":0}],"_contentSize":{"__type__":"cc.Size","width":128,"height":96},"_anchorPoint":{"__type__":"cc.Vec2"},"_trs":{"__type__":"TypedArray","ctor":"Float64Array","array":[156,-599,0,0,0,0,1,1,1,1]}},{"__type__":"cc.Node","_name":"img14","_parent":{"__id__":25},"_components":[{"__type__":"cc.Sprite","node":{"__id__":51},"_materials":[{"__uuid__":"ecpdLyjvZBwrvm+cedCcQy"}],"_sizeMode":0}],"_contentSize":{"__type__":"cc.Size","width":128,"height":96},"_anchorPoint":{"__type__":"cc.Vec2"},"_trs":{"__type__":"TypedArray","ctor":"Float64Array","array":[-292,-483,0,0,0,0,1,1,1,1]}},{"__type__":"cc.Node","_name":"img13","_parent":{"__id__":25},"_components":[{"__type__":"cc.Sprite","node":{"__id__":52},"_materials":[{"__uuid__":"ecpdLyjvZBwrvm+cedCcQy"}],"_sizeMode":0}],"_contentSize":{"__type__":"cc.Size","width":128,"height":96},"_anchorPoint":{"__type__":"cc.Vec2"},"_trs":{"__type__":"TypedArray","ctor":"Float64Array","array":[-612,-599,0,0,0,0,1,1,1,1]}},{"__type__":"cc.Node","_name":"img12","_parent":{"__id__":25},"_components":[{"__type__":"cc.Sprite","node":{"__id__":53},"_materials":[{"__uuid__":"ecpdLyjvZBwrvm+cedCcQy"}],"_sizeMode":0}],"_contentSize":{"__type__":"cc.Size","width":128,"height":96},"_anchorPoint":{"__type__":"cc.Vec2"},"_trs":{"__type__":"TypedArray","ctor":"Float64Array","array":[-1180,-479,0,0,0,0,1,1,1,1]}},{"__type__":"cc.Node","_name":"img11","_parent":{"__id__":25},"_components":[{"__type__":"cc.Sprite","node":{"__id__":54},"_materials":[{"__uuid__":"ecpdLyjvZBwrvm+cedCcQy"}],"_sizeMode":0}],"_contentSize":{"__type__":"cc.Size","width":256,"height":96},"_anchorPoint":{"__type__":"cc.Vec2"},"_trs":{"__type__":"TypedArray","ctor":"Float64Array","array":[-16,-367,0,0,0,0,1,1,1,1]}},{"__type__":"cc.Node","_name":"img9","_parent":{"__id__":25},"_components":[{"__type__":"cc.Sprite","node":{"__id__":55},"_materials":[{"__uuid__":"ecpdLyjvZBwrvm+cedCcQy"}],"_sizeMode":0}],"_contentSize":{"__type__":"cc.Size","width":256,"height":96},"_anchorPoint":{"__type__":"cc.Vec2"},"_trs":{"__type__":"TypedArray","ctor":"Float64Array","array":[-272,-367,0,0,0,0,1,1,1,1]}},{"__type__":"cc.Node","_name":"img7","_parent":{"__id__":25},"_components":[{"__type__":"cc.Sprite","node":{"__id__":56},"_materials":[{"__uuid__":"ecpdLyjvZBwrvm+cedCcQy"}],"_sizeMode":0}],"_contentSize":{"__type__":"cc.Size","width":256,"height":96},"_anchorPoint":{"__type__":"cc.Vec2"},"_trs":{"__type__":"TypedArray","ctor":"Float64Array","array":[-496,-367,0,0,0,0,1,1,1,1]}},{"__type__":"cc.Node","_name":"img5","_parent":{"__id__":25},"_components":[{"__type__":"cc.Sprite","node":{"__id__":57},"_materials":[{"__uuid__":"ecpdLyjvZBwrvm+cedCcQy"}],"_sizeMode":0}],"_contentSize":{"__type__":"cc.Size","width":256,"height":96},"_anchorPoint":{"__type__":"cc.Vec2"},"_trs":{"__type__":"TypedArray","ctor":"Float64Array","array":[-752,-367,0,0,0,0,1,1,1,1]}},{"__type__":"cc.Node","_name":"img4","_parent":{"__id__":25},"_components":[{"__type__":"cc.Sprite","node":{"__id__":58},"_materials":[{"__uuid__":"ecpdLyjvZBwrvm+cedCcQy"}],"_sizeMode":0}],"_contentSize":{"__type__":"cc.Size","width":256,"height":96},"_anchorPoint":{"__type__":"cc.Vec2"},"_trs":{"__type__":"TypedArray","ctor":"Float64Array","array":[-48,-175,0,0,0,0,1,1,1,1]}},{"__type__":"cc.Node","_name":"img3","_parent":{"__id__":25},"_components":[{"__type__":"cc.Sprite","node":{"__id__":59},"_materials":[{"__uuid__":"ecpdLyjvZBwrvm+cedCcQy"}],"_sizeMode":0}],"_contentSize":{"__type__":"cc.Size","width":256,"height":96},"_anchorPoint":{"__type__":"cc.Vec2"},"_trs":{"__type__":"TypedArray","ctor":"Float64Array","array":[-1008,-367,0,0,0,0,1,1,1,1]}},{"__type__":"cc.Node","_name":"img2","_parent":{"__id__":25},"_components":[{"__type__":"cc.Sprite","node":{"__id__":60},"_materials":[{"__uuid__":"ecpdLyjvZBwrvm+cedCcQy"}],"_sizeMode":0}],"_contentSize":{"__type__":"cc.Size","width":256,"height":96},"_anchorPoint":{"__type__":"cc.Vec2"},"_trs":{"__type__":"TypedArray","ctor":"Float64Array","array":[-1264,-367,0,0,0,0,1,1,1,1]}},{"__type__":"cc.Node","_name":"castle","_parent":{"__id__":4},"_children":[{"__id__":62},{"__id__":63},{"__id__":64},{"__id__":65},{"__id__":66},{"__id__":67},{"__id__":68},{"__id__":69},{"__id__":70},{"__id__":71},{"__id__":72},{"__id__":73},{"__id__":74},{"__id__":75},{"__id__":76},{"__id__":77},{"__id__":78},{"__id__":79},{"__id__":80},{"__id__":81},{"__id__":82},{"__id__":83},{"__id__":84},{"__id__":85},{"__id__":86},{"__id__":87},{"__id__":88},{"__id__":89},{"__id__":90}],"_components":[{"__type__":"cc.TiledObjectGroup","node":{"__id__":61}}],"_contentSize":{"__type__":"cc.Size","width":2528,"height":1440},"_trs":{"__type__":"TypedArray","ctor":"Float64Array","array":[0,0,0,0,0,0,1,1,1,1]}},{"__type__":"cc.Node","_name":"img159","_parent":{"__id__":61},"_components":[{"__type__":"cc.Sprite","node":{"__id__":62},"_materials":[{"__uuid__":"ecpdLyjvZBwrvm+cedCcQy"}],"_sizeMode":0}],"_contentSize":{"__type__":"cc.Size","width":192,"height":64},"_anchorPoint":{"__type__":"cc.Vec2"},"_trs":{"__type__":"TypedArray","ctor":"Float64Array","array":[688,305,0,0,0,0.7071067811865475,0.7071067811865476,1,1,1]},"_eulerAngles":{"__type__":"cc.Vec3","z":90}},{"__type__":"cc.Node","_name":"img158","_parent":{"__id__":61},"_components":[{"__type__":"cc.Sprite","node":{"__id__":63},"_materials":[{"__uuid__":"ecpdLyjvZBwrvm+cedCcQy"}],"_sizeMode":0}],"_contentSize":{"__type__":"cc.Size","width":192,"height":64},"_anchorPoint":{"__type__":"cc.Vec2"},"_trs":{"__type__":"TypedArray","ctor":"Float64Array","array":[720,497,0,0,0,0.7071067811865476,-0.7071067811865475,1,1,1]},"_eulerAngles":{"__type__":"cc.Vec3","z":270}},{"__type__":"cc.Node","_name":"img157","_parent":{"__id__":61},"_components":[{"__type__":"cc.Sprite","node":{"__id__":64},"_materials":[{"__uuid__":"ecpdLyjvZBwrvm+cedCcQy"}],"_sizeMode":0}],"_contentSize":{"__type__":"cc.Size","width":192,"height":64},"_anchorPoint":{"__type__":"cc.Vec2"},"_trs":{"__type__":"TypedArray","ctor":"Float64Array","array":[656,497,0,0,0,-0.7071067811865475,0.7071067811865476,1,1,1]},"_eulerAngles":{"__type__":"cc.Vec3","z":-90}},{"__type__":"cc.Node","_name":"img156","_parent":{"__id__":61},"_components":[{"__type__":"cc.Sprite","node":{"__id__":65},"_materials":[{"__uuid__":"ecpdLyjvZBwrvm+cedCcQy"}],"_sizeMode":0}],"_contentSize":{"__type__":"cc.Size","width":192,"height":64},"_anchorPoint":{"__type__":"cc.Vec2"},"_trs":{"__type__":"TypedArray","ctor":"Float64Array","array":[848,497,0,0,0,0.7071067811865476,-0.7071067811865475,1,1,1]},"_eulerAngles":{"__type__":"cc.Vec3","z":270}},{"__type__":"cc.Node","_name":"img155","_parent":{"__id__":61},"_components":[{"__type__":"cc.Sprite","node":{"__id__":66},"_materials":[{"__uuid__":"ecpdLyjvZBwrvm+cedCcQy"}],"_sizeMode":0}],"_contentSize":{"__type__":"cc.Size","width":192,"height":64},"_anchorPoint":{"__type__":"cc.Vec2"},"_trs":{"__type__":"TypedArray","ctor":"Float64Array","array":[784,497,0,0,0,-0.7071067811865475,0.7071067811865476,1,1,1]},"_eulerAngles":{"__type__":"cc.Vec3","z":-90}},{"__type__":"cc.Node","_name":"img154","_parent":{"__id__":61},"_components":[{"__type__":"cc.Sprite","node":{"__id__":67},"_materials":[{"__uuid__":"ecpdLyjvZBwrvm+cedCcQy"}],"_sizeMode":0}],"_contentSize":{"__type__":"cc.Size","width":192,"height":64},"_anchorPoint":{"__type__":"cc.Vec2"},"_trs":{"__type__":"TypedArray","ctor":"Float64Array","array":[976,497,0,0,0,0.7071067811865476,-0.7071067811865475,1,1,1]},"_eulerAngles":{"__type__":"cc.Vec3","z":270}},{"__type__":"cc.Node","_name":"img153","_parent":{"__id__":61},"_components":[{"__type__":"cc.Sprite","node":{"__id__":68},"_materials":[{"__uuid__":"ecpdLyjvZBwrvm+cedCcQy"}],"_sizeMode":0}],"_contentSize":{"__type__":"cc.Size","width":192,"height":64},"_anchorPoint":{"__type__":"cc.Vec2"},"_trs":{"__type__":"TypedArray","ctor":"Float64Array","array":[912,497,0,0,0,-0.7071067811865475,0.7071067811865476,1,1,1]},"_eulerAngles":{"__type__":"cc.Vec3","z":-90}},{"__type__":"cc.Node","_name":"img151","_parent":{"__id__":61},"_components":[{"__type__":"cc.Sprite","node":{"__id__":69},"_materials":[{"__uuid__":"ecpdLyjvZBwrvm+cedCcQy"}],"_sizeMode":0}],"_contentSize":{"__type__":"cc.Size","width":256,"height":96},"_anchorPoint":{"__type__":"cc.Vec2"},"_trs":{"__type__":"TypedArray","ctor":"Float64Array","array":[624,337,0,0,0,0,1,1,1,1]}},{"__type__":"cc.Node","_name":"img150","_parent":{"__id__":61},"_components":[{"__type__":"cc.Sprite","node":{"__id__":70},"_materials":[{"__uuid__":"ecpdLyjvZBwrvm+cedCcQy"}],"_sizeMode":0}],"_contentSize":{"__type__":"cc.Size","width":256,"height":96},"_anchorPoint":{"__type__":"cc.Vec2"},"_trs":{"__type__":"TypedArray","ctor":"Float64Array","array":[784,337,0,0,0,0,1,1,1,1]}},{"__type__":"cc.Node","_name":"img147","_parent":{"__id__":61},"_components":[{"__type__":"cc.Sprite","node":{"__id__":71},"_materials":[{"__uuid__":"ecpdLyjvZBwrvm+cedCcQy"}],"_sizeMode":0}],"_contentSize":{"__type__":"cc.Size","width":256,"height":96},"_anchorPoint":{"__type__":"cc.Vec2"},"_trs":{"__type__":"TypedArray","ctor":"Float64Array","array":[624,273,0,0,0,0,1,1,1,1]}},{"__type__":"cc.Node","_name":"img146","_parent":{"__id__":61},"_components":[{"__type__":"cc.Sprite","node":{"__id__":72},"_materials":[{"__uuid__":"ecpdLyjvZBwrvm+cedCcQy"}],"_sizeMode":0}],"_contentSize":{"__type__":"cc.Size","width":256,"height":96},"_anchorPoint":{"__type__":"cc.Vec2"},"_trs":{"__type__":"TypedArray","ctor":"Float64Array","array":[784,273,0,0,0,0,1,1,1,1]}},{"__type__":"cc.Node","_name":"img141","_parent":{"__id__":61},"_components":[{"__type__":"cc.Sprite","node":{"__id__":73},"_materials":[{"__uuid__":"ecpdLyjvZBwrvm+cedCcQy"}],"_sizeMode":0}],"_contentSize":{"__type__":"cc.Size","width":256,"height":96},"_anchorPoint":{"__type__":"cc.Vec2"},"_trs":{"__type__":"TypedArray","ctor":"Float64Array","array":[720,-239,0,0,0,0,1,1,1,1]}},{"__type__":"cc.Node","_name":"img140","_parent":{"__id__":61},"_components":[{"__type__":"cc.Sprite","node":{"__id__":74},"_materials":[{"__uuid__":"ecpdLyjvZBwrvm+cedCcQy"}],"_sizeMode":0}],"_contentSize":{"__type__":"cc.Size","width":256,"height":96},"_anchorPoint":{"__type__":"cc.Vec2"},"_trs":{"__type__":"TypedArray","ctor":"Float64Array","array":[720,-47,0,0,0,0,1,1,1,1]}},{"__type__":"cc.Node","_name":"img139","_parent":{"__id__":61},"_components":[{"__type__":"cc.Sprite","node":{"__id__":75},"_materials":[{"__uuid__":"ecpdLyjvZBwrvm+cedCcQy"}],"_sizeMode":0}],"_contentSize":{"__type__":"cc.Size","width":256,"height":96},"_anchorPoint":{"__type__":"cc.Vec2"},"_trs":{"__type__":"TypedArray","ctor":"Float64Array","array":[720,-111,0,0,0,0,1,1,1,1]}},{"__type__":"cc.Node","_name":"img138","_parent":{"__id__":61},"_components":[{"__type__":"cc.Sprite","node":{"__id__":76},"_materials":[{"__uuid__":"ecpdLyjvZBwrvm+cedCcQy"}],"_sizeMode":0}],"_contentSize":{"__type__":"cc.Size","width":256,"height":96},"_anchorPoint":{"__type__":"cc.Vec2"},"_trs":{"__type__":"TypedArray","ctor":"Float64Array","array":[784,209,0,0,0,0,1,1,1,1]}},{"__type__":"cc.Node","_name":"img137","_parent":{"__id__":61},"_components":[{"__type__":"cc.Sprite","node":{"__id__":77},"_materials":[{"__uuid__":"ecpdLyjvZBwrvm+cedCcQy"}],"_sizeMode":0}],"_contentSize":{"__type__":"cc.Size","width":256,"height":96},"_anchorPoint":{"__type__":"cc.Vec2"},"_trs":{"__type__":"TypedArray","ctor":"Float64Array","array":[720,-175,0,0,0,0,1,1,1,1]}},{"__type__":"cc.Node","_name":"img136","_parent":{"__id__":61},"_components":[{"__type__":"cc.Sprite","node":{"__id__":78},"_materials":[{"__uuid__":"ecpdLyjvZBwrvm+cedCcQy"}],"_sizeMode":0}],"_contentSize":{"__type__":"cc.Size","width":256,"height":96},"_anchorPoint":{"__type__":"cc.Vec2"},"_trs":{"__type__":"TypedArray","ctor":"Float64Array","array":[720,81,0,0,0,0,1,1,1,1]}},{"__type__":"cc.Node","_name":"img135","_parent":{"__id__":61},"_components":[{"__type__":"cc.Sprite","node":{"__id__":79},"_materials":[{"__uuid__":"ecpdLyjvZBwrvm+cedCcQy"}],"_sizeMode":0}],"_contentSize":{"__type__":"cc.Size","width":256,"height":96},"_anchorPoint":{"__type__":"cc.Vec2"},"_trs":{"__type__":"TypedArray","ctor":"Float64Array","array":[720,-303,0,0,0,0,1,1,1,1]}},{"__type__":"cc.Node","_name":"img134","_parent":{"__id__":61},"_components":[{"__type__":"cc.Sprite","node":{"__id__":80},"_materials":[{"__uuid__":"ecpdLyjvZBwrvm+cedCcQy"}],"_sizeMode":0}],"_contentSize":{"__type__":"cc.Size","width":256,"height":96},"_anchorPoint":{"__type__":"cc.Vec2"},"_trs":{"__type__":"TypedArray","ctor":"Float64Array","array":[720,17,0,0,0,0,1,1,1,1]}},{"__type__":"cc.Node","_name":"img133","_parent":{"__id__":61},"_components":[{"__type__":"cc.Sprite","node":{"__id__":81},"_materials":[{"__uuid__":"ecpdLyjvZBwrvm+cedCcQy"}],"_sizeMode":0}],"_contentSize":{"__type__":"cc.Size","width":256,"height":96},"_anchorPoint":{"__type__":"cc.Vec2"},"_trs":{"__type__":"TypedArray","ctor":"Float64Array","array":[720,145,0,0,0,0,1,1,1,1]}},{"__type__":"cc.Node","_name":"img34","_parent":{"__id__":61},"_components":[{"__type__":"cc.Sprite","node":{"__id__":82},"_materials":[{"__uuid__":"ecpdLyjvZBwrvm+cedCcQy"}],"_sizeMode":0}],"_contentSize":{"__type__":"cc.Size","width":256,"height":96},"_anchorPoint":{"__type__":"cc.Vec2"},"_trs":{"__type__":"TypedArray","ctor":"Float64Array","array":[624,209,0,0,0,0,1,1,1,1]}},{"__type__":"cc.Node","_name":"img33","_parent":{"__id__":61},"_components":[{"__type__":"cc.Sprite","node":{"__id__":83},"_materials":[{"__uuid__":"ecpdLyjvZBwrvm+cedCcQy"}],"_sizeMode":0}],"_contentSize":{"__type__":"cc.Size","width":256,"height":96},"_anchorPoint":{"__type__":"cc.Vec2"},"_trs":{"__type__":"TypedArray","ctor":"Float64Array","array":[688,145,0,0,0,0,1,1,1,1]}},{"__type__":"cc.Node","_name":"img31","_parent":{"__id__":61},"_components":[{"__type__":"cc.Sprite","node":{"__id__":84},"_materials":[{"__uuid__":"ecpdLyjvZBwrvm+cedCcQy"}],"_sizeMode":0}],"_contentSize":{"__type__":"cc.Size","width":256,"height":96},"_anchorPoint":{"__type__":"cc.Vec2"},"_trs":{"__type__":"TypedArray","ctor":"Float64Array","array":[688,17,0,0,0,0,1,1,1,1]}},{"__type__":"cc.Node","_name":"img30","_parent":{"__id__":61},"_components":[{"__type__":"cc.Sprite","node":{"__id__":85},"_materials":[{"__uuid__":"ecpdLyjvZBwrvm+cedCcQy"}],"_sizeMode":0}],"_contentSize":{"__type__":"cc.Size","width":256,"height":96},"_anchorPoint":{"__type__":"cc.Vec2"},"_trs":{"__type__":"TypedArray","ctor":"Float64Array","array":[688,-47,0,0,0,0,1,1,1,1]}},{"__type__":"cc.Node","_name":"img29","_parent":{"__id__":61},"_components":[{"__type__":"cc.Sprite","node":{"__id__":86},"_materials":[{"__uuid__":"ecpdLyjvZBwrvm+cedCcQy"}],"_sizeMode":0}],"_contentSize":{"__type__":"cc.Size","width":256,"height":96},"_anchorPoint":{"__type__":"cc.Vec2"},"_trs":{"__type__":"TypedArray","ctor":"Float64Array","array":[688,81,0,0,0,0,1,1,1,1]}},{"__type__":"cc.Node","_name":"img28","_parent":{"__id__":61},"_components":[{"__type__":"cc.Sprite","node":{"__id__":87},"_materials":[{"__uuid__":"ecpdLyjvZBwrvm+cedCcQy"}],"_sizeMode":0}],"_contentSize":{"__type__":"cc.Size","width":256,"height":96},"_anchorPoint":{"__type__":"cc.Vec2"},"_trs":{"__type__":"TypedArray","ctor":"Float64Array","array":[688,-111,0,0,0,0,1,1,1,1]}},{"__type__":"cc.Node","_name":"img27","_parent":{"__id__":61},"_components":[{"__type__":"cc.Sprite","node":{"__id__":88},"_materials":[{"__uuid__":"ecpdLyjvZBwrvm+cedCcQy"}],"_sizeMode":0}],"_contentSize":{"__type__":"cc.Size","width":256,"height":96},"_anchorPoint":{"__type__":"cc.Vec2"},"_trs":{"__type__":"TypedArray","ctor":"Float64Array","array":[688,-175,0,0,0,0,1,1,1,1]}},{"__type__":"cc.Node","_name":"img26","_parent":{"__id__":61},"_components":[{"__type__":"cc.Sprite","node":{"__id__":89},"_materials":[{"__uuid__":"ecpdLyjvZBwrvm+cedCcQy"}],"_sizeMode":0}],"_contentSize":{"__type__":"cc.Size","width":256,"height":96},"_anchorPoint":{"__type__":"cc.Vec2"},"_trs":{"__type__":"TypedArray","ctor":"Float64Array","array":[688,-239,0,0,0,0,1,1,1,1]}},{"__type__":"cc.Node","_name":"img25","_parent":{"__id__":61},"_components":[{"__type__":"cc.Sprite","node":{"__id__":90},"_materials":[{"__uuid__":"ecpdLyjvZBwrvm+cedCcQy"}],"_sizeMode":0}],"_contentSize":{"__type__":"cc.Size","width":256,"height":96},"_anchorPoint":{"__type__":"cc.Vec2"},"_trs":{"__type__":"TypedArray","ctor":"Float64Array","array":[688,-303,0,0,0,0,1,1,1,1]}},{"__type__":"cc.Node","_name":"castledeco","_parent":{"__id__":4},"_children":[{"__id__":92},{"__id__":93},{"__id__":94}],"_components":[{"__type__":"cc.TiledObjectGroup","node":{"__id__":91}}],"_contentSize":{"__type__":"cc.Size","width":2528,"height":1440},"_trs":{"__type__":"TypedArray","ctor":"Float64Array","array":[0,0,0,0,0,0,1,1,1,1]}},{"__type__":"cc.Node","_name":"img57","_parent":{"__id__":91},"_components":[{"__type__":"cc.Sprite","node":{"__id__":92},"_materials":[{"__uuid__":"ecpdLyjvZBwrvm+cedCcQy"}],"_sizeMode":0}],"_contentSize":{"__type__":"cc.Size","width":160,"height":192},"_anchorPoint":{"__type__":"cc.Vec2"},"_trs":{"__type__":"TypedArray","ctor":"Float64Array","array":[752,-271,0,0,0,0,1,1,1,1]}},{"__type__":"cc.Node","_name":"img55","_parent":{"__id__":91},"_components":[{"__type__":"cc.Sprite","node":{"__id__":93},"_materials":[{"__uuid__":"ecpdLyjvZBwrvm+cedCcQy"}],"_sizeMode":0}],"_contentSize":{"__type__":"cc.Size","width":65,"height":64},"_anchorPoint":{"__type__":"cc.Vec2"},"_trs":{"__type__":"TypedArray","ctor":"Float64Array","array":[799,163,0,0,0,0,1,1,1,1]}},{"__type__":"cc.Node","_name":"img54","_parent":{"__id__":91},"_components":[{"__type__":"cc.Sprite","node":{"__id__":94},"_materials":[{"__uuid__":"ecpdLyjvZBwrvm+cedCcQy"}],"_sizeMode":0}],"_contentSize":{"__type__":"cc.Size","width":65,"height":64},"_anchorPoint":{"__type__":"cc.Vec2"},"_trs":{"__type__":"TypedArray","ctor":"Float64Array","array":[799,22,0,0,0,0,1,1,1,1]}},{"__type__":"cc.Node","_name":"shading","_parent":{"__id__":4},"_children":[{"__id__":96},{"__id__":97},{"__id__":98},{"__id__":99},{"__id__":100},{"__id__":101},{"__id__":102},{"__id__":103},{"__id__":104},{"__id__":105},{"__id__":106},{"__id__":107},{"__id__":108},{"__id__":109},{"__id__":110},{"__id__":111},{"__id__":112}],"_components":[{"__type__":"cc.TiledObjectGroup","node":{"__id__":95}}],"_contentSize":{"__type__":"cc.Size","width":2528,"height":1440},"_trs":{"__type__":"TypedArray","ctor":"Float64Array","array":[0,0,0,0,0,0,1,1,1,1]}},{"__type__":"cc.Node","_name":"img199","_parent":{"__id__":95},"_components":[{"__type__":"cc.Sprite","node":{"__id__":96},"_materials":[{"__uuid__":"ecpdLyjvZBwrvm+cedCcQy"}],"_sizeMode":0}],"_opacity":91,"_contentSize":{"__type__":"cc.Size","width":32,"height":448},"_anchorPoint":{"__type__":"cc.Vec2"},"_trs":{"__type__":"TypedArray","ctor":"Float64Array","array":[-1264,-720,0,0,0,0,1,1,1,1]}},{"__type__":"cc.Node","_name":"img198","_parent":{"__id__":95},"_components":[{"__type__":"cc.Sprite","node":{"__id__":97},"_materials":[{"__uuid__":"ecpdLyjvZBwrvm+cedCcQy"}],"_sizeMode":0}],"_opacity":91,"_contentSize":{"__type__":"cc.Size","width":32,"height":448},"_anchorPoint":{"__type__":"cc.Vec2"},"_trs":{"__type__":"TypedArray","ctor":"Float64Array","array":[1232,-720,0,0,0,0,1,1,1,1]}},{"__type__":"cc.Node","_name":"img181","_parent":{"__id__":95},"_components":[{"__type__":"cc.Sprite","node":{"__id__":98},"_materials":[{"__uuid__":"ecpdLyjvZBwrvm+cedCcQy"}],"_sizeMode":0}],"_opacity":91,"_contentSize":{"__type__":"cc.Size","width":32,"height":128},"_anchorPoint":{"__type__":"cc.Vec2"},"_trs":{"__type__":"TypedArray","ctor":"Float64Array","array":[-272,-271,0,0,0,0,1,1,1,1]}},{"__type__":"cc.Node","_name":"img179","_parent":{"__id__":95},"_components":[{"__type__":"cc.Sprite","node":{"__id__":99},"_materials":[{"__uuid__":"ecpdLyjvZBwrvm+cedCcQy"}],"_sizeMode":0}],"_opacity":91,"_contentSize":{"__type__":"cc.Size","width":32,"height":160},"_anchorPoint":{"__type__":"cc.Vec2"},"_trs":{"__type__":"TypedArray","ctor":"Float64Array","array":[-528,-15,0,0,0,0,1,1,1,1]}},{"__type__":"cc.Node","_name":"img178","_parent":{"__id__":95},"_components":[{"__type__":"cc.Sprite","node":{"__id__":100},"_materials":[{"__uuid__":"ecpdLyjvZBwrvm+cedCcQy"}],"_sizeMode":0}],"_opacity":91,"_contentSize":{"__type__":"cc.Size","width":32,"height":160},"_anchorPoint":{"__type__":"cc.Vec2"},"_trs":{"__type__":"TypedArray","ctor":"Float64Array","array":[-752,-15,0,0,0,0,1,1,1,1]}},{"__type__":"cc.Node","_name":"img171","_parent":{"__id__":95},"_components":[{"__type__":"cc.Sprite","node":{"__id__":101},"_materials":[{"__uuid__":"ecpdLyjvZBwrvm+cedCcQy"}],"_sizeMode":0}],"_opacity":91,"_contentSize":{"__type__":"cc.Size","width":32,"height":192},"_anchorPoint":{"__type__":"cc.Vec2"},"_trs":{"__type__":"TypedArray","ctor":"Float64Array","array":[176,-271,0,0,0,0,1,1,1,1]}},{"__type__":"cc.Node","_name":"img152","_parent":{"__id__":95},"_components":[{"__type__":"cc.Sprite","node":{"__id__":102},"_materials":[{"__uuid__":"ecpdLyjvZBwrvm+cedCcQy"}],"_sizeMode":0}],"_opacity":91,"_contentSize":{"__type__":"cc.Size","width":32,"height":64},"_anchorPoint":{"__type__":"cc.Vec2"},"_trs":{"__type__":"TypedArray","ctor":"Float64Array","array":[624,369,0,0,0,0,1,1,1,1]}},{"__type__":"cc.Node","_name":"img149","_parent":{"__id__":95},"_components":[{"__type__":"cc.Sprite","node":{"__id__":103},"_materials":[{"__uuid__":"ecpdLyjvZBwrvm+cedCcQy"}],"_sizeMode":0}],"_opacity":91,"_contentSize":{"__type__":"cc.Size","width":32,"height":128},"_anchorPoint":{"__type__":"cc.Vec2"},"_trs":{"__type__":"TypedArray","ctor":"Float64Array","array":[1008,369,0,0,0,0,1,1,1,1]}},{"__type__":"cc.Node","_name":"img148","_parent":{"__id__":95},"_components":[{"__type__":"cc.Sprite","node":{"__id__":104},"_materials":[{"__uuid__":"ecpdLyjvZBwrvm+cedCcQy"}],"_sizeMode":0}],"_opacity":91,"_contentSize":{"__type__":"cc.Size","width":32,"height":188},"_anchorPoint":{"__type__":"cc.Vec2"},"_trs":{"__type__":"TypedArray","ctor":"Float64Array","array":[624,305,0,0,0,0,1,1,1,1]}},{"__type__":"cc.Node","_name":"img145","_parent":{"__id__":95},"_components":[{"__type__":"cc.Sprite","node":{"__id__":105},"_materials":[{"__uuid__":"ecpdLyjvZBwrvm+cedCcQy"}],"_sizeMode":0}],"_opacity":91,"_contentSize":{"__type__":"cc.Size","width":32,"height":64},"_anchorPoint":{"__type__":"cc.Vec2"},"_trs":{"__type__":"TypedArray","ctor":"Float64Array","array":[1008,305,0,0,0,0,1,1,1,1]}},{"__type__":"cc.Node","_name":"img144","_parent":{"__id__":95},"_components":[{"__type__":"cc.Sprite","node":{"__id__":106},"_materials":[{"__uuid__":"ecpdLyjvZBwrvm+cedCcQy"}],"_sizeMode":0}],"_opacity":91,"_contentSize":{"__type__":"cc.Size","width":254,"height":11},"_anchorPoint":{"__type__":"cc.Vec2"},"_trs":{"__type__":"TypedArray","ctor":"Float64Array","array":[720,230,0,0,0,0,1,1,1,1]}},{"__type__":"cc.Node","_name":"img143","_parent":{"__id__":95},"_components":[{"__type__":"cc.Sprite","node":{"__id__":107},"_materials":[{"__uuid__":"ecpdLyjvZBwrvm+cedCcQy"}],"_sizeMode":0}],"_opacity":91,"_contentSize":{"__type__":"cc.Size","width":32,"height":64},"_anchorPoint":{"__type__":"cc.Vec2"},"_trs":{"__type__":"TypedArray","ctor":"Float64Array","array":[1008,241,0,0,0,0,1,1,1,1]}},{"__type__":"cc.Node","_name":"img142","_parent":{"__id__":95},"_components":[{"__type__":"cc.Sprite","node":{"__id__":108},"_materials":[{"__uuid__":"ecpdLyjvZBwrvm+cedCcQy"}],"_sizeMode":0}],"_opacity":91,"_contentSize":{"__type__":"cc.Size","width":32,"height":64},"_anchorPoint":{"__type__":"cc.Vec2"},"_trs":{"__type__":"TypedArray","ctor":"Float64Array","array":[624,241,0,0,0,0,1,1,1,1]}},{"__type__":"cc.Node","_name":"img112","_parent":{"__id__":95},"_components":[{"__type__":"cc.Sprite","node":{"__id__":109},"_materials":[{"__uuid__":"ecpdLyjvZBwrvm+cedCcQy"}],"_sizeMode":0}],"_opacity":91,"_contentSize":{"__type__":"cc.Size","width":32,"height":512},"_anchorPoint":{"__type__":"cc.Vec2"},"_trs":{"__type__":"TypedArray","ctor":"Float64Array","array":[944,-271,0,0,0,0,1,1,1,1]}},{"__type__":"cc.Node","_name":"img89","_parent":{"__id__":95},"_components":[{"__type__":"cc.Sprite","node":{"__id__":110},"_materials":[{"__uuid__":"ecpdLyjvZBwrvm+cedCcQy"}],"_sizeMode":0}],"_opacity":91,"_contentSize":{"__type__":"cc.Size","width":32,"height":256},"_anchorPoint":{"__type__":"cc.Vec2"},"_trs":{"__type__":"TypedArray","ctor":"Float64Array","array":[-336,-271,0,0,0,0,1,1,1,1]}},{"__type__":"cc.Node","_name":"img80","_parent":{"__id__":95},"_components":[{"__type__":"cc.Sprite","node":{"__id__":111},"_materials":[{"__uuid__":"ecpdLyjvZBwrvm+cedCcQy"}],"_sizeMode":0}],"_opacity":91,"_contentSize":{"__type__":"cc.Size","width":32,"height":256},"_anchorPoint":{"__type__":"cc.Vec2"},"_trs":{"__type__":"TypedArray","ctor":"Float64Array","array":[-816,-271,0,0,0,0,1,1,1,1]}},{"__type__":"cc.Node","_name":"img78","_parent":{"__id__":95},"_components":[{"__type__":"cc.Sprite","node":{"__id__":112},"_materials":[{"__uuid__":"ecpdLyjvZBwrvm+cedCcQy"}],"_sizeMode":0}],"_opacity":91,"_contentSize":{"__type__":"cc.Size","width":32,"height":512},"_anchorPoint":{"__type__":"cc.Vec2"},"_trs":{"__type__":"TypedArray","ctor":"Float64Array","array":[688,-271,0,0,0,0,1,1,1,1]}},{"__type__":"cc.Node","_name":"game","_parent":{"__id__":4},"_children":[{"__id__":114},{"__id__":115},{"__id__":116},{"__id__":117},{"__id__":118},{"__id__":119},{"__id__":120},{"__id__":121},{"__id__":122}],"_components":[{"__type__":"cc.TiledObjectGroup","node":{"__id__":113}}],"_contentSize":{"__type__":"cc.Size","width":2528,"height":1440},"_trs":{"__type__":"TypedArray","ctor":"Float64Array","array":[0,0,0,0,0,0,1,1,1,1]}},{"__type__":"cc.Node","_name":"img202","_parent":{"__id__":113},"_components":[{"__type__":"cc.Sprite","node":{"__id__":114},"_materials":[{"__uuid__":"ecpdLyjvZBwrvm+cedCcQy"}],"_sizeMode":0}],"_contentSize":{"__type__":"cc.Size","width":64,"height":64},"_anchorPoint":{"__type__":"cc.Vec2"},"_trs":{"__type__":"TypedArray","ctor":"Float64Array","array":[433.45000000000005,-22.317999999999984,0,0,0,0,1,1,1,1]}},{"__type__":"cc.Node","_name":"img201","_parent":{"__id__":113},"_components":[{"__type__":"cc.Sprite","node":{"__id__":115},"_materials":[{"__uuid__":"ecpdLyjvZBwrvm+cedCcQy"}],"_sizeMode":0}],"_contentSize":{"__type__":"cc.Size","width":64,"height":64},"_anchorPoint":{"__type__":"cc.Vec2"},"_trs":{"__type__":"TypedArray","ctor":"Float64Array","array":[562.45,-112.31799999999998,0,0,0,0,1,1,1,1]}},{"__type__":"cc.Node","_name":"img200","_parent":{"__id__":113},"_components":[{"__type__":"cc.Sprite","node":{"__id__":116},"_materials":[{"__uuid__":"ecpdLyjvZBwrvm+cedCcQy"}],"_sizeMode":0}],"_contentSize":{"__type__":"cc.Size","width":64,"height":64},"_anchorPoint":{"__type__":"cc.Vec2"},"_trs":{"__type__":"TypedArray","ctor":"Float64Array","array":[319.45000000000005,-109.31799999999998,0,0,0,0,1,1,1,1]}},{"__type__":"cc.Node","_name":"img192","_parent":{"__id__":113},"_components":[{"__type__":"cc.Sprite","node":{"__id__":117},"_materials":[{"__uuid__":"ecpdLyjvZBwrvm+cedCcQy"}],"_sizeMode":0}],"_contentSize":{"__type__":"cc.Size","width":64,"height":64},"_anchorPoint":{"__type__":"cc.Vec2"},"_trs":{"__type__":"TypedArray","ctor":"Float64Array","array":[-783,-230.5,0,0,0,0,1,1,1,1]}},{"__type__":"cc.Node","_name":"img191","_parent":{"__id__":113},"_components":[{"__type__":"cc.Sprite","node":{"__id__":118},"_materials":[{"__uuid__":"ecpdLyjvZBwrvm+cedCcQy"}],"_sizeMode":0}],"_contentSize":{"__type__":"cc.Size","width":64,"height":64},"_anchorPoint":{"__type__":"cc.Vec2"},"_trs":{"__type__":"TypedArray","ctor":"Float64Array","array":[-912,-140.5,0,0,0,0,1,1,1,1]}},{"__type__":"cc.Node","_name":"img190","_parent":{"__id__":113},"_components":[{"__type__":"cc.Sprite","node":{"__id__":119},"_materials":[{"__uuid__":"ecpdLyjvZBwrvm+cedCcQy"}],"_sizeMode":0}],"_contentSize":{"__type__":"cc.Size","width":64,"height":64},"_anchorPoint":{"__type__":"cc.Vec2"},"_trs":{"__type__":"TypedArray","ctor":"Float64Array","array":[-1026,-227.5,0,0,0,0,1,1,1,1]}},{"__type__":"cc.Node","_name":"img182","_parent":{"__id__":113},"_components":[{"__type__":"cc.Sprite","node":{"__id__":120},"_materials":[{"__uuid__":"ecpdLyjvZBwrvm+cedCcQy"}],"_sizeMode":0}],"_contentSize":{"__type__":"cc.Size","width":96,"height":96},"_anchorPoint":{"__type__":"cc.Vec2"},"_trs":{"__type__":"TypedArray","ctor":"Float64Array","array":[80,-79,0,0,0,0,1,1,1,1]}},{"__type__":"cc.Node","_name":"img111","_parent":{"__id__":113},"_components":[{"__type__":"cc.Sprite","node":{"__id__":121},"_materials":[{"__uuid__":"ecpdLyjvZBwrvm+cedCcQy"}],"_sizeMode":0}],"_contentSize":{"__type__":"cc.Size","width":96,"height":96},"_anchorPoint":{"__type__":"cc.Vec2"},"_trs":{"__type__":"TypedArray","ctor":"Float64Array","array":[-670,149,0,0,0,0,1,1,1,1]}},{"__type__":"cc.Node","_name":"img58","_parent":{"__id__":113},"_components":[{"__type__":"cc.Sprite","node":{"__id__":122},"_materials":[{"__uuid__":"ecpdLyjvZBwrvm+cedCcQy"}],"_sizeMode":0}],"_contentSize":{"__type__":"cc.Size","width":128,"height":160},"_anchorPoint":{"__type__":"cc.Vec2"},"_trs":{"__type__":"TypedArray","ctor":"Float64Array","array":[-1219,-259.5,0,0,0,0,1,1,1,1]}},{"__type__":"cc.Node","_name":"above","_parent":{"__id__":4},"_children":[{"__id__":124}],"_components":[{"__type__":"cc.TiledObjectGroup","node":{"__id__":123}}],"_contentSize":{"__type__":"cc.Size","width":2528,"height":1440},"_trs":{"__type__":"TypedArray","ctor":"Float64Array","array":[0,0,0,0,0,0,1,1,1,1]}},{"__type__":"cc.Node","_name":"img118","_parent":{"__id__":123},"_components":[{"__type__":"cc.Sprite","node":{"__id__":124},"_materials":[{"__uuid__":"ecpdLyjvZBwrvm+cedCcQy"}],"_sizeMode":0}],"_contentSize":{"__type__":"cc.Size","width":224,"height":32},"_anchorPoint":{"__type__":"cc.Vec2"},"_trs":{"__type__":"TypedArray","ctor":"Float64Array","array":[-783,-277,0,0,0,0,1,1,1,1]}},{"__type__":"cc.Node","_name":"bounds","_parent":{"__id__":4},"_active":false,"_components":[{"__type__":"cc.TiledObjectGroup","node":{"__id__":125}}],"_contentSize":{"__type__":"cc.Size","width":2528,"height":1440},"_trs":{"__type__":"TypedArray","ctor":"Float64Array","array":[0,0,0,0,0,0,1,1,1,1]}},{"__type__":"cc.Node","_name":"New Sprite","_parent":{"__id__":4},"_components":[{"__type__":"cc.Sprite","node":{"__id__":126},"_materials":[{"__uuid__":"ecpdLyjvZBwrvm+cedCcQy"}],"_spriteFrame":{"__uuid__":"80IX5+xD5FzrOQeApdvMaI"}},{"__type__":"cc.BoxCollider","node":{"__id__":126},"_size":{"__type__":"cc.Size","width":106,"height":160}},{"__type__":"9277fnpG9BFd6uvLH0LCrFA","node":{"__id__":126}}],"_contentSize":{"__type__":"cc.Size","width":106,"height":160},"_trs":{"__type__":"TypedArray","ctor":"Float64Array","array":[-1058.3,-164.41579,0,0,0,0,1,1.3,1.3,1]},"_groupIndex":6,"groupIndex":6},{"__type__":"cc.Node","_name":"to-right","_parent":{"__id__":2},"_components":[{"__type__":"cc.Sprite","node":{"__id__":127},"_materials":[{"__uuid__":"ecpdLyjvZBwrvm+cedCcQy"}],"_spriteFrame":{"__uuid__":"a2MjXRFdtLlYQ5ouAFv/+R"},"_sizeMode":0},{"__type__":"cc.BoxCollider","node":{"__id__":127},"_size":{"__type__":"cc.Size","width":10,"height":10}}],"_opacity":0,"_contentSize":{"__type__":"cc.Size","width":10,"height":10},"_trs":{"__type__":"TypedArray","ctor":"Float64Array","array":[-445.462,-97.755,0,0,0,0,1,1,1,1]},"_groupIndex":3,"groupIndex":3},{"__type__":"cc.Node","_name":"to-index-1","_parent":{"__id__":2},"_components":[{"__type__":"cc.Sprite","node":{"__id__":128},"_materials":[{"__uuid__":"ecpdLyjvZBwrvm+cedCcQy"}],"_spriteFrame":{"__uuid__":"a2MjXRFdtLlYQ5ouAFv/+R"},"_sizeMode":0},{"__type__":"cc.BoxCollider","node":{"__id__":128},"_size":{"__type__":"cc.Size","width":10,"height":10}}],"_opacity":0,"_contentSize":{"__type__":"cc.Size","width":10,"height":10},"_trs":{"__type__":"TypedArray","ctor":"Float64Array","array":[-122.4,-96.146,0,0,0,0,1,1,1,1]},"_groupIndex":3,"groupIndex":3},{"__type__":"cc.Node","_name":"to-index-1","_parent":{"__id__":2},"_components":[{"__type__":"cc.Sprite","node":{"__id__":129},"_materials":[{"__uuid__":"ecpdLyjvZBwrvm+cedCcQy"}],"_spriteFrame":{"__uuid__":"a2MjXRFdtLlYQ5ouAFv/+R"},"_sizeMode":0},{"__type__":"cc.BoxCollider","node":{"__id__":129},"_size":{"__type__":"cc.Size","width":10,"height":10}}],"_opacity":0,"_contentSize":{"__type__":"cc.Size","width":10,"height":10},"_trs":{"__type__":"TypedArray","ctor":"Float64Array","array":[-331.622,-96.517,0,0,0,0,1,1,1,1]},"_groupIndex":3,"groupIndex":3},{"__type__":"cc.Node","_name":"to-index-1","_parent":{"__id__":2},"_components":[{"__type__":"cc.Sprite","node":{"__id__":130},"_materials":[{"__uuid__":"ecpdLyjvZBwrvm+cedCcQy"}],"_spriteFrame":{"__uuid__":"a2MjXRFdtLlYQ5ouAFv/+R"},"_sizeMode":0},{"__type__":"cc.BoxCollider","node":{"__id__":130},"_size":{"__type__":"cc.Size","width":10,"height":10}}],"_opacity":0,"_contentSize":{"__type__":"cc.Size","width":10,"height":10},"_trs":{"__type__":"TypedArray","ctor":"Float64Array","array":[247.72,-96.517,0,0,0,0,1,1,1,1]},"_groupIndex":3,"groupIndex":3},{"__type__":"cc.Node","_name":"to-left","_parent":{"__id__":2},"_components":[{"__type__":"cc.Sprite","node":{"__id__":131},"_materials":[{"__uuid__":"ecpdLyjvZBwrvm+cedCcQy"}],"_spriteFrame":{"__uuid__":"a2MjXRFdtLlYQ5ouAFv/+R"},"_sizeMode":0},{"__type__":"cc.BoxCollider","node":{"__id__":131},"_size":{"__type__":"cc.Size","width":10,"height":10}}],"_opacity":0,"_contentSize":{"__type__":"cc.Size","width":10,"height":10},"_trs":{"__type__":"TypedArray","ctor":"Float64Array","array":[441.739,-94.802,0,0,0,0,1,1,1,1]},"_groupIndex":3,"groupIndex":3},{"__type__":"cc.Node","_name":"to-index-4","_parent":{"__id__":2},"_components":[{"__type__":"cc.Sprite","node":{"__id__":132},"_materials":[{"__uuid__":"ecpdLyjvZBwrvm+cedCcQy"}],"_spriteFrame":{"__uuid__":"a2MjXRFdtLlYQ5ouAFv/+R"},"_sizeMode":0},{"__type__":"cc.BoxCollider","node":{"__id__":132},"_size":{"__type__":"cc.Size","width":10,"height":10}}],"_opacity":0,"_contentSize":{"__type__":"cc.Size","width":10,"height":10},"_trs":{"__type__":"TypedArray","ctor":"Float64Array","array":[-90.2,-96.517,0,0,0,0,1,1,1,1]},"_groupIndex":3,"groupIndex":3},{"__type__":"cc.Node","_name":"to-index-4","_parent":{"__id__":2},"_components":[{"__type__":"cc.Sprite","node":{"__id__":133},"_materials":[{"__uuid__":"ecpdLyjvZBwrvm+cedCcQy"}],"_spriteFrame":{"__uuid__":"a2MjXRFdtLlYQ5ouAFv/+R"},"_sizeMode":0},{"__type__":"cc.BoxCollider","node":{"__id__":133},"_size":{"__type__":"cc.Size","width":10,"height":10}}],"_opacity":0,"_contentSize":{"__type__":"cc.Size","width":10,"height":10},"_trs":{"__type__":"TypedArray","ctor":"Float64Array","array":[191.4,-96.517,0,0,0,0,1,1,1,1]},"_groupIndex":3,"groupIndex":3}]]