[{"__type__":"cc.SpriteFrame","content":{"name":"star","texture":"b1HE18sVtOtog7FpfBOI4h","rect":[0,12,169,185],"offset":[0,-4],"originalSize":[169,201],"capInsets":[0,0,0,0]}},[{"__type__":"cc.SceneAsset","_name":"BottomLeftAnchor","scene":{"__id__":1},"asyncLoadAssets":null},{"__type__":"cc.Scene","_name":"New Node","_children":[{"__id__":2}],"_anchorPoint":{"__type__":"cc.Vec2"},"_trs":{"__type__":"TypedArray","ctor":"Float64Array","array":[0,0,0,0,0,0,1,0.5697916666666667,0.5697916666666667,1]},"autoReleaseAssets":true},{"__type__":"cc.Node","_name":"Canvas","_parent":{"__id__":1},"_children":[{"__id__":3},{"__id__":4},{"__id__":5}],"_components":[{"__type__":"cc.Canvas","node":{"__id__":2}},{"__type__":"cc.Widget","node":{"__id__":2},"_alignFlags":45}],"_contentSize":{"__type__":"cc.Size","width":960,"height":640},"_trs":{"__type__":"TypedArray","ctor":"Float64Array","array":[480,320,0,0,0,0,1,1,1,1]},"_id":"be7e8bbFF9ELrOGnbUNJTAE"},{"__type__":"cc.Node","_name":"Main Camera","_parent":{"__id__":2},"_components":[{"__type__":"cc.Camera","node":{"__id__":3},"_clearFlags":7,"_depth":-1}],"_trs":{"__type__":"TypedArray","ctor":"Float64Array","array":[0,0,320.4294128417969,0,0,0,1,1,1,1]}},{"__type__":"cc.Node","_parent":{"__id__":2},"_id":"63eb2pSPvhB0InU67mnnSFb","_prefab":{"__type__":"cc.PrefabInfo","root":{"__id__":4},"asset":{"__uuid__":"b8OSNRvpdPAZhePn0hGPPJ"},"fileId":"78fd70+ls5GgJcFkzvLSRk8","sync":true},"_name":"Background","_trs":{"__type__":"TypedArray","ctor":"Float64Array","array":[0,0,0,0,0,0,1,1,1,1]}},{"__type__":"cc.Node","_name":"Bottom Left Anchor","_parent":{"__id__":2},"_children":[{"__id__":6},{"__id__":8},{"__id__":10}],"_contentSize":{"__type__":"cc.Size","width":960,"height":640},"_anchorPoint":{"__type__":"cc.Vec2"},"_trs":{"__type__":"TypedArray","ctor":"Float64Array","array":[-480,-320,0,0,0,0,1,1,1,1]}},{"__type__":"cc.Node","_name":"Bottom Left","_parent":{"__id__":5},"_children":[{"__id__":7}],"_components":[{"__type__":"cc.Sprite","node":{"__id__":6},"_materials":[{"__uuid__":"ecpdLyjvZBwrvm+cedCcQy"}],"_spriteFrame":{"__uuid__":"28J1mVxrtNt4x6jPwYU6v+"}}],"_contentSize":{"__type__":"cc.Size","width":169,"height":185},"_trs":{"__type__":"TypedArray","ctor":"Float64Array","array":[0,0,0,0,0,0,1,1,1,1]}},{"__type__":"cc.Node","_name":"Tip","_parent":{"__id__":6},"_components":[{"__type__":"e4f88adp3hERoJ48DZ2PSAl","node":{"__id__":7},"_materials":[{"__uuid__":"ecpdLyjvZBwrvm+cedCcQy"}],"_useOriginalSize":false,"_string":"x:0, y:0","_N$string":"x:0, y:0","_enableWrapText":false,"_N$horizontalAlign":1,"_N$verticalAlign":1,"_N$textKey":"cases/02_ui/07_change_canvas_anchor/BottomLeftAnchor.fire.8"}],"_contentSize":{"__type__":"cc.Size","width":128.95,"height":50.4},"_trs":{"__type__":"TypedArray","ctor":"Float64Array","array":[132.6999969482422,61.70000076293945,0,0,0,0,1,1,1,1]}},{"__type__":"cc.Node","_name":"Middle Center","_parent":{"__id__":5},"_children":[{"__id__":9}],"_components":[{"__type__":"cc.Sprite","node":{"__id__":8},"_materials":[{"__uuid__":"ecpdLyjvZBwrvm+cedCcQy"}],"_spriteFrame":{"__uuid__":"28J1mVxrtNt4x6jPwYU6v+"}}],"_contentSize":{"__type__":"cc.Size","width":169,"height":185},"_trs":{"__type__":"TypedArray","ctor":"Float64Array","array":[480,320,0,0,0,0,1,1,1,1]}},{"__type__":"cc.Node","_name":"Tip","_parent":{"__id__":8},"_components":[{"__type__":"e4f88adp3hERoJ48DZ2PSAl","node":{"__id__":9},"_materials":[{"__uuid__":"ecpdLyjvZBwrvm+cedCcQy"}],"_useOriginalSize":false,"_string":"x:480, y:320","_N$string":"x:480, y:320","_enableWrapText":false,"_N$horizontalAlign":1,"_N$verticalAlign":1,"_N$textKey":"cases/02_ui/07_change_canvas_anchor/BottomLeftAnchor.fire.12"}],"_contentSize":{"__type__":"cc.Size","width":217.93,"height":50.4},"_trs":{"__type__":"TypedArray","ctor":"Float64Array","array":[132.6999969482422,61.70000076293945,0,0,0,0,1,1,1,1]}},{"__type__":"cc.Node","_name":"Top Right","_parent":{"__id__":5},"_children":[{"__id__":11}],"_components":[{"__type__":"cc.Sprite","node":{"__id__":10},"_materials":[{"__uuid__":"ecpdLyjvZBwrvm+cedCcQy"}],"_spriteFrame":{"__uuid__":"28J1mVxrtNt4x6jPwYU6v+"}}],"_contentSize":{"__type__":"cc.Size","width":169,"height":185},"_trs":{"__type__":"TypedArray","ctor":"Float64Array","array":[960,640,0,0,0,0,1,1,1,1]}},{"__type__":"cc.Node","_name":"Tip","_parent":{"__id__":10},"_components":[{"__type__":"e4f88adp3hERoJ48DZ2PSAl","node":{"__id__":11},"_materials":[{"__uuid__":"ecpdLyjvZBwrvm+cedCcQy"}],"_useOriginalSize":false,"_string":"x:960, y:640","_N$string":"x:960, y:640","_enableWrapText":false,"_N$horizontalAlign":1,"_N$verticalAlign":1,"_N$textKey":"cases/02_ui/07_change_canvas_anchor/BottomLeftAnchor.fire.16"}],"_contentSize":{"__type__":"cc.Size","width":217.93,"height":50.4},"_trs":{"__type__":"TypedArray","ctor":"Float64Array","array":[-132.6999969482422,-61.70000076293945,0,0,0,0,1,1,1,1]}}]]