{"__type__":"dragonBones.DragonBonesAtlasAsset","_name":"skin_1502b_tex","_atlasJson":"{\"width\":512,\"SubTexture\":[{\"width\":63,\"y\":240,\"height\":42,\"name\":\"mecha_1002_folder/upperarm_l_2\",\"x\":121},{\"width\":29,\"y\":88,\"height\":83,\"name\":\"mecha_1004d_folder/foot_l_0\",\"x\":360},{\"width\":50,\"y\":348,\"height\":32,\"name\":\"mecha_1502b_folder/thigh_1_l_0\",\"x\":101},{\"width\":92,\"y\":187,\"height\":51,\"name\":\"mecha_1003_folder/calf_l_0\",\"x\":121},{\"frameY\":0,\"y\":449,\"frameWidth\":103,\"frameX\":-1,\"frameHeight\":57,\"width\":102,\"height\":56,\"name\":\"mecha_1003d_folder/thigh_l_0\",\"x\":308},{\"width\":41,\"y\":245,\"height\":65,\"name\":\"mecha_1502b_folder/pelvis\",\"x\":341},{\"width\":118,\"y\":187,\"height\":101,\"name\":\"mecha_1004_folder/chest_1\",\"x\":1},{\"width\":30,\"y\":1,\"height\":85,\"name\":\"mecha_1004d_folder/foot_r_1\",\"x\":360},{\"width\":55,\"y\":478,\"height\":32,\"name\":\"mecha_1502b_folder/thigh_1_r_1\",\"x\":1},{\"frameY\":-1,\"y\":346,\"frameWidth\":95,\"frameX\":0,\"frameHeight\":52,\"width\":95,\"height\":51,\"name\":\"mecha_1003_folder/calf_r_0\",\"x\":208},{\"width\":105,\"y\":449,\"height\":58,\"name\":\"mecha_1003d_folder/thigh_r_0\",\"x\":98},{\"width\":67,\"y\":399,\"height\":38,\"name\":\"mecha_1002_folder/upperarm_r_2\",\"x\":208},{\"width\":32,\"y\":348,\"height\":98,\"name\":\"mecha_1003_folder/foot_l_0\",\"x\":390},{\"frameY\":0,\"y\":384,\"frameWidth\":116,\"frameX\":-3,\"frameHeight\":63,\"width\":108,\"height\":63,\"name\":\"mecha_1008d_folder/thigh_l_0\",\"x\":98},{\"width\":34,\"y\":245,\"height\":101,\"name\":\"mecha_1003_folder/foot_r_0\",\"x\":305},{\"frameY\":0,\"y\":290,\"frameWidth\":96,\"frameX\":-3,\"frameHeight\":54,\"width\":92,\"height\":54,\"name\":\"mecha_1008d_folder/thigh_r_0\",\"x\":203},{\"width\":69,\"y\":187,\"height\":56,\"name\":\"mecha_1004d_folder/shouder_l_2\",\"x\":289},{\"width\":40,\"y\":348,\"height\":80,\"name\":\"mecha_1007d_folder/foot_l_1\",\"x\":348},{\"frameY\":0,\"y\":384,\"frameWidth\":96,\"frameX\":0,\"frameHeight\":92,\"width\":95,\"height\":92,\"name\":\"mecha_1003d_folder/calf_l_0\",\"x\":1},{\"width\":100,\"y\":290,\"height\":56,\"name\":\"mecha_1007d_folder/thigh_l_0\",\"x\":101},{\"width\":163,\"y\":1,\"height\":184,\"name\":\"mecha_1004d_folder/chest_1\",\"x\":1},{\"width\":41,\"y\":348,\"height\":81,\"name\":\"mecha_1007d_folder/foot_r_0\",\"x\":305},{\"width\":98,\"y\":290,\"height\":92,\"name\":\"mecha_1003d_folder/calf_r_0\",\"x\":1},{\"width\":101,\"y\":449,\"height\":58,\"name\":\"mecha_1007d_folder/thigh_r_0\",\"x\":205},{\"width\":72,\"y\":187,\"height\":59,\"name\":\"mecha_1004d_folder/shouder_r_2\",\"x\":215}],\"height\":512,\"name\":\"skin_1502b\",\"imagePath\":\"skin_1502b_tex.png\"}","_texture":{"__uuid__":"7fsm8oOq5EA6QP5oA0lseu"},"texture":{"__uuid__":"7fsm8oOq5EA6QP5oA0lseu"}}