{"__type__":"dragonBones.DragonBonesAsset","_name":"weapon_1000_ske","_dragonBonesJson":"{\"frameRate\":24,\"name\":\"weapon_1000\",\"version\":\"5.5\",\"compatibleVersion\":\"5.5\",\"armature\":[{\"type\":\"Armature\",\"frameRate\":24,\"name\":\"weapon_1005\",\"aabb\":{\"x\":-67,\"y\":-21,\"width\":150.05,\"height\":40},\"bone\":[{\"name\":\"root\"},{\"inheritScale\":false,\"name\":\"fire\",\"parent\":\"root\",\"transform\":{\"x\":81,\"y\":-11}}],\"slot\":[{\"name\":\"back\",\"parent\":\"root\"},{\"name\":\"front\",\"parent\":\"root\"}],\"skin\":[{\"name\":\"\",\"slot\":[{\"name\":\"back\",\"display\":[{\"name\":\"weapon_1005_folder/weapon_r_0\",\"transform\":{\"x\":-29.5,\"y\":-1}}]},{\"name\":\"front\",\"display\":[{\"name\":\"weapon_1005_folder/a_folder/boss_zhl.0001\",\"transform\":{\"x\":42.55,\"y\":-1.9,\"skX\":-2,\"skY\":-2}},{\"name\":\"weapon_1005_folder/a_folder/boss_zhl.0002\",\"transform\":{\"x\":42.55,\"y\":-1.9,\"skX\":-2,\"skY\":-2}},{\"name\":\"weapon_1005_folder/a_folder/boss_zhl.0003\",\"transform\":{\"x\":42.55,\"y\":-1.9,\"skX\":-2,\"skY\":-2}},{\"name\":\"weapon_1005_folder/a_folder/boss_zhl.0004\",\"transform\":{\"x\":42.55,\"y\":-1.9,\"skX\":-2,\"skY\":-2}},{\"name\":\"weapon_1005_folder/a_folder/boss_zhl.0005\",\"transform\":{\"x\":42.55,\"y\":-1.9,\"skX\":-2,\"skY\":-2}}]}]}],\"animation\":[{\"playTimes\":0,\"name\":\"idle\"},{\"duration\":5,\"playTimes\":0,\"name\":\"prepare_01\",\"slot\":[{\"name\":\"front\",\"frame\":[{},{\"displayIndex\":1},{\"displayIndex\":2},{\"displayIndex\":3},{\"displayIndex\":4},{\"duration\":0}],\"displayFrame\":[{},{\"value\":1},{\"value\":2},{\"value\":3},{\"value\":4},{\"duration\":0}]}]},{\"duration\":2,\"name\":\"fire_01\",\"frame\":[{\"duration\":0,\"events\":[{\"name\":\"fire\",\"bone\":\"fire\"}]}],\"slot\":[{\"name\":\"front\",\"frame\":[{},{\"displayIndex\":2},{\"duration\":0,\"displayIndex\":4}],\"displayFrame\":[{},{\"value\":2},{\"duration\":0,\"value\":4}]}]}],\"defaultActions\":[{\"gotoAndPlay\":\"idle\"}]},{\"type\":\"Armature\",\"frameRate\":24,\"name\":\"weapon_1005b\",\"aabb\":{\"x\":-76,\"y\":-32,\"width\":184.05,\"height\":60},\"bone\":[{\"name\":\"root\"},{\"inheritScale\":false,\"name\":\"fire\",\"parent\":\"root\",\"transform\":{\"x\":104,\"y\":-13}},{\"inheritScale\":false,\"name\":\"front\",\"parent\":\"root\",\"transform\":{\"x\":53,\"y\":-1.4,\"skX\":-2.7082,\"skY\":-2.7082}}],\"slot\":[{\"name\":\"back\",\"parent\":\"root\"},{\"name\":\"front\",\"parent\":\"front\"}],\"skin\":[{\"name\":\"\",\"slot\":[{\"name\":\"front\",\"display\":[{\"name\":\"weapon_1005_folder/b_folder/0\",\"transform\":{\"x\":0.05}},{\"name\":\"weapon_1005_folder/b_folder/1\",\"transform\":{\"x\":0.05}},{\"name\":\"weapon_1005_folder/b_folder/2\"},{\"name\":\"weapon_1005_folder/b_folder/3\"},{\"name\":\"weapon_1005_folder/b_folder/4\",\"transform\":{\"y\":-0.5}}]},{\"name\":\"back\",\"display\":[{\"name\":\"weapon_1005_folder/weapon_r_1\",\"transform\":{\"x\":-23.5,\"y\":-2}}]}]}],\"animation\":[{\"playTimes\":0,\"name\":\"idle\"},{\"duration\":5,\"playTimes\":0,\"name\":\"prepare_01\",\"bone\":[{\"name\":\"front\",\"translateFrame\":[{},{\"x\":-0.5,\"y\":0.05},{\"x\":0.1,\"y\":0.05},{\"y\":-0.95},{\"y\":-0.45},{\"duration\":0}]}],\"slot\":[{\"name\":\"front\",\"frame\":[{},{\"displayIndex\":1},{\"displayIndex\":2},{\"displayIndex\":3},{\"displayIndex\":4},{\"duration\":0}],\"displayFrame\":[{},{\"value\":1},{\"value\":2},{\"value\":3},{\"value\":4},{\"duration\":0}]}]},{\"duration\":2,\"name\":\"fire_01\",\"frame\":[{\"duration\":0,\"events\":[{\"name\":\"fire\",\"bone\":\"fire\"}]}],\"bone\":[{\"name\":\"front\",\"translateFrame\":[{},{\"x\":0.1,\"y\":0.05},{\"duration\":0,\"y\":-0.45}]}],\"slot\":[{\"name\":\"front\",\"frame\":[{},{\"displayIndex\":2},{\"duration\":0,\"displayIndex\":4}],\"displayFrame\":[{},{\"value\":2},{\"duration\":0,\"value\":4}]}]}],\"defaultActions\":[{\"gotoAndPlay\":\"idle\"}]},{\"type\":\"Armature\",\"frameRate\":24,\"name\":\"weapon_1005c\",\"aabb\":{\"x\":-83,\"y\":-34,\"width\":219.1,\"height\":64},\"bone\":[{\"name\":\"root\"},{\"inheritScale\":false,\"name\":\"front\",\"parent\":\"root\",\"transform\":{\"x\":68.1,\"y\":-1.4,\"skX\":-2.4482,\"skY\":-2.4482}},{\"inheritScale\":false,\"name\":\"fire\",\"parent\":\"root\",\"transform\":{\"x\":133,\"y\":-12}}],\"slot\":[{\"name\":\"back\",\"parent\":\"root\"},{\"name\":\"front\",\"parent\":\"front\"}],\"skin\":[{\"name\":\"\",\"slot\":[{\"name\":\"back\",\"display\":[{\"name\":\"weapon_1005_folder/weapon_r_2\",\"transform\":{\"x\":-29,\"y\":-2}}]},{\"name\":\"front\",\"display\":[{\"name\":\"weapon_1005_folder/c_folder/0\",\"transform\":{\"y\":0.05}},{\"name\":\"weapon_1005_folder/c_folder/1\",\"transform\":{\"y\":0.05}},{\"name\":\"weapon_1005_folder/c_folder/2\",\"transform\":{\"y\":0.05}},{\"name\":\"weapon_1005_folder/c_folder/3\",\"transform\":{\"y\":0.05}},{\"name\":\"weapon_1005_folder/c_folder/4\",\"transform\":{\"x\":0.05,\"y\":0.05}}]}]}],\"animation\":[{\"playTimes\":0,\"name\":\"idle\"},{\"duration\":5,\"playTimes\":0,\"name\":\"prepare_01\",\"bone\":[{\"name\":\"front\",\"translateFrame\":[{\"duration\":2},{\"y\":-0.5},{\"x\":-0.05,\"y\":-0.5},{}]}],\"slot\":[{\"name\":\"front\",\"frame\":[{},{\"displayIndex\":1},{\"displayIndex\":2},{\"displayIndex\":3},{\"displayIndex\":4},{\"duration\":0}],\"displayFrame\":[{},{\"value\":1},{\"value\":2},{\"value\":3},{\"value\":4},{\"duration\":0}]}]},{\"duration\":2,\"name\":\"fire_01\",\"frame\":[{\"duration\":0,\"events\":[{\"name\":\"fire\",\"bone\":\"fire\"}]}],\"bone\":[{\"name\":\"front\",\"translateFrame\":[{},{\"y\":-0.5},{\"duration\":0}]}],\"slot\":[{\"name\":\"front\",\"frame\":[{},{\"displayIndex\":2},{\"duration\":0,\"displayIndex\":4}],\"displayFrame\":[{},{\"value\":2},{\"duration\":0,\"value\":4}]}]}],\"defaultActions\":[{\"gotoAndPlay\":\"idle\"}]},{\"type\":\"Armature\",\"frameRate\":24,\"name\":\"weapon_1005d\",\"aabb\":{\"x\":-139,\"y\":-40,\"width\":275.1,\"height\":69},\"bone\":[{\"name\":\"root\"},{\"inheritScale\":false,\"name\":\"front\",\"parent\":\"root\",\"transform\":{\"x\":68.1,\"y\":-1.4,\"skX\":-2.4482,\"skY\":-2.4482}},{\"inheritScale\":false,\"name\":\"fire\",\"parent\":\"root\",\"transform\":{\"x\":133,\"y\":-12}}],\"slot\":[{\"name\":\"front\",\"parent\":\"front\"},{\"name\":\"back\",\"parent\":\"root\"}],\"skin\":[{\"name\":\"\",\"slot\":[{\"name\":\"back\",\"display\":[{\"name\":\"weapon_1005_folder/weapon_r_3\",\"transform\":{\"x\":-38,\"y\":-5.5}}]},{\"name\":\"front\",\"display\":[{\"name\":\"weapon_1005_folder/c_folder/0\",\"transform\":{\"y\":0.05}},{\"name\":\"weapon_1005_folder/c_folder/1\",\"transform\":{\"y\":0.05}},{\"name\":\"weapon_1005_folder/c_folder/2\",\"transform\":{\"y\":0.05}},{\"name\":\"weapon_1005_folder/c_folder/3\",\"transform\":{\"y\":0.05}},{\"name\":\"weapon_1005_folder/c_folder/4\",\"transform\":{\"x\":0.05,\"y\":0.05}}]}]}],\"animation\":[{\"playTimes\":0,\"name\":\"idle\"},{\"duration\":5,\"playTimes\":0,\"name\":\"prepare_01\",\"bone\":[{\"name\":\"front\",\"translateFrame\":[{\"duration\":2},{\"y\":-0.5},{\"x\":-0.05,\"y\":-0.5},{}]}],\"slot\":[{\"name\":\"front\",\"frame\":[{},{\"displayIndex\":1},{\"displayIndex\":2},{\"displayIndex\":3},{\"displayIndex\":4},{\"duration\":0}],\"displayFrame\":[{},{\"value\":1},{\"value\":2},{\"value\":3},{\"value\":4},{\"duration\":0}]}]},{\"duration\":2,\"name\":\"fire_01\",\"frame\":[{\"duration\":0,\"events\":[{\"name\":\"fire\",\"bone\":\"fire\"}]}],\"bone\":[{\"name\":\"front\",\"translateFrame\":[{},{\"y\":-0.5},{\"duration\":0}]}],\"slot\":[{\"name\":\"front\",\"frame\":[{},{\"displayIndex\":2},{\"duration\":0,\"displayIndex\":4}],\"displayFrame\":[{},{\"value\":2},{\"duration\":0,\"value\":4}]}]}],\"defaultActions\":[{\"gotoAndPlay\":\"idle\"}]},{\"type\":\"Armature\",\"frameRate\":24,\"name\":\"weapon_1005e\",\"aabb\":{\"x\":-158,\"y\":-40,\"width\":352.1,\"height\":76},\"bone\":[{\"name\":\"root\"},{\"inheritScale\":false,\"name\":\"front\",\"parent\":\"root\",\"transform\":{\"x\":126.1,\"y\":-0.4,\"skX\":-2.4482,\"skY\":-2.4482}},{\"inheritScale\":false,\"name\":\"fire\",\"parent\":\"root\",\"transform\":{\"x\":191,\"y\":-11}}],\"slot\":[{\"name\":\"front\",\"parent\":\"front\"},{\"name\":\"back\",\"parent\":\"root\"}],\"skin\":[{\"name\":\"\",\"slot\":[{\"name\":\"front\",\"display\":[{\"name\":\"weapon_1005_folder/c_folder/0\",\"transform\":{\"y\":0.05}},{\"name\":\"weapon_1005_folder/c_folder/1\",\"transform\":{\"y\":0.05}},{\"name\":\"weapon_1005_folder/c_folder/2\",\"transform\":{\"y\":0.05}},{\"name\":\"weapon_1005_folder/c_folder/3\",\"transform\":{\"y\":0.05}},{\"name\":\"weapon_1005_folder/c_folder/4\",\"transform\":{\"x\":0.05,\"y\":0.05}}]},{\"name\":\"back\",\"display\":[{\"name\":\"weapon_1005_folder/weapon_r_4\",\"transform\":{\"x\":-18,\"y\":-2}}]}]}],\"animation\":[{\"playTimes\":0,\"name\":\"idle\"},{\"duration\":5,\"playTimes\":0,\"name\":\"prepare_01\",\"bone\":[{\"name\":\"front\",\"translateFrame\":[{\"duration\":2},{\"y\":-0.5},{\"x\":-0.05,\"y\":-0.5},{}]}],\"slot\":[{\"name\":\"front\",\"frame\":[{},{\"displayIndex\":1},{\"displayIndex\":2},{\"displayIndex\":3},{\"displayIndex\":4},{\"duration\":0}],\"displayFrame\":[{},{\"value\":1},{\"value\":2},{\"value\":3},{\"value\":4},{\"duration\":0}]}]},{\"duration\":2,\"name\":\"fire_01\",\"frame\":[{\"duration\":0,\"events\":[{\"name\":\"fire\",\"bone\":\"fire\"}]}],\"bone\":[{\"name\":\"front\",\"translateFrame\":[{},{\"y\":-0.5},{\"duration\":0}]}],\"slot\":[{\"name\":\"front\",\"frame\":[{},{\"displayIndex\":2},{\"duration\":0,\"displayIndex\":4}],\"displayFrame\":[{},{\"value\":2},{\"duration\":0,\"value\":4}]}]}],\"defaultActions\":[{\"gotoAndPlay\":\"idle\"}]}]}"}