[[{"__type__":"cc.Prefab","_name":"Page","data":{"__id__":1}},{"__type__":"cc.Node","_name":"page_1","_components":[{"__type__":"cc.Sprite","node":{"__id__":1},"_spriteFrame":{"__uuid__":"9bvaMerUlDyary99mJa6xp"},"_type":1,"_sizeMode":0}],"_prefab":{"__type__":"cc.PrefabInfo","root":{"__id__":1},"asset":{"__uuid__":"95RdvlGDtCCoYQB7cMk4UE"},"fileId":"5fb93JgxsZAar9bM+mNvBen"},"_color":{"__type__":"cc.Color","r":255,"g":70,"b":70},"_contentSize":{"__type__":"cc.Size","width":600,"height":400},"_trs":{"__type__":"TypedArray","ctor":"Float64Array","array":[2100,0,0,0,0,0,0,1,1,1]}}],{"__type__":"cc.SpriteFrame","content":{"name":"default_panel","texture":"d8HsitJHxOYqo801xBk8ev","rect":[0,0,20,20],"offset":[0,0],"originalSize":[20,20],"capInsets":[6,6,6,6]}}]