[{"__type__":"cc.SceneAsset","_name":"Hexa","scene":{"__id__":1},"asyncLoadAssets":null},{"__type__":"cc.Scene","_name":"New Node","_children":[{"__id__":2},{"__id__":5}],"_anchorPoint":{"__type__":"cc.Vec2"},"_trs":{"__type__":"TypedArray","ctor":"Float64Array","array":[0,0,0,0,0,0,1,0.5697916666666667,0.5697916666666667,1]},"_zIndex":0,"autoReleaseAssets":false},{"__type__":"cc.Node","_name":"Canvas","_parent":{"__id__":1},"_children":[{"__id__":3},{"__id__":4}],"_components":[{"__type__":"cc.Canvas","node":{"__id__":2}},{"__type__":"cc.Widget","node":{"__id__":2},"_alignFlags":45}],"_contentSize":{"__type__":"cc.Size","width":960,"height":640},"_trs":{"__type__":"TypedArray","ctor":"Float64Array","array":[480,320,0,0,0,0,0,1,1,1]},"_zIndex":0,"_id":"09lS1J479E9pwOy8Va/AyR"},{"__type__":"cc.Node","_name":"Main Camera","_parent":{"__id__":2},"_components":[{"__type__":"cc.Camera","node":{"__id__":3},"_clearFlags":7,"_depth":-1}],"_trs":{"__type__":"TypedArray","ctor":"Float64Array","array":[0,0,0,0,0,0,0,1,1,1]},"_zIndex":0},{"__type__":"cc.Node","_parent":{"__id__":2},"_id":"e9QTTNsc5PP5Ro6QhVu6Rq","_prefab":{"__type__":"cc.PrefabInfo","root":{"__id__":4},"asset":{"__uuid__":"b8OSNRvpdPAZhePn0hGPPJ"},"fileId":"78fd70+ls5GgJcFkzvLSRk8","sync":true},"_name":"Background","_trs":{"__type__":"TypedArray","ctor":"Float64Array","array":[0,0,0,0,0,0,0,1,1,1]}},{"__type__":"cc.Node","_name":"hexa","_parent":{"__id__":1},"_children":[{"__id__":6}],"_components":[{"__type__":"cc.TiledMap","node":{"__id__":5},"_tmxFile":{"__uuid__":"5673VbJppB44EXCk2I42bE"}},{"__type__":"cc.Widget","node":{"__id__":5}}],"_contentSize":{"__type__":"cc.Size","width":540,"height":370.5},"_anchorPoint":{"__type__":"cc.Vec2"},"_trs":{"__type__":"TypedArray","ctor":"Float64Array","array":[259,152,0,0,0,0,0,1,1,1]},"_zIndex":0,"_id":"f5edRKcLRFDbT/NMPfe+Iz"},{"__type__":"cc.Node","_name":"Floor","_parent":{"__id__":5},"_components":[{"__type__":"cc.TiledLayer","node":{"__id__":6}}],"_contentSize":{"__type__":"cc.Size","width":420,"height":370.5},"_anchorPoint":{"__type__":"cc.Vec2"},"_trs":{"__type__":"TypedArray","ctor":"Float64Array","array":[0,0,0,0,0,0,0,1,1,1]},"_zIndex":0}]