[{"__type__":"cc.SceneAsset","_name":"sine-waves","scene":{"__id__":1},"asyncLoadAssets":null},{"__type__":"cc.Scene","_name":"New Node","_children":[{"__id__":2},{"__id__":6}],"_anchorPoint":{"__type__":"cc.Vec2"},"_trs":{"__type__":"TypedArray","ctor":"Float64Array","array":[0,0,0,0,0,0,1,0.5697916666666667,0.5697916666666667,1]},"_zIndex":0,"autoReleaseAssets":true},{"__type__":"cc.Node","_name":"Canvas","_parent":{"__id__":1},"_children":[{"__id__":3},{"__id__":4},{"__id__":5}],"_components":[{"__type__":"cc.Canvas","node":{"__id__":2}},{"__type__":"cc.Widget","node":{"__id__":2},"_alignFlags":45}],"_contentSize":{"__type__":"cc.Size","width":960,"height":640},"_trs":{"__type__":"TypedArray","ctor":"Float64Array","array":[480,320,0,0,0,0,0,1,1,1]},"_zIndex":0,"_id":"3a2cdRcPKBC7ajI1hd6rzZS"},{"__type__":"cc.Node","_name":"Main Camera","_parent":{"__id__":2},"_components":[{"__type__":"cc.Camera","node":{"__id__":3},"_clearFlags":7,"_depth":-1}],"_trs":{"__type__":"TypedArray","ctor":"Float64Array","array":[0,0,0,0,0,0,0,1,1,1]},"_zIndex":0},{"__type__":"cc.Node","_parent":{"__id__":2},"_id":"1ea5aDIRwhACJx5z9usqoIR","_prefab":{"__type__":"cc.PrefabInfo","root":{"__id__":4},"asset":{"__uuid__":"b8OSNRvpdPAZhePn0hGPPJ"},"fileId":"78fd70+ls5GgJcFkzvLSRk8","sync":true},"_name":"Background","_trs":{"__type__":"TypedArray","ctor":"Float64Array","array":[0,0,0,0,0,0,0,1,1,1]}},{"__type__":"cc.Node","_name":"RuntimeLabel","_parent":{"__id__":2},"_components":[{"__type__":"cc.Label","node":{"__id__":5},"_useOriginalSize":false,"_string":"本测试例不支持 Runtime 平台","_N$string":"本测试例不支持 Runtime 平台","_N$horizontalAlign":1,"_N$verticalAlign":1},{"__type__":"5530cLc2wJFVpWkBxALC33G","node":{"__id__":5}}],"_prefab":{"__type__":"cc.PrefabInfo","root":{"__id__":5},"asset":{"__uuid__":"8aVPcYU0pNmLxXTku8XmWb"},"fileId":"fdb18AWyb1J8Y4fJcggIVWj"},"_contentSize":{"__type__":"cc.Size","width":531.17,"height":40},"_trs":{"__type__":"TypedArray","ctor":"Float64Array","array":[0,0,0,0,0,0,0,1,1,1]},"_zIndex":0},{"__type__":"cc.Node","_name":"graphics","_parent":{"__id__":1},"_components":[{"__type__":"cc.Graphics","node":{"__id__":6},"_lineJoin":0,"_fillColor":{"__type__":"cc.Color","r":255,"g":255,"b":255,"a":100}},{"__type__":"65147r484dHPoeDmtu3n5DT","node":{"__id__":6},"speed":2,"waves":[{"__type__":"Wave","amplitude":150,"wavelength":200,"lineWidth":3,"strokeColor":{"__type__":"cc.Color","r":255,"g":255,"b":255}},{"__type__":"Wave","amplitude":250,"wavelength":200,"lineWidth":2},{"__type__":"Wave","amplitude":-150,"lineWidth":3},{"__type__":"Wave","amplitude":-100,"wavelength":100}]}],"_trs":{"__type__":"TypedArray","ctor":"Float64Array","array":[0,0,0,0,0,0,0,1,1,1]},"_zIndex":0,"_id":"8e6f5B77kRBtZz5ZfarfaBo"}]