{"__type__":"cc.SkeletonAnimationClip","_name":"Defeated","_native":".bin","_duration":6.708333492279053,"sample":30,"wrapMode":2,"description":{"mixamorig:Hips":{"position":{"offset":0,"frameCount":123},"quat":{"offset":492,"frameCount":146},"scale":{"offset":1222,"frameCount":1}},"mixamorig:Hips/mixamorig:Spine":{"quat":{"offset":1226,"frameCount":144},"scale":{"offset":1946,"frameCount":1},"position":{"offset":1950,"frameCount":1}},"mixamorig:Hips/mixamorig:Spine/mixamorig:Spine1":{"quat":{"offset":1954,"frameCount":76},"scale":{"offset":2334,"frameCount":1},"position":{"offset":2338,"frameCount":1}},"mixamorig:Hips/mixamorig:Spine/mixamorig:Spine1/mixamorig:Spine2":{"quat":{"offset":2342,"frameCount":74},"scale":{"offset":2712,"frameCount":1},"position":{"offset":2716,"frameCount":1}},"mixamorig:Hips/mixamorig:Spine/mixamorig:Spine1/mixamorig:Spine2/mixamorig:Neck":{"quat":{"offset":2720,"frameCount":139},"scale":{"offset":3415,"frameCount":1},"position":{"offset":3419,"frameCount":1}},"mixamorig:Hips/mixamorig:Spine/mixamorig:Spine1/mixamorig:Spine2/mixamorig:Neck/mixamorig:Head":{"quat":{"offset":3423,"frameCount":158},"scale":{"offset":4213,"frameCount":1},"position":{"offset":4217,"frameCount":1}},"mixamorig:Hips/mixamorig:Spine/mixamorig:Spine1/mixamorig:Spine2/mixamorig:LeftShoulder":{"quat":{"offset":4221,"frameCount":136},"scale":{"offset":4901,"frameCount":1},"position":{"offset":4905,"frameCount":1}},"mixamorig:Hips/mixamorig:Spine/mixamorig:Spine1/mixamorig:Spine2/mixamorig:LeftShoulder/mixamorig:LeftArm":{"quat":{"offset":4909,"frameCount":150},"scale":{"offset":5659,"frameCount":1},"position":{"offset":5663,"frameCount":1}},"mixamorig:Hips/mixamorig:Spine/mixamorig:Spine1/mixamorig:Spine2/mixamorig:LeftShoulder/mixamorig:LeftArm/mixamorig:LeftForeArm":{"quat":{"offset":5667,"frameCount":133},"scale":{"offset":6332,"frameCount":1},"position":{"offset":6336,"frameCount":1}},"mixamorig:Hips/mixamorig:Spine/mixamorig:Spine1/mixamorig:Spine2/mixamorig:LeftShoulder/mixamorig:LeftArm/mixamorig:LeftForeArm/mixamorig:LeftHand":{"quat":{"offset":6340,"frameCount":156},"scale":{"offset":7120,"frameCount":1},"position":{"offset":7124,"frameCount":1}},"mixamorig:Hips/mixamorig:Spine/mixamorig:Spine1/mixamorig:Spine2/mixamorig:LeftShoulder/mixamorig:LeftArm/mixamorig:LeftForeArm/mixamorig:LeftHand/mixamorig:LeftHandThumb1":{"quat":{"offset":7128,"frameCount":153},"scale":{"offset":7893,"frameCount":1},"position":{"offset":7897,"frameCount":1}},"mixamorig:Hips/mixamorig:Spine/mixamorig:Spine1/mixamorig:Spine2/mixamorig:LeftShoulder/mixamorig:LeftArm/mixamorig:LeftForeArm/mixamorig:LeftHand/mixamorig:LeftHandThumb1/mixamorig:LeftHandThumb2":{"quat":{"offset":7901,"frameCount":152},"scale":{"offset":8661,"frameCount":1},"position":{"offset":8665,"frameCount":1}},"mixamorig:Hips/mixamorig:Spine/mixamorig:Spine1/mixamorig:Spine2/mixamorig:LeftShoulder/mixamorig:LeftArm/mixamorig:LeftForeArm/mixamorig:LeftHand/mixamorig:LeftHandThumb1/mixamorig:LeftHandThumb2/mixamorig:LeftHandThumb3":{"quat":{"offset":8669,"frameCount":141},"scale":{"offset":9374,"frameCount":1},"position":{"offset":9378,"frameCount":1}},"mixamorig:Hips/mixamorig:Spine/mixamorig:Spine1/mixamorig:Spine2/mixamorig:LeftShoulder/mixamorig:LeftArm/mixamorig:LeftForeArm/mixamorig:LeftHand/mixamorig:LeftHandIndex1":{"quat":{"offset":9382,"frameCount":124},"scale":{"offset":10002,"frameCount":1},"position":{"offset":10006,"frameCount":1}},"mixamorig:Hips/mixamorig:Spine/mixamorig:Spine1/mixamorig:Spine2/mixamorig:LeftShoulder/mixamorig:LeftArm/mixamorig:LeftForeArm/mixamorig:LeftHand/mixamorig:LeftHandIndex1/mixamorig:LeftHandIndex2":{"quat":{"offset":10010,"frameCount":134},"scale":{"offset":10680,"frameCount":1},"position":{"offset":10684,"frameCount":1}},"mixamorig:Hips/mixamorig:Spine/mixamorig:Spine1/mixamorig:Spine2/mixamorig:LeftShoulder/mixamorig:LeftArm/mixamorig:LeftForeArm/mixamorig:LeftHand/mixamorig:LeftHandIndex1/mixamorig:LeftHandIndex2/mixamorig:LeftHandIndex3":{"quat":{"offset":10688,"frameCount":45},"scale":{"offset":10913,"frameCount":1},"position":{"offset":10917,"frameCount":1}},"mixamorig:Hips/mixamorig:Spine/mixamorig:Spine1/mixamorig:Spine2/mixamorig:LeftShoulder/mixamorig:LeftArm/mixamorig:LeftForeArm/mixamorig:LeftHand/mixamorig:LeftHandMiddle1":{"quat":{"offset":10921,"frameCount":118},"scale":{"offset":11511,"frameCount":1},"position":{"offset":11515,"frameCount":1}},"mixamorig:Hips/mixamorig:Spine/mixamorig:Spine1/mixamorig:Spine2/mixamorig:LeftShoulder/mixamorig:LeftArm/mixamorig:LeftForeArm/mixamorig:LeftHand/mixamorig:LeftHandMiddle1/mixamorig:LeftHandMiddle2":{"quat":{"offset":11519,"frameCount":113},"scale":{"offset":12084,"frameCount":1},"position":{"offset":12088,"frameCount":1}},"mixamorig:Hips/mixamorig:Spine/mixamorig:Spine1/mixamorig:Spine2/mixamorig:LeftShoulder/mixamorig:LeftArm/mixamorig:LeftForeArm/mixamorig:LeftHand/mixamorig:LeftHandMiddle1/mixamorig:LeftHandMiddle2/mixamorig:LeftHandMiddle3":{"quat":{"offset":12092,"frameCount":60},"scale":{"offset":12392,"frameCount":1},"position":{"offset":12396,"frameCount":1}},"mixamorig:Hips/mixamorig:Spine/mixamorig:Spine1/mixamorig:Spine2/mixamorig:LeftShoulder/mixamorig:LeftArm/mixamorig:LeftForeArm/mixamorig:LeftHand/mixamorig:LeftHandRing1":{"quat":{"offset":12400,"frameCount":128},"scale":{"offset":13040,"frameCount":1},"position":{"offset":13044,"frameCount":1}},"mixamorig:Hips/mixamorig:Spine/mixamorig:Spine1/mixamorig:Spine2/mixamorig:LeftShoulder/mixamorig:LeftArm/mixamorig:LeftForeArm/mixamorig:LeftHand/mixamorig:LeftHandRing1/mixamorig:LeftHandRing2":{"quat":{"offset":13048,"frameCount":116},"scale":{"offset":13628,"frameCount":1},"position":{"offset":13632,"frameCount":1}},"mixamorig:Hips/mixamorig:Spine/mixamorig:Spine1/mixamorig:Spine2/mixamorig:LeftShoulder/mixamorig:LeftArm/mixamorig:LeftForeArm/mixamorig:LeftHand/mixamorig:LeftHandRing1/mixamorig:LeftHandRing2/mixamorig:LeftHandRing3":{"quat":{"offset":13636,"frameCount":93},"scale":{"offset":14101,"frameCount":1},"position":{"offset":14105,"frameCount":1}},"mixamorig:Hips/mixamorig:Spine/mixamorig:Spine1/mixamorig:Spine2/mixamorig:LeftShoulder/mixamorig:LeftArm/mixamorig:LeftForeArm/mixamorig:LeftHand/mixamorig:LeftHandPinky1":{"quat":{"offset":14109,"frameCount":123},"scale":{"offset":14724,"frameCount":1},"position":{"offset":14728,"frameCount":1}},"mixamorig:Hips/mixamorig:Spine/mixamorig:Spine1/mixamorig:Spine2/mixamorig:LeftShoulder/mixamorig:LeftArm/mixamorig:LeftForeArm/mixamorig:LeftHand/mixamorig:LeftHandPinky1/mixamorig:LeftHandPinky2":{"quat":{"offset":14732,"frameCount":100},"scale":{"offset":15232,"frameCount":1},"position":{"offset":15236,"frameCount":1}},"mixamorig:Hips/mixamorig:Spine/mixamorig:Spine1/mixamorig:Spine2/mixamorig:LeftShoulder/mixamorig:LeftArm/mixamorig:LeftForeArm/mixamorig:LeftHand/mixamorig:LeftHandPinky1/mixamorig:LeftHandPinky2/mixamorig:LeftHandPinky3":{"quat":{"offset":15240,"frameCount":46},"scale":{"offset":15470,"frameCount":1},"position":{"offset":15474,"frameCount":1}},"mixamorig:Hips/mixamorig:Spine/mixamorig:Spine1/mixamorig:Spine2/mixamorig:RightShoulder":{"quat":{"offset":15478,"frameCount":135},"scale":{"offset":16153,"frameCount":1},"position":{"offset":16157,"frameCount":1}},"mixamorig:Hips/mixamorig:Spine/mixamorig:Spine1/mixamorig:Spine2/mixamorig:RightShoulder/mixamorig:RightArm":{"quat":{"offset":16161,"frameCount":156},"scale":{"offset":16941,"frameCount":1},"position":{"offset":16945,"frameCount":1}},"mixamorig:Hips/mixamorig:Spine/mixamorig:Spine1/mixamorig:Spine2/mixamorig:RightShoulder/mixamorig:RightArm/mixamorig:RightForeArm":{"quat":{"offset":16949,"frameCount":141},"scale":{"offset":17654,"frameCount":1},"position":{"offset":17658,"frameCount":1}},"mixamorig:Hips/mixamorig:Spine/mixamorig:Spine1/mixamorig:Spine2/mixamorig:RightShoulder/mixamorig:RightArm/mixamorig:RightForeArm/mixamorig:RightHand":{"quat":{"offset":17662,"frameCount":159},"scale":{"offset":18457,"frameCount":1},"position":{"offset":18461,"frameCount":1}},"mixamorig:Hips/mixamorig:Spine/mixamorig:Spine1/mixamorig:Spine2/mixamorig:RightShoulder/mixamorig:RightArm/mixamorig:RightForeArm/mixamorig:RightHand/mixamorig:RightHandPinky1":{"quat":{"offset":18465,"frameCount":108},"scale":{"offset":19005,"frameCount":1},"position":{"offset":19009,"frameCount":1}},"mixamorig:Hips/mixamorig:Spine/mixamorig:Spine1/mixamorig:Spine2/mixamorig:RightShoulder/mixamorig:RightArm/mixamorig:RightForeArm/mixamorig:RightHand/mixamorig:RightHandPinky1/mixamorig:RightHandPinky2":{"quat":{"offset":19013,"frameCount":82},"scale":{"offset":19423,"frameCount":1},"position":{"offset":19427,"frameCount":1}},"mixamorig:Hips/mixamorig:Spine/mixamorig:Spine1/mixamorig:Spine2/mixamorig:RightShoulder/mixamorig:RightArm/mixamorig:RightForeArm/mixamorig:RightHand/mixamorig:RightHandPinky1/mixamorig:RightHandPinky2/mixamorig:RightHandPinky3":{"quat":{"offset":19431,"frameCount":64},"scale":{"offset":19751,"frameCount":1},"position":{"offset":19755,"frameCount":1}},"mixamorig:Hips/mixamorig:Spine/mixamorig:Spine1/mixamorig:Spine2/mixamorig:RightShoulder/mixamorig:RightArm/mixamorig:RightForeArm/mixamorig:RightHand/mixamorig:RightHandRing1":{"quat":{"offset":19759,"frameCount":100},"scale":{"offset":20259,"frameCount":1},"position":{"offset":20263,"frameCount":1}},"mixamorig:Hips/mixamorig:Spine/mixamorig:Spine1/mixamorig:Spine2/mixamorig:RightShoulder/mixamorig:RightArm/mixamorig:RightForeArm/mixamorig:RightHand/mixamorig:RightHandRing1/mixamorig:RightHandRing2":{"quat":{"offset":20267,"frameCount":90},"scale":{"offset":20717,"frameCount":1},"position":{"offset":20721,"frameCount":1}},"mixamorig:Hips/mixamorig:Spine/mixamorig:Spine1/mixamorig:Spine2/mixamorig:RightShoulder/mixamorig:RightArm/mixamorig:RightForeArm/mixamorig:RightHand/mixamorig:RightHandRing1/mixamorig:RightHandRing2/mixamorig:RightHandRing3":{"quat":{"offset":20725,"frameCount":60},"scale":{"offset":21025,"frameCount":1},"position":{"offset":21029,"frameCount":1}},"mixamorig:Hips/mixamorig:Spine/mixamorig:Spine1/mixamorig:Spine2/mixamorig:RightShoulder/mixamorig:RightArm/mixamorig:RightForeArm/mixamorig:RightHand/mixamorig:RightHandMiddle1":{"quat":{"offset":21033,"frameCount":102},"scale":{"offset":21543,"frameCount":1},"position":{"offset":21547,"frameCount":1}},"mixamorig:Hips/mixamorig:Spine/mixamorig:Spine1/mixamorig:Spine2/mixamorig:RightShoulder/mixamorig:RightArm/mixamorig:RightForeArm/mixamorig:RightHand/mixamorig:RightHandMiddle1/mixamorig:RightHandMiddle2":{"quat":{"offset":21551,"frameCount":94},"scale":{"offset":22021,"frameCount":1},"position":{"offset":22025,"frameCount":1}},"mixamorig:Hips/mixamorig:Spine/mixamorig:Spine1/mixamorig:Spine2/mixamorig:RightShoulder/mixamorig:RightArm/mixamorig:RightForeArm/mixamorig:RightHand/mixamorig:RightHandMiddle1/mixamorig:RightHandMiddle2/mixamorig:RightHandMiddle3":{"quat":{"offset":22029,"frameCount":59},"scale":{"offset":22324,"frameCount":1},"position":{"offset":22328,"frameCount":1}},"mixamorig:Hips/mixamorig:Spine/mixamorig:Spine1/mixamorig:Spine2/mixamorig:RightShoulder/mixamorig:RightArm/mixamorig:RightForeArm/mixamorig:RightHand/mixamorig:RightHandIndex1":{"quat":{"offset":22332,"frameCount":107},"scale":{"offset":22867,"frameCount":1},"position":{"offset":22871,"frameCount":1}},"mixamorig:Hips/mixamorig:Spine/mixamorig:Spine1/mixamorig:Spine2/mixamorig:RightShoulder/mixamorig:RightArm/mixamorig:RightForeArm/mixamorig:RightHand/mixamorig:RightHandIndex1/mixamorig:RightHandIndex2":{"quat":{"offset":22875,"frameCount":82},"scale":{"offset":23285,"frameCount":1},"position":{"offset":23289,"frameCount":1}},"mixamorig:Hips/mixamorig:Spine/mixamorig:Spine1/mixamorig:Spine2/mixamorig:RightShoulder/mixamorig:RightArm/mixamorig:RightForeArm/mixamorig:RightHand/mixamorig:RightHandIndex1/mixamorig:RightHandIndex2/mixamorig:RightHandIndex3":{"quat":{"offset":23293,"frameCount":52},"scale":{"offset":23553,"frameCount":1},"position":{"offset":23557,"frameCount":1}},"mixamorig:Hips/mixamorig:Spine/mixamorig:Spine1/mixamorig:Spine2/mixamorig:RightShoulder/mixamorig:RightArm/mixamorig:RightForeArm/mixamorig:RightHand/mixamorig:RightHandThumb1":{"quat":{"offset":23561,"frameCount":137},"scale":{"offset":24246,"frameCount":1},"position":{"offset":24250,"frameCount":1}},"mixamorig:Hips/mixamorig:Spine/mixamorig:Spine1/mixamorig:Spine2/mixamorig:RightShoulder/mixamorig:RightArm/mixamorig:RightForeArm/mixamorig:RightHand/mixamorig:RightHandThumb1/mixamorig:RightHandThumb2":{"quat":{"offset":24254,"frameCount":43},"scale":{"offset":24469,"frameCount":1},"position":{"offset":24473,"frameCount":1}},"mixamorig:Hips/mixamorig:Spine/mixamorig:Spine1/mixamorig:Spine2/mixamorig:RightShoulder/mixamorig:RightArm/mixamorig:RightForeArm/mixamorig:RightHand/mixamorig:RightHandThumb1/mixamorig:RightHandThumb2/mixamorig:RightHandThumb3":{"quat":{"offset":24477,"frameCount":145},"scale":{"offset":25202,"frameCount":1},"position":{"offset":25206,"frameCount":1}},"mixamorig:Hips/mixamorig:LeftUpLeg":{"quat":{"offset":25210,"frameCount":151},"scale":{"offset":25965,"frameCount":1},"position":{"offset":25969,"frameCount":1}},"mixamorig:Hips/mixamorig:LeftUpLeg/mixamorig:LeftLeg":{"quat":{"offset":25973,"frameCount":142},"scale":{"offset":26683,"frameCount":1},"position":{"offset":26687,"frameCount":1}},"mixamorig:Hips/mixamorig:LeftUpLeg/mixamorig:LeftLeg/mixamorig:LeftFoot":{"quat":{"offset":26691,"frameCount":142},"scale":{"offset":27401,"frameCount":1},"position":{"offset":27405,"frameCount":1}},"mixamorig:Hips/mixamorig:LeftUpLeg/mixamorig:LeftLeg/mixamorig:LeftFoot/mixamorig:LeftToeBase":{"quat":{"offset":27409,"frameCount":46},"scale":{"offset":27639,"frameCount":1},"position":{"offset":27643,"frameCount":1}},"mixamorig:Hips/mixamorig:RightUpLeg":{"quat":{"offset":27647,"frameCount":146},"scale":{"offset":28377,"frameCount":1},"position":{"offset":28381,"frameCount":1}},"mixamorig:Hips/mixamorig:RightUpLeg/mixamorig:RightLeg":{"quat":{"offset":28385,"frameCount":154},"scale":{"offset":29155,"frameCount":1},"position":{"offset":29159,"frameCount":1}},"mixamorig:Hips/mixamorig:RightUpLeg/mixamorig:RightLeg/mixamorig:RightFoot":{"quat":{"offset":29163,"frameCount":130},"scale":{"offset":29813,"frameCount":1},"position":{"offset":29817,"frameCount":1}},"mixamorig:Hips/mixamorig:RightUpLeg/mixamorig:RightLeg/mixamorig:RightFoot/mixamorig:RightToeBase":{"quat":{"offset":29821,"frameCount":2},"scale":{"offset":29831,"frameCount":1},"position":{"offset":29835,"frameCount":1}},"mixamorig:Hips/mixamorig:Spine/mixamorig:Spine1/mixamorig:Spine2/mixamorig:Neck/mixamorig:Head/mixamorig:HeadTop_End":{"quat":{"offset":29839,"frameCount":1},"scale":{"offset":29844,"frameCount":1},"position":{"offset":29848,"frameCount":1}},"mixamorig:Hips/mixamorig:Spine/mixamorig:Spine1/mixamorig:Spine2/mixamorig:Neck/mixamorig:Head/mixamorig:LeftEye":{"quat":{"offset":29852,"frameCount":1},"scale":{"offset":29857,"frameCount":1},"position":{"offset":29861,"frameCount":1}},"mixamorig:Hips/mixamorig:Spine/mixamorig:Spine1/mixamorig:Spine2/mixamorig:Neck/mixamorig:Head/mixamorig:RightEye":{"quat":{"offset":29865,"frameCount":1},"scale":{"offset":29870,"frameCount":1},"position":{"offset":29874,"frameCount":1}},"mixamorig:Hips/mixamorig:Spine/mixamorig:Spine1/mixamorig:Spine2/mixamorig:LeftShoulder/mixamorig:LeftArm/mixamorig:LeftForeArm/mixamorig:LeftHand/mixamorig:LeftHandThumb1/mixamorig:LeftHandThumb2/mixamorig:LeftHandThumb3/mixamorig:LeftHandThumb4":{"quat":{"offset":29878,"frameCount":1},"scale":{"offset":29883,"frameCount":1},"position":{"offset":29887,"frameCount":1}},"mixamorig:Hips/mixamorig:Spine/mixamorig:Spine1/mixamorig:Spine2/mixamorig:LeftShoulder/mixamorig:LeftArm/mixamorig:LeftForeArm/mixamorig:LeftHand/mixamorig:LeftHandIndex1/mixamorig:LeftHandIndex2/mixamorig:LeftHandIndex3/mixamorig:LeftHandIndex4":{"quat":{"offset":29891,"frameCount":1},"scale":{"offset":29896,"frameCount":1},"position":{"offset":29900,"frameCount":1}},"mixamorig:Hips/mixamorig:Spine/mixamorig:Spine1/mixamorig:Spine2/mixamorig:LeftShoulder/mixamorig:LeftArm/mixamorig:LeftForeArm/mixamorig:LeftHand/mixamorig:LeftHandMiddle1/mixamorig:LeftHandMiddle2/mixamorig:LeftHandMiddle3/mixamorig:LeftHandMiddle4":{"quat":{"offset":29904,"frameCount":1},"scale":{"offset":29909,"frameCount":1},"position":{"offset":29913,"frameCount":1}},"mixamorig:Hips/mixamorig:Spine/mixamorig:Spine1/mixamorig:Spine2/mixamorig:LeftShoulder/mixamorig:LeftArm/mixamorig:LeftForeArm/mixamorig:LeftHand/mixamorig:LeftHandRing1/mixamorig:LeftHandRing2/mixamorig:LeftHandRing3/mixamorig:LeftHandRing4":{"quat":{"offset":29917,"frameCount":1},"scale":{"offset":29922,"frameCount":1},"position":{"offset":29926,"frameCount":1}},"mixamorig:Hips/mixamorig:Spine/mixamorig:Spine1/mixamorig:Spine2/mixamorig:LeftShoulder/mixamorig:LeftArm/mixamorig:LeftForeArm/mixamorig:LeftHand/mixamorig:LeftHandPinky1/mixamorig:LeftHandPinky2/mixamorig:LeftHandPinky3/mixamorig:LeftHandPinky4":{"quat":{"offset":29930,"frameCount":1},"scale":{"offset":29935,"frameCount":1},"position":{"offset":29939,"frameCount":1}},"mixamorig:Hips/mixamorig:Spine/mixamorig:Spine1/mixamorig:Spine2/mixamorig:RightShoulder/mixamorig:RightArm/mixamorig:RightForeArm/mixamorig:RightHand/mixamorig:RightHandPinky1/mixamorig:RightHandPinky2/mixamorig:RightHandPinky3/mixamorig:RightHandPinky4":{"quat":{"offset":29943,"frameCount":1},"scale":{"offset":29948,"frameCount":1},"position":{"offset":29952,"frameCount":1}},"mixamorig:Hips/mixamorig:Spine/mixamorig:Spine1/mixamorig:Spine2/mixamorig:RightShoulder/mixamorig:RightArm/mixamorig:RightForeArm/mixamorig:RightHand/mixamorig:RightHandRing1/mixamorig:RightHandRing2/mixamorig:RightHandRing3/mixamorig:RightHandRing4":{"quat":{"offset":29956,"frameCount":1},"scale":{"offset":29961,"frameCount":1},"position":{"offset":29965,"frameCount":1}},"mixamorig:Hips/mixamorig:Spine/mixamorig:Spine1/mixamorig:Spine2/mixamorig:RightShoulder/mixamorig:RightArm/mixamorig:RightForeArm/mixamorig:RightHand/mixamorig:RightHandMiddle1/mixamorig:RightHandMiddle2/mixamorig:RightHandMiddle3/mixamorig:RightHandMiddle4":{"quat":{"offset":29969,"frameCount":1},"scale":{"offset":29974,"frameCount":1},"position":{"offset":29978,"frameCount":1}},"mixamorig:Hips/mixamorig:Spine/mixamorig:Spine1/mixamorig:Spine2/mixamorig:RightShoulder/mixamorig:RightArm/mixamorig:RightForeArm/mixamorig:RightHand/mixamorig:RightHandIndex1/mixamorig:RightHandIndex2/mixamorig:RightHandIndex3/mixamorig:RightHandIndex4":{"quat":{"offset":29982,"frameCount":1},"scale":{"offset":29987,"frameCount":1},"position":{"offset":29991,"frameCount":1}},"mixamorig:Hips/mixamorig:Spine/mixamorig:Spine1/mixamorig:Spine2/mixamorig:RightShoulder/mixamorig:RightArm/mixamorig:RightForeArm/mixamorig:RightHand/mixamorig:RightHandThumb1/mixamorig:RightHandThumb2/mixamorig:RightHandThumb3/mixamorig:RightHandThumb4":{"quat":{"offset":29995,"frameCount":1},"scale":{"offset":30000,"frameCount":1},"position":{"offset":30004,"frameCount":1}},"mixamorig:Hips/mixamorig:LeftUpLeg/mixamorig:LeftLeg/mixamorig:LeftFoot/mixamorig:LeftToeBase/mixamorig:LeftToe_End":{"quat":{"offset":30008,"frameCount":1},"scale":{"offset":30013,"frameCount":1},"position":{"offset":30017,"frameCount":1}},"mixamorig:Hips/mixamorig:RightUpLeg/mixamorig:RightLeg/mixamorig:RightFoot/mixamorig:RightToeBase/mixamorig:RightToe_End":{"quat":{"offset":30021,"frameCount":1},"scale":{"offset":30026,"frameCount":1},"position":{"offset":30030,"frameCount":1}},"Beta_Joints":{"quat":{"offset":30034,"frameCount":1},"scale":{"offset":30039,"frameCount":1},"position":{"offset":30043,"frameCount":1}},"Beta_Surface":{"quat":{"offset":30047,"frameCount":1},"scale":{"offset":30052,"frameCount":1},"position":{"offset":30056,"frameCount":1}}}}