[{"__type__":"cc.Prefab","_name":"plane","data":{"__id__":1}},{"__type__":"cc.Node","_name":"plane","_components":[{"__type__":"cc.MeshRenderer","node":{"__id__":1},"_materials":[{"__uuid__":"a5hJI5OtNB0Yq0rp/qEfl/"}],"_mesh":{"__uuid__":"a17y/JnFdBio9pa+2aeg5/"}}],"_prefab":{"__type__":"cc.PrefabInfo","root":{"__id__":1},"asset":{"__uuid__":"3fN2ElpplAyq0FBNZi6qHy"},"fileId":"9fhEbTXI1IApxjLqbjx+1L"},"_trs":{"__type__":"TypedArray","ctor":"Float64Array","array":[0,0,0,0,0,0,1,1,1,1]},"_is3DNode":true}]