[{"__type__":"cc.SceneAsset","_name":"particle-trail2","scene":{"__id__":1},"asyncLoadAssets":null},{"__type__":"cc.Scene","_name":"New Node","_children":[{"__id__":2},{"__id__":3},{"__id__":4}],"_anchorPoint":{"__type__":"cc.Vec2"},"_trs":{"__type__":"TypedArray","ctor":"Float64Array","array":[0,0,0,0,0,0,1,1,1,1]},"autoReleaseAssets":false},{"__type__":"cc.Node","_name":"3DCamera","_parent":{"__id__":1},"_components":[{"__type__":"cc.Camera","node":{"__id__":2},"_clearFlags":7,"_depth":-1,"_fov":45,"_ortho":false,"_alignWithScreen":false}],"_contentSize":{"__type__":"cc.Size","width":960,"height":640},"_trs":{"__type__":"TypedArray","ctor":"Float64Array","array":[480,320,10,0,0,0,1,1,1,1]},"_is3DNode":true,"_id":"e1WoFrQ79G7r4ZuQE3HlNb"},{"__type__":"cc.Node","_name":"trail","_parent":{"__id__":1},"_components":[{"__type__":"cc.ParticleSystem3D","node":{"__id__":3},"_materials":[{"__uuid__":"43L6CczwNM/6GGmCYEQIoH"},{"__uuid__":"62+Uh0F6dAQpc9Of8uvZyH"}],"duration":1,"startDelay":{"__type__":"cc.CurveRange"},"startLifetime":{"__type__":"cc.CurveRange","constant":1},"startColor":{"__type__":"cc.GradientRange"},"startSize":{"__type__":"cc.CurveRange","constant":2},"startSpeed":{"__type__":"cc.CurveRange"},"startRotation":{"__type__":"cc.CurveRange"},"gravityModifier":{"__type__":"cc.CurveRange"},"rateOverTime":{"__type__":"cc.CurveRange"},"rateOverDistance":{"__type__":"cc.CurveRange"},"bursts":[{"__type__":"cc.Burst","count":{"__type__":"cc.CurveRange","constant":1}}],"_trailModule":{"__type__":"cc.TrailModule","_enable":true,"lifeTime":{"__type__":"cc.CurveRange","constant":1},"widthRatio":{"__type__":"cc.CurveRange","constant":1},"colorOverTrail":{"__type__":"cc.GradientRange"},"colorOvertime":{"__type__":"cc.GradientRange"}}},{"__type__":"cc.Animation","node":{"__id__":3},"_defaultClip":{"__uuid__":"0fo6QFQKtIo6YPRqDJ5S6v"},"_clips":[{"__uuid__":"0fo6QFQKtIo6YPRqDJ5S6v"}],"playOnLoad":true}],"_trs":{"__type__":"TypedArray","ctor":"Float64Array","array":[480,320,0,0.7071067811865475,0,0,0.7071067811865476,1,1,1]},"_eulerAngles":{"__type__":"cc.Vec3","x":90},"_is3DNode":true,"_id":"92AAzjtrtI+Le4moh5JDbz"},{"__type__":"cc.Node","_name":"Canvas","_parent":{"__id__":1},"_components":[{"__type__":"cc.Canvas","node":{"__id__":4}},{"__type__":"cc.Widget","node":{"__id__":4},"_alignFlags":45}],"_contentSize":{"__type__":"cc.Size","width":960,"height":640},"_trs":{"__type__":"TypedArray","ctor":"Float64Array","array":[480,320,0,0,0,0,1,1,1,1]},"_id":"a5esZu+45LA5mBpvttspPD"}]