[{"__type__":"cc.SpriteFrame","content":{"name":"scrollview_bg","texture":"06gADN5K1HtoY06kxf4R9N","rect":[0,0,14,14],"offset":[0,0],"originalSize":[14,14],"capInsets":[5,5,5,5]}},[{"__type__":"cc.SceneAsset","_name":"Layout_ResizeContainer_Normal","scene":{"__id__":1},"asyncLoadAssets":null},{"__type__":"cc.Scene","_name":"New Node","_children":[{"__id__":2},{"__id__":11}],"_anchorPoint":{"__type__":"cc.Vec2"},"_trs":{"__type__":"TypedArray","ctor":"Float64Array","array":[0,0,0,0,0,0,1,0.5697916666666667,0.5697916666666667,1]},"_zIndex":0,"autoReleaseAssets":true},{"__type__":"cc.Node","_name":"Canvas","_parent":{"__id__":1},"_children":[{"__id__":3},{"__id__":4},{"__id__":5},{"__id__":8}],"_components":[{"__type__":"cc.Canvas","node":{"__id__":2}},{"__type__":"cc.Widget","node":{"__id__":2},"_alignFlags":45}],"_contentSize":{"__type__":"cc.Size","width":960,"height":640},"_trs":{"__type__":"TypedArray","ctor":"Float64Array","array":[480,320,0,0,0,0,0,1,1,1]},"_zIndex":0,"_id":"23b37xRaDtB9LVCeGnATb5k"},{"__type__":"cc.Node","_name":"Main Camera","_parent":{"__id__":2},"_components":[{"__type__":"cc.Camera","node":{"__id__":3},"_clearFlags":7,"_depth":-1}],"_trs":{"__type__":"TypedArray","ctor":"Float64Array","array":[0,0,0,0,0,0,0,1,1,1]},"_zIndex":0},{"__type__":"cc.Node","_parent":{"__id__":2},"_id":"8c2e3X2DchB+bW+L15H5a0y","_prefab":{"__type__":"cc.PrefabInfo","root":{"__id__":4},"asset":{"__uuid__":"b8OSNRvpdPAZhePn0hGPPJ"},"fileId":"78fd70+ls5GgJcFkzvLSRk8","sync":true},"_name":"Background","_trs":{"__type__":"TypedArray","ctor":"Float64Array","array":[0,0,0,0,0,0,0,1,1,1]}},{"__type__":"cc.Node","_name":"Horizontal","_parent":{"__id__":2},"_children":[{"__id__":6},{"__id__":7}],"_trs":{"__type__":"TypedArray","ctor":"Float64Array","array":[-190,0,0,0,0,0,0,1,1,1]},"_zIndex":0},{"__type__":"cc.Node","_name":"02_Title","_parent":{"__id__":5},"_components":[{"__type__":"e4f88adp3hERoJ48DZ2PSAl","node":{"__id__":6},"_useOriginalSize":false,"_string":"水平","_N$string":"水平","_N$horizontalAlign":1,"_N$verticalAlign":1,"_N$textKey":"cases/02_ui/06_layout/LayoutResizeContainer.fire.31"},{"__type__":"cc.Widget","node":{"__id__":6},"alignMode":0,"_alignFlags":8,"_left":-40}],"_contentSize":{"__type__":"cc.Size","width":80,"height":40},"_trs":{"__type__":"TypedArray","ctor":"Float64Array","array":[0,-170,0,0,0,0,0,1,1,1]},"_zIndex":0},{"__type__":"cc.Node","_name":"02_Layout_Horizontal","_parent":{"__id__":5},"_components":[{"__type__":"cc.Sprite","node":{"__id__":7},"_spriteFrame":{"__uuid__":"7ewuO0jsFIiKv5sYyeKk6T"},"_type":1,"_sizeMode":0},{"__type__":"cc.Layout","node":{"__id__":7},"_layoutSize":{"__type__":"cc.Size","width":352,"height":115},"_resize":1,"_N$layoutType":1,"_N$cellSize":{"__type__":"cc.Size"},"_N$paddingLeft":38,"_N$paddingRight":38,"_N$paddingTop":38,"_N$paddingBottom":38,"_N$spacingX":19,"_N$horizontalDirection":1},{"__type__":"cc.Widget","node":{"__id__":7},"alignMode":0,"_alignFlags":8,"_left":-176}],"_contentSize":{"__type__":"cc.Size","width":352,"height":115},"_trs":{"__type__":"TypedArray","ctor":"Float64Array","array":[0,0,0,0,0,0,0,1,1,1]},"_zIndex":0},{"__type__":"cc.Node","_name":"Vertical","_parent":{"__id__":2},"_children":[{"__id__":9},{"__id__":10}],"_trs":{"__type__":"TypedArray","ctor":"Float64Array","array":[250,0,0,0,0,0,0,1,1,1]},"_zIndex":0},{"__type__":"cc.Node","_name":"03_Title","_parent":{"__id__":8},"_components":[{"__type__":"e4f88adp3hERoJ48DZ2PSAl","node":{"__id__":9},"_useOriginalSize":false,"_string":"垂直","_N$string":"垂直","_N$horizontalAlign":1,"_N$verticalAlign":1,"_N$textKey":"cases/02_ui/06_layout/LayoutResizeContainer.fire.36"},{"__type__":"cc.Widget","node":{"__id__":9},"alignMode":0,"_alignFlags":32,"_right":-40}],"_contentSize":{"__type__":"cc.Size","width":80,"height":40},"_trs":{"__type__":"TypedArray","ctor":"Float64Array","array":[0,-170,0,0,0,0,0,1,1,1]},"_zIndex":0},{"__type__":"cc.Node","_name":"03_Layout_Vertical","_parent":{"__id__":8},"_components":[{"__type__":"cc.Sprite","node":{"__id__":10},"_spriteFrame":{"__uuid__":"7ewuO0jsFIiKv5sYyeKk6T"},"_type":1,"_sizeMode":0},{"__type__":"cc.Layout","node":{"__id__":10},"_layoutSize":{"__type__":"cc.Size","width":106.4,"height":162},"_resize":1,"_N$layoutType":2,"_N$cellSize":{"__type__":"cc.Size"},"_N$paddingLeft":11,"_N$paddingRight":11,"_N$paddingTop":11,"_N$paddingBottom":11,"_N$spacingY":13,"_N$horizontalDirection":1},{"__type__":"cc.Widget","node":{"__id__":10},"alignMode":0,"_alignFlags":32,"_right":-53.19999999999999,"_top":204}],"_contentSize":{"__type__":"cc.Size","width":106.4,"height":162},"_trs":{"__type__":"TypedArray","ctor":"Float64Array","array":[-1.4210854715202004e-14,0,0,0,0,0,0,1,1,1]},"_zIndex":0},{"__type__":"cc.Node","_name":"LayoutResizeContainerCtrl","_parent":{"__id__":1},"_components":[{"__type__":"2bbedtV3blCVJbmf2E9h/0V","node":{"__id__":11},"itemTemp":{"__uuid__":"a8rM0uZiJMMYoeTbXytWi1"},"targetAry":[{"__type__":"info","target":{"__id__":7},"num":5},{"__type__":"info","target":{"__id__":10},"num":3}]}],"_trs":{"__type__":"TypedArray","ctor":"Float64Array","array":[0,0,0,0,0,0,0,1,1,1]},"_zIndex":0,"_id":"381f7y0PAFLEYCKqHsY8U5f"}]]