[{"__type__":"cc.SpriteFrame","content":{"name":"gold","texture":"99zidzwohNZ5hoJ7uNXp6p","rect":[0,0,80,80],"offset":[0,0],"originalSize":[80,80],"capInsets":[0,0,0,0]}},[{"__type__":"cc.Prefab","_name":"loadAnimTest","data":{"__id__":1}},{"__type__":"cc.Node","_name":"loadAnimTest","_components":[{"__type__":"cc.Sprite","node":{"__id__":1},"_spriteFrame":{"__uuid__":"a7F3ZqgbtMZ7QXau4AW1JU"}},{"__type__":"cc.Animation","node":{"__id__":1}}],"_prefab":{"__type__":"cc.PrefabInfo","root":{"__id__":1},"fileId":"193ca8wfbVA3oB9+C4UMtoW"},"_contentSize":{"__type__":"cc.Size","width":80,"height":80},"_trs":{"__type__":"TypedArray","ctor":"Float64Array","array":[0,0,0,0,0,0,0,1,1,1]}}]]