[{"__type__":"cc.SpriteFrame","content":{"name":"btn_pressed","texture":"4eAuwshg5DzJkQj/KqFRiE","rect":[0,0,194,68],"offset":[0,0],"originalSize":[194,68],"capInsets":[5,5,5,5]}},[{"__type__":"cc.Prefab","_name":"Search Block","data":{"__id__":1}},{"__type__":"cc.Node","_name":"Search Block","_children":[{"__id__":2},{"__id__":3},{"__id__":11}],"_components":[{"__type__":"cc.Sprite","_name":"Search Block<Sprite>","node":{"__id__":1},"_materials":[{"__uuid__":"ecpdLyjvZBwrvm+cedCcQy"}],"_spriteFrame":{"__uuid__":"a2MjXRFdtLlYQ5ouAFv/+R"},"_sizeMode":0,"_fillCenter":{"__type__":"cc.Vec2","x":20,"y":20},"_fillStart":1,"_fillRange":1},{"__type__":"5fac7sHbOhNlpzkn8js40Bz","node":{"__id__":1},"editBox":{"__id__":10}},{"__type__":"cc.BlockInputEvents","node":{"__id__":1}}],"_prefab":{"__type__":"cc.PrefabInfo","root":{"__id__":1},"asset":{"__uuid__":"33SKZaoRJABYjON1NO8PgT"},"fileId":"74pJAQ/lNGiIE/7R4Akcj8"},"_color":{"__type__":"cc.Color","g":171,"b":248},"_contentSize":{"__type__":"cc.Size","width":574,"height":46},"_trs":{"__type__":"TypedArray","ctor":"Float64Array","array":[480,666,0,0,0,0,1,1,1,1]},"_groupIndex":7,"groupIndex":7},{"__type__":"cc.Node","_name":"title","_parent":{"__id__":1},"_components":[{"__type__":"cc.Label","_name":"title<Label>","node":{"__id__":2},"_materials":[{"__uuid__":"ecpdLyjvZBwrvm+cedCcQy"}],"_useOriginalSize":false,"_string":"Scene","_N$string":"Scene","_fontSize":20,"_N$horizontalAlign":1,"_N$verticalAlign":1}],"_prefab":{"__type__":"cc.PrefabInfo","root":{"__id__":1},"asset":{"__uuid__":"33SKZaoRJABYjON1NO8PgT"},"fileId":"9eDKB6sD5Fw6jThKPt0ze2"},"_contentSize":{"__type__":"cc.Size","width":56.71,"height":50.4},"_trs":{"__type__":"TypedArray","ctor":"Float64Array","array":[-241.8000030517578,-1,0,0,0,0,1,1,1,1]},"_groupIndex":7,"groupIndex":7},{"__type__":"cc.Node","_name":"New EditBox","_parent":{"__id__":1},"_children":[{"__id__":4},{"__id__":6},{"__id__":8}],"_components":[{"__id__":10}],"_prefab":{"__type__":"cc.PrefabInfo","root":{"__id__":1},"asset":{"__uuid__":"33SKZaoRJABYjON1NO8PgT"},"fileId":"b8nqN0NlxKwbW6717ozbac"},"_contentSize":{"__type__":"cc.Size","width":400,"height":35},"_trs":{"__type__":"TypedArray","ctor":"Float64Array","array":[6,0,0,0,0,0,1,1,1,1]},"_groupIndex":7,"groupIndex":7},{"__type__":"cc.Node","_name":"BACKGROUND_SPRITE","_parent":{"__id__":3},"_components":[{"__id__":5}],"_prefab":{"__type__":"cc.PrefabInfo","root":{"__id__":1},"asset":{"__uuid__":"33SKZaoRJABYjON1NO8PgT"},"fileId":"2a5eWUSeJNUo6VJsFjaHnr"},"_contentSize":{"__type__":"cc.Size","width":400,"height":35},"_trs":{"__type__":"TypedArray","ctor":"Float64Array","array":[0,0,0,0,0,0,1,1,1,1]},"_groupIndex":7,"groupIndex":7},{"__type__":"cc.Sprite","_name":"BACKGROUND_SPRITE<Sprite>","node":{"__id__":4},"_materials":[{"__uuid__":"ecpdLyjvZBwrvm+cedCcQy"}],"_spriteFrame":{"__uuid__":"9c6C6oUVlO+b6/c289awH+"},"_type":1,"_sizeMode":0},{"__type__":"cc.Node","_name":"TEXT_LABEL","_parent":{"__id__":3},"_active":false,"_components":[{"__id__":7}],"_prefab":{"__type__":"cc.PrefabInfo","root":{"__id__":1},"asset":{"__uuid__":"33SKZaoRJABYjON1NO8PgT"},"fileId":"dbvNZkGLtD2baym1pIAnnZ"},"_contentSize":{"__type__":"cc.Size","width":398,"height":35},"_anchorPoint":{"__type__":"cc.Vec2","y":1},"_trs":{"__type__":"TypedArray","ctor":"Float64Array","array":[-185.8000030517578,17.5,0,0,0,0,1,1,1,1]},"_groupIndex":7,"groupIndex":7},{"__type__":"cc.Label","_name":"TEXT_LABEL<Label>","node":{"__id__":6},"_fontSize":20,"_enableWrapText":false,"_N$verticalAlign":1,"_N$overflow":1},{"__type__":"cc.Node","_name":"PLACEHOLDER_LABEL","_parent":{"__id__":3},"_components":[{"__id__":9}],"_prefab":{"__type__":"cc.PrefabInfo","root":{"__id__":1},"asset":{"__uuid__":"33SKZaoRJABYjON1NO8PgT"},"fileId":"f3VYQHYxtLyo61iX36iMBQ"},"_color":{"__type__":"cc.Color","r":187,"g":187,"b":187},"_contentSize":{"__type__":"cc.Size","width":398,"height":35},"_anchorPoint":{"__type__":"cc.Vec2","y":1},"_trs":{"__type__":"TypedArray","ctor":"Float64Array","array":[-198,17.5,0,0,0,0,1,1,1,1]},"_groupIndex":7,"groupIndex":7},{"__type__":"cc.Label","_name":"PLACEHOLDER_LABEL<Label>","node":{"__id__":8},"_materials":[{"__uuid__":"ecpdLyjvZBwrvm+cedCcQy"}],"_string":"Enter text here...","_N$string":"Enter text here...","_fontSize":20,"_lineHeight":35,"_enableWrapText":false,"_N$verticalAlign":1,"_N$overflow":1},{"__type__":"cc.EditBox","node":{"__id__":3},"_useOriginalSize":false,"maxLength":30,"_N$textLabel":{"__id__":7},"_N$placeholderLabel":{"__id__":9},"_N$background":{"__id__":5},"_N$inputMode":6},{"__type__":"cc.Node","_name":"button","_parent":{"__id__":1},"_children":[{"__id__":12}],"_components":[{"__type__":"cc.Sprite","_name":"button<Sprite>","node":{"__id__":11},"_materials":[{"__uuid__":"ecpdLyjvZBwrvm+cedCcQy"}],"_spriteFrame":{"__uuid__":"10VBcgulVAP7DEney37Yde"},"_type":1,"_sizeMode":0},{"__type__":"cc.Button","node":{"__id__":11},"clickEvents":[{"__type__":"cc.ClickEvent","target":{"__id__":1},"_componentId":"5fac7sHbOhNlpzkn8js40Bz","handler":"loadExample"}],"_N$transition":1,"transition":1,"_N$normalColor":{"__type__":"cc.Color","r":214,"g":214,"b":214},"_N$normalSprite":{"__uuid__":"93IPCkVxlHqI9nYkpyw1bw"}}],"_prefab":{"__type__":"cc.PrefabInfo","root":{"__id__":1},"asset":{"__uuid__":"33SKZaoRJABYjON1NO8PgT"},"fileId":"256VDmL7FH9aa7JYmqwBgI"},"_color":{"__type__":"cc.Color","r":214,"g":214,"b":214},"_contentSize":{"__type__":"cc.Size","width":66,"height":35},"_trs":{"__type__":"TypedArray","ctor":"Float64Array","array":[246.5,0,0,0,0,0,1,1,1,1]},"_groupIndex":7,"groupIndex":7},{"__type__":"cc.Node","_name":"Label","_parent":{"__id__":11},"_components":[{"__type__":"cc.Label","_name":"Label<Label>","node":{"__id__":12},"_materials":[{"__uuid__":"ecpdLyjvZBwrvm+cedCcQy"}],"_useOriginalSize":false,"_string":"GO","_N$string":"GO","_fontSize":20,"_enableWrapText":false,"_N$horizontalAlign":1,"_N$verticalAlign":1,"_N$overflow":1}],"_prefab":{"__type__":"cc.PrefabInfo","root":{"__id__":1},"asset":{"__uuid__":"33SKZaoRJABYjON1NO8PgT"},"fileId":"81FHVKocJBK7iaf+506bMH"},"_contentSize":{"__type__":"cc.Size","width":80,"height":40},"_trs":{"__type__":"TypedArray","ctor":"Float64Array","array":[0,0,0,0,0,0,1,1,1,1]},"_groupIndex":7,"groupIndex":7}],{"__type__":"cc.SpriteFrame","content":{"name":"panelBG","texture":"32Kf6rsGJMda2RuWJgLe8h","rect":[0,0,27,30],"offset":[0,0],"originalSize":[27,30],"capInsets":[11,12,11,15]}},{"__type__":"cc.SpriteFrame","content":{"name":"editbox_bg","texture":"04Od28WJNP0KIz0PXlG6XN","rect":[0,0,40,40],"offset":[0,0],"originalSize":[40,40],"capInsets":[2,2,2,2]}},{"__type__":"cc.SpriteFrame","content":{"name":"default_sprite_splash","texture":"02delMVqdBD70a/HSD99FK","rect":[0,0,2,2],"offset":[0,0],"originalSize":[2,2],"capInsets":[0,0,0,0]}}]