[{"__type__":"cc.SpriteFrame","content":{"name":"back icon","texture":"aejj1gdn5JO4pNa1ZOfsqw","rect":[0,0,24,24],"offset":[0,0],"originalSize":[24,24],"capInsets":[0,0,0,0]}},[{"__type__":"cc.Prefab","_name":"Left Menu","data":{"__id__":1}},{"__type__":"cc.Node","_name":"Left Menu","_children":[{"__id__":2}],"_components":[{"__type__":"cc.Widget","node":{"__id__":1},"_alignFlags":9,"_left":-23,"_top":-23}],"_prefab":{"__type__":"cc.PrefabInfo","root":{"__id__":1},"asset":{"__uuid__":"6ci1CbxR9HcJuwnERKv5yD"},"fileId":"f1ydjOcixPCqfRy24wZSRW"},"_trs":{"__type__":"TypedArray","ctor":"Float64Array","array":[-480,320,0,0,0,0,0,1,1,1]},"_zIndex":0},{"__type__":"cc.Node","_name":"btnBack","_parent":{"__id__":1},"_children":[{"__id__":3}],"_components":[{"__type__":"cc.Sprite","node":{"__id__":2},"_spriteFrame":{"__uuid__":"a2MjXRFdtLlYQ5ouAFv/+R"},"_type":1,"_sizeMode":0},{"__type__":"cc.Button","node":{"__id__":2},"clickEvents":[null],"_N$transition":1,"transition":1,"_N$normalColor":{"__type__":"cc.Color","g":171,"b":248},"_N$pressedColor":{"__type__":"cc.Color","g":141,"b":206},"pressedColor":{"__type__":"cc.Color","g":141,"b":206},"_N$hoverColor":{"__type__":"cc.Color","r":60,"g":186,"b":247},"hoverColor":{"__type__":"cc.Color","r":60,"g":186,"b":247},"_N$disabledColor":{"__type__":"cc.Color","r":255,"g":255,"b":255},"_N$target":{"__id__":2}}],"_prefab":{"__type__":"cc.PrefabInfo","root":{"__id__":1},"asset":{"__uuid__":"6ci1CbxR9HcJuwnERKv5yD"},"fileId":"715adW7LO1A/ZA67FJaVh1v"},"_color":{"__type__":"cc.Color","g":171,"b":248},"_contentSize":{"__type__":"cc.Size","width":141,"height":90},"_anchorPoint":{"__type__":"cc.Vec2","x":0.6976691438212628,"y":0.9695517305558904},"_trs":{"__type__":"TypedArray","ctor":"Float64Array","array":[0,0,0,0,0,0,0,1,1,1]},"_eulerAngles":{"__type__":"cc.Vec3","z":45},"_zIndex":0},{"__type__":"cc.Node","_name":"back icon","_parent":{"__id__":2},"_components":[{"__type__":"cc.Sprite","node":{"__id__":3},"_srcBlendFactor":1,"_spriteFrame":{"__uuid__":"02GjIXRNdDj6if+Hv+vonZ"}}],"_prefab":{"__type__":"cc.PrefabInfo","root":{"__id__":1},"asset":{"__uuid__":"6ci1CbxR9HcJuwnERKv5yD"},"fileId":"8cZw5sGQdLVbn1tTdC1CUt"},"_contentSize":{"__type__":"cc.Size","width":24,"height":24},"_trs":{"__type__":"TypedArray","ctor":"Float64Array","array":[-4.392893314361572,-56.47005844116211,0,0,0,0,0,1.7000000476837158,1.7000000476837158,1]},"_eulerAngles":{"__type__":"cc.Vec3","z":-45},"_zIndex":0}],{"__type__":"cc.SpriteFrame","content":{"name":"default_sprite_splash","texture":"02delMVqdBD70a/HSD99FK","rect":[0,0,2,2],"offset":[0,0],"originalSize":[2,2],"capInsets":[0,0,0,0]}}]