[{"__type__":"cc.SceneAsset","_name":"LoadSpine","scene":{"__id__":1},"asyncLoadAssets":null},{"__type__":"cc.Scene","_name":"New Node","_children":[{"__id__":2}],"_anchorPoint":{"__type__":"cc.Vec2"},"_trs":{"__type__":"TypedArray","ctor":"Float64Array","array":[0,0,0,0,0,0,1,0.5072916666666667,0.5072916666666667,1]},"_zIndex":0,"autoReleaseAssets":false},{"__type__":"cc.Node","_name":"Canvas","_parent":{"__id__":1},"_children":[{"__id__":3},{"__id__":4},{"__id__":5},{"__id__":7}],"_components":[{"__type__":"cc.Canvas","node":{"__id__":2}},{"__type__":"cc.Widget","node":{"__id__":2},"_alignFlags":45}],"_contentSize":{"__type__":"cc.Size","width":960,"height":640},"_trs":{"__type__":"TypedArray","ctor":"Float64Array","array":[480,320,0,0,0,0,0,1,1,1]},"_zIndex":0,"_id":"84tx8nMjVPc4da1N0ec/+Z"},{"__type__":"cc.Node","_name":"Main Camera","_parent":{"__id__":2},"_components":[{"__type__":"cc.Camera","node":{"__id__":3},"_clearFlags":7,"_depth":-1}],"_trs":{"__type__":"TypedArray","ctor":"Float64Array","array":[0,0,0,0,0,0,0,1,1,1]},"_zIndex":0},{"__type__":"cc.Node","_parent":{"__id__":2},"_id":"8aBfCjGhRFWpETqgV/jl4e","_prefab":{"__type__":"cc.PrefabInfo","root":{"__id__":4},"asset":{"__uuid__":"b8OSNRvpdPAZhePn0hGPPJ"},"fileId":"78fd70+ls5GgJcFkzvLSRk8","sync":true},"_name":"Background","_trs":{"__type__":"TypedArray","ctor":"Float64Array","array":[0,0,0,0,0,0,0,1,1,1]}},{"__type__":"cc.Node","_name":"Spine","_parent":{"__id__":2},"_components":[{"__type__":"sp.Skeleton","node":{"__id__":5}},{"__type__":"282b2tQFyZNyISOFPjrcQoM","node":{"__id__":5},"label":{"__id__":6}}],"_contentSize":{"__type__":"cc.Size","width":365.79,"height":391.51},"_trs":{"__type__":"TypedArray","ctor":"Float64Array","array":[0,-122,0,0,0,0,0,0.5,0.5,1]},"_eulerAngles":{"__type__":"cc.Vec3","z":-1},"_zIndex":0},{"__type__":"e4f88adp3hERoJ48DZ2PSAl","node":{"__id__":7},"_N$textKey":""},{"__type__":"cc.Node","_name":"tip","_parent":{"__id__":2},"_components":[{"__id__":6}],"_contentSize":{"__type__":"cc.Size","height":40},"_trs":{"__type__":"TypedArray","ctor":"Float64Array","array":[0,-255,0,0,0,0,0,1,1,1]},"_zIndex":0}]