[[{"__type__":"cc.SceneAsset","_name":"DragonBonesCollider","scene":{"__id__":1},"asyncLoadAssets":null},{"__type__":"cc.Scene","_name":"New Node","_children":[{"__id__":2}],"_anchorPoint":{"__type__":"cc.Vec2"},"_trs":{"__type__":"TypedArray","ctor":"Float64Array","array":[0,0,0,0,0,0,1,1,1,1]},"autoReleaseAssets":false},{"__type__":"cc.Node","_name":"Canvas","_parent":{"__id__":1},"_children":[{"__id__":3},{"__id__":4},{"__id__":49}],"_components":[{"__type__":"cc.Canvas","node":{"__id__":2}},{"__type__":"cc.Widget","node":{"__id__":2},"_alignFlags":45}],"_contentSize":{"__type__":"cc.Size","width":960,"height":640},"_trs":{"__type__":"TypedArray","ctor":"Float64Array","array":[480,320,0,0,0,0,1,1,1,1]},"_id":"a5esZu+45LA5mBpvttspPD"},{"__type__":"cc.Node","_name":"Main Camera","_parent":{"__id__":2},"_components":[{"__type__":"cc.Camera","node":{"__id__":3},"_clearFlags":7,"_depth":-1},{"__type__":"cc.Widget","node":{"__id__":3},"_alignFlags":45}],"_contentSize":{"__type__":"cc.Size","width":960,"height":640},"_trs":{"__type__":"TypedArray","ctor":"Float64Array","array":[0,0,0,0,0,0,1,1,1,1]}},{"__type__":"cc.Node","_name":"DragonbonesNode","_parent":{"__id__":2},"_children":[{"__id__":5}],"_components":[{"__type__":"dragonBones.ArmatureDisplay","node":{"__id__":4},"_materials":[{"__uuid__":"ecpdLyjvZBwrvm+cedCcQy"}],"_armatureName":"Swordsman-NestArmature","_animationName":"walk","_preCacheMode":0,"_armatureKey":"63626a22-bdb3-4914-8032-4945b3486a5f#6684b89f-54ee-4c2f-8ca0-4481f35f9d37","_N$dragonAsset":{"__uuid__":"63YmoivbNJFIAySUWzSGpf"},"_N$dragonAtlasAsset":{"__uuid__":"66hLifVO5ML4ygRIHzX503"},"_N$timeScale":0.5}],"_trs":{"__type__":"TypedArray","ctor":"Float64Array","array":[0,-119.331,0,0,0,0,1,0.6,0.6,1]}},{"__type__":"cc.Node","_name":"ATTACHED_NODE_TREE","_parent":{"__id__":4},"_children":[{"__id__":6}],"_trs":{"__type__":"TypedArray","ctor":"Float64Array","array":[0,0,0,0,0,0,1,1,1,1]}},{"__type__":"cc.Node","_name":"ATTACHED_NODE:root","_parent":{"__id__":5},"_children":[{"__id__":7},{"__id__":47},{"__id__":48},{"__type__":"cc.Node","_name":"ATTACHED_NODE:effectdaoguang2","_parent":{"__id__":6},"_trs":{"__type__":"TypedArray","ctor":"Float64Array","array":[0,0,0,0,0,0,1,1,1,1]}},{"__type__":"cc.Node","_name":"ATTACHED_NODE:effect1","_parent":{"__id__":6},"_trs":{"__type__":"TypedArray","ctor":"Float64Array","array":[0,0,0,0,0,0,1,1,1,1]}},{"__type__":"cc.Node","_name":"ATTACHED_NODE:effectdaoguang","_parent":{"__id__":6},"_trs":{"__type__":"TypedArray","ctor":"Float64Array","array":[0,0,0,0,0,0,1,1,1,1]}},{"__type__":"cc.Node","_name":"ATTACHED_NODE:effect2","_parent":{"__id__":6},"_trs":{"__type__":"TypedArray","ctor":"Float64Array","array":[0,0,0,0,0,0,1,1,1,1]}},{"__type__":"cc.Node","_name":"ATTACHED_NODE:effect3","_parent":{"__id__":6},"_trs":{"__type__":"TypedArray","ctor":"Float64Array","array":[0,0,0,0,0,0,1,1,1,1]}}],"_trs":{"__type__":"TypedArray","ctor":"Float64Array","array":[0,0,0,0,0,0,1,1,1,1]}},{"__type__":"cc.Node","_name":"ATTACHED_NODE:kudang","_parent":{"__id__":6},"_children":[{"__id__":8},{"__type__":"cc.Node","_name":"ATTACHED_NODE:kuabu","_parent":{"__id__":7},"_trs":{"__type__":"TypedArray","ctor":"Float64Array","array":[0,0,0,0,0,0,1,1,1,1]}},{"__id__":15},{"__id__":39},{"__id__":40}],"_trs":{"__type__":"TypedArray","ctor":"Float64Array","array":[0,0,0,0,0,0,1,1,1,1]}},{"__type__":"cc.Node","_name":"ATTACHED_NODE:zuotui1","_parent":{"__id__":7},"_children":[{"__id__":9}],"_trs":{"__type__":"TypedArray","ctor":"Float64Array","array":[0,0,0,0,0,0,1,1,1,1]}},{"__type__":"cc.Node","_name":"ATTACHED_NODE:zuojiao1","_parent":{"__id__":8},"_children":[{"__id__":10},{"__id__":14}],"_trs":{"__type__":"TypedArray","ctor":"Float64Array","array":[0,0,0,0,0,0,1,1,1,1]}},{"__type__":"cc.Node","_name":"ATTACHED_NODE:zuoxie21","_parent":{"__id__":9},"_children":[{"__id__":11},{"__id__":13}],"_trs":{"__type__":"TypedArray","ctor":"Float64Array","array":[0,0,0,0,0,0,1,1,1,1]}},{"__type__":"cc.Node","_name":"ATTACHED_NODE:zuoxie2","_parent":{"__id__":10},"_children":[{"__id__":12}],"_trs":{"__type__":"TypedArray","ctor":"Float64Array","array":[0,0,0,0,0,0,1,1,1,1]}},{"__type__":"cc.Node","_name":"zuoxie-collider","_parent":{"__id__":11},"_components":[{"__type__":"cc.PolygonCollider","node":{"__id__":12},"points":[{"__type__":"cc.Vec2","x":-14.7,"y":-11.4},{"__type__":"cc.Vec2","x":54.7,"y":-10.4},{"__type__":"cc.Vec2","x":52.9,"y":20},{"__type__":"cc.Vec2","x":-14.7,"y":19}]}],"_trs":{"__type__":"TypedArray","ctor":"Float64Array","array":[0,0,0,0,0,0,1,1,1,1]},"_groupIndex":6,"groupIndex":6},{"__type__":"cc.Node","_name":"zuoxie-collider","_parent":{"__id__":10},"_components":[{"__type__":"cc.PolygonCollider","node":{"__id__":13},"points":[{"__type__":"cc.Vec2","x":-25.8,"y":-35.4},{"__type__":"cc.Vec2","x":59.3,"y":-4.1},{"__type__":"cc.Vec2","x":39.4,"y":47.9},{"__type__":"cc.Vec2","x":-45.8,"y":15.2}]}],"_trs":{"__type__":"TypedArray","ctor":"Float64Array","array":[0,0,0,0,0,0,1,1,1,1]}},{"__type__":"cc.Node","_name":"ATTACHED_NODE:huo1","_parent":{"__id__":9},"_children":[{"__type__":"cc.Node","_name":"ATTACHED_NODE:fiii1","_parent":{"__id__":14},"_trs":{"__type__":"TypedArray","ctor":"Float64Array","array":[0,0,0,0,0,0,1,1,1,1]}}],"_trs":{"__type__":"TypedArray","ctor":"Float64Array","array":[0,0,0,0,0,0,1,1,1,1]}},{"__type__":"cc.Node","_name":"ATTACHED_NODE:fubu","_parent":{"__id__":7},"_children":[{"__id__":16}],"_trs":{"__type__":"TypedArray","ctor":"Float64Array","array":[0,0,0,0,0,0,1,1,1,1]}},{"__type__":"cc.Node","_name":"ATTACHED_NODE:xiong","_parent":{"__id__":15},"_children":[{"__id__":17},{"__type__":"cc.Node","_name":"ATTACHED_NODE:youjianjia1","_parent":{"__id__":16},"_trs":{"__type__":"TypedArray","ctor":"Float64Array","array":[0,0,0,0,0,0,1,1,1,1]}},{"__id__":27},{"__type__":"cc.Node","_name":"ATTACHED_NODE:jian","_parent":{"__id__":16},"_trs":{"__type__":"TypedArray","ctor":"Float64Array","array":[0,0,0,0,0,0,1,1,1,1]}},{"__id__":30},{"__id__":37},{"__type__":"cc.Node","_name":"ATTACHED_NODE:zuojian2","_parent":{"__id__":16},"_trs":{"__type__":"TypedArray","ctor":"Float64Array","array":[0,0,0,0,0,0,1,1,1,1]}}],"_trs":{"__type__":"TypedArray","ctor":"Float64Array","array":[0,0,0,0,0,0,1,1,1,1]}},{"__type__":"cc.Node","_name":"ATTACHED_NODE:youbi","_parent":{"__id__":16},"_children":[{"__id__":18}],"_trs":{"__type__":"TypedArray","ctor":"Float64Array","array":[0,0,0,0,0,0,1,1,1,1]}},{"__type__":"cc.Node","_name":"ATTACHED_NODE:youwang","_parent":{"__id__":17},"_children":[{"__id__":19}],"_trs":{"__type__":"TypedArray","ctor":"Float64Array","array":[0,0,0,0,0,0,1,1,1,1]}},{"__type__":"cc.Node","_name":"ATTACHED_NODE:youzhang","_parent":{"__id__":18},"_children":[{"__id__":20}],"_trs":{"__type__":"TypedArray","ctor":"Float64Array","array":[0,0,0,0,0,0,1,1,1,1]}},{"__type__":"cc.Node","_name":"ATTACHED_NODE:R-JIAN1","_parent":{"__id__":19},"_children":[{"__id__":21}],"_trs":{"__type__":"TypedArray","ctor":"Float64Array","array":[0,0,0,0,0,0,1,1,1,1]}},{"__type__":"cc.Node","_name":"ATTACHED_NODE:root","_parent":{"__id__":20},"_children":[{"__id__":22}],"_trs":{"__type__":"TypedArray","ctor":"Float64Array","array":[0,0,0,0,0,0,1,1,1,1]}},{"__type__":"cc.Node","_name":"ATTACHED_NODE:bone","_parent":{"__id__":21},"_children":[{"__id__":23}],"_trs":{"__type__":"TypedArray","ctor":"Float64Array","array":[0,0,0,0,0,0,1,1,1,1]}},{"__type__":"cc.Node","_name":"ATTACHED_NODE:daobing3","_parent":{"__id__":22},"_children":[{"__type__":"cc.Node","_name":"ATTACHED_NODE:daobing1","_parent":{"__id__":23},"_trs":{"__type__":"TypedArray","ctor":"Float64Array","array":[0,0,0,0,0,0,1,1,1,1]}},{"__id__":24},{"__id__":25},{"__type__":"cc.Node","_name":"ATTACHED_NODE:dao","_parent":{"__id__":23},"_trs":{"__type__":"TypedArray","ctor":"Float64Array","array":[0,0,0,0,0,0,1,1,1,1]}},{"__id__":26},{"__type__":"cc.Node","_name":"ATTACHED_NODE:xx5","_parent":{"__id__":23},"_trs":{"__type__":"TypedArray","ctor":"Float64Array","array":[0,0,0,0,0,0,1,1,1,1]}},{"__type__":"cc.Node","_name":"ATTACHED_NODE:xx4","_parent":{"__id__":23},"_trs":{"__type__":"TypedArray","ctor":"Float64Array","array":[0,0,0,0,0,0,1,1,1,1]}},{"__type__":"cc.Node","_name":"ATTACHED_NODE:dapbing2","_parent":{"__id__":23},"_trs":{"__type__":"TypedArray","ctor":"Float64Array","array":[0,0,0,0,0,0,1,1,1,1]}}],"_trs":{"__type__":"TypedArray","ctor":"Float64Array","array":[0,0,0,0,0,0,1,1,1,1]}},{"__type__":"cc.Node","_name":"ATTACHED_NODE:xx2","_parent":{"__id__":23},"_children":[{"__type__":"cc.Node","_name":"ATTACHED_NODE:xx1","_parent":{"__id__":24},"_trs":{"__type__":"TypedArray","ctor":"Float64Array","array":[0,0,0,0,0,0,1,1,1,1]}}],"_trs":{"__type__":"TypedArray","ctor":"Float64Array","array":[0,0,0,0,0,0,1,1,1,1]}},{"__type__":"cc.Node","_name":"ATTACHED_NODE:xx3","_parent":{"__id__":23},"_children":[{"__type__":"cc.Node","_name":"ATTACHED_NODE:dao1","_parent":{"__id__":25},"_trs":{"__type__":"TypedArray","ctor":"Float64Array","array":[0,0,0,0,0,0,1,1,1,1]}}],"_trs":{"__type__":"TypedArray","ctor":"Float64Array","array":[0,0,0,0,0,0,1,1,1,1]}},{"__type__":"cc.Node","_name":"ATTACHED_NODE:xx21","_parent":{"__id__":23},"_children":[{"__type__":"cc.Node","_name":"ATTACHED_NODE:xx11","_parent":{"__id__":26},"_trs":{"__type__":"TypedArray","ctor":"Float64Array","array":[0,0,0,0,0,0,1,1,1,1]}}],"_trs":{"__type__":"TypedArray","ctor":"Float64Array","array":[0,0,0,0,0,0,1,1,1,1]}},{"__type__":"cc.Node","_name":"ATTACHED_NODE:fasheqi","_parent":{"__id__":16},"_children":[{"__id__":28},{"__id__":29}],"_trs":{"__type__":"TypedArray","ctor":"Float64Array","array":[0,0,0,0,0,0,1,1,1,1]}},{"__type__":"cc.Node","_name":"ATTACHED_NODE:huo12","_parent":{"__id__":27},"_children":[{"__type__":"cc.Node","_name":"ATTACHED_NODE:fiii12","_parent":{"__id__":28},"_trs":{"__type__":"TypedArray","ctor":"Float64Array","array":[0,0,0,0,0,0,1,1,1,1]}}],"_trs":{"__type__":"TypedArray","ctor":"Float64Array","array":[0,0,0,0,0,0,1,1,1,1]}},{"__type__":"cc.Node","_name":"ATTACHED_NODE:huo2","_parent":{"__id__":27},"_children":[{"__type__":"cc.Node","_name":"ATTACHED_NODE:fiii13","_parent":{"__id__":29},"_trs":{"__type__":"TypedArray","ctor":"Float64Array","array":[0,0,0,0,0,0,1,1,1,1]}}],"_trs":{"__type__":"TypedArray","ctor":"Float64Array","array":[0,0,0,0,0,0,1,1,1,1]}},{"__type__":"cc.Node","_name":"ATTACHED_NODE:zuobi2","_parent":{"__id__":16},"_children":[{"__id__":31}],"_trs":{"__type__":"TypedArray","ctor":"Float64Array","array":[0,0,0,0,0,0,1,1,1,1]}},{"__type__":"cc.Node","_name":"ATTACHED_NODE:zuowang2","_parent":{"__id__":30},"_children":[{"__id__":32}],"_trs":{"__type__":"TypedArray","ctor":"Float64Array","array":[0,0,0,0,0,0,1,1,1,1]}},{"__type__":"cc.Node","_name":"ATTACHED_NODE:zuozhang2","_parent":{"__id__":31},"_children":[{"__id__":33}],"_trs":{"__type__":"TypedArray","ctor":"Float64Array","array":[0,0,0,0,0,0,1,1,1,1]}},{"__type__":"cc.Node","_name":"ATTACHED_NODE:daobing31","_parent":{"__id__":32},"_children":[{"__type__":"cc.Node","_name":"ATTACHED_NODE:daobing11","_parent":{"__id__":33},"_trs":{"__type__":"TypedArray","ctor":"Float64Array","array":[0,0,0,0,0,0,1,1,1,1]}},{"__type__":"cc.Node","_name":"ATTACHED_NODE:dapbing21","_parent":{"__id__":33},"_trs":{"__type__":"TypedArray","ctor":"Float64Array","array":[0,0,0,0,0,0,1,1,1,1]}},{"__type__":"cc.Node","_name":"ATTACHED_NODE:dao2","_parent":{"__id__":33},"_trs":{"__type__":"TypedArray","ctor":"Float64Array","array":[0,0,0,0,0,0,1,1,1,1]}},{"__id__":34},{"__id__":35},{"__type__":"cc.Node","_name":"ATTACHED_NODE:xx41","_parent":{"__id__":33},"_trs":{"__type__":"TypedArray","ctor":"Float64Array","array":[0,0,0,0,0,0,1,1,1,1]}},{"__id__":36},{"__type__":"cc.Node","_name":"ATTACHED_NODE:xx51","_parent":{"__id__":33},"_trs":{"__type__":"TypedArray","ctor":"Float64Array","array":[0,0,0,0,0,0,1,1,1,1]}},{"__type__":"cc.Node","_name":"ATTACHED_NODE:eedaoguang2","_parent":{"__id__":33},"_trs":{"__type__":"TypedArray","ctor":"Float64Array","array":[0,0,0,0,0,0,1,1,1,1]}}],"_trs":{"__type__":"TypedArray","ctor":"Float64Array","array":[0,0,0,0,0,0,1,1,1,1]}},{"__type__":"cc.Node","_name":"ATTACHED_NODE:xx22","_parent":{"__id__":33},"_children":[{"__type__":"cc.Node","_name":"ATTACHED_NODE:xx12","_parent":{"__id__":34},"_trs":{"__type__":"TypedArray","ctor":"Float64Array","array":[0,0,0,0,0,0,1,1,1,1]}}],"_trs":{"__type__":"TypedArray","ctor":"Float64Array","array":[0,0,0,0,0,0,1,1,1,1]}},{"__type__":"cc.Node","_name":"ATTACHED_NODE:xx31","_parent":{"__id__":33},"_children":[{"__type__":"cc.Node","_name":"ATTACHED_NODE:dao11","_parent":{"__id__":35},"_trs":{"__type__":"TypedArray","ctor":"Float64Array","array":[0,0,0,0,0,0,1,1,1,1]}}],"_trs":{"__type__":"TypedArray","ctor":"Float64Array","array":[0,0,0,0,0,0,1,1,1,1]}},{"__type__":"cc.Node","_name":"ATTACHED_NODE:xx23","_parent":{"__id__":33},"_children":[{"__type__":"cc.Node","_name":"ATTACHED_NODE:xx13","_parent":{"__id__":36},"_trs":{"__type__":"TypedArray","ctor":"Float64Array","array":[0,0,0,0,0,0,1,1,1,1]}}],"_trs":{"__type__":"TypedArray","ctor":"Float64Array","array":[0,0,0,0,0,0,1,1,1,1]}},{"__type__":"cc.Node","_name":"ATTACHED_NODE:bozi","_parent":{"__id__":16},"_children":[{"__id__":38}],"_trs":{"__type__":"TypedArray","ctor":"Float64Array","array":[0,0,0,0,0,0,1,1,1,1]}},{"__type__":"cc.Node","_name":"ATTACHED_NODE:boli","_parent":{"__id__":37},"_children":[{"__type__":"cc.Node","_name":"ATTACHED_NODE:gaoguang","_parent":{"__id__":38},"_trs":{"__type__":"TypedArray","ctor":"Float64Array","array":[0,0,0,0,0,0,1,1,1,1]}}],"_trs":{"__type__":"TypedArray","ctor":"Float64Array","array":[0,0,0,0,0,0,1,1,1,1]}},{"__type__":"cc.Node","_name":"ATTACHED_NODE:feng","_parent":{"__id__":7},"_children":[{"__type__":"cc.Node","_name":"ATTACHED_NODE:feng2","_parent":{"__id__":39},"_trs":{"__type__":"TypedArray","ctor":"Float64Array","array":[0,0,0,0,0,0,1,1,1,1]}},{"__type__":"cc.Node","_name":"ATTACHED_NODE:feng1","_parent":{"__id__":39},"_trs":{"__type__":"TypedArray","ctor":"Float64Array","array":[0,0,0,0,0,0,1,1,1,1]}}],"_trs":{"__type__":"TypedArray","ctor":"Float64Array","array":[0,0,0,0,0,0,1,1,1,1]}},{"__type__":"cc.Node","_name":"ATTACHED_NODE:youtui2","_parent":{"__id__":7},"_children":[{"__id__":41}],"_trs":{"__type__":"TypedArray","ctor":"Float64Array","array":[0,0,0,0,0,0,1,1,1,1]}},{"__type__":"cc.Node","_name":"ATTACHED_NODE:youjiao2","_parent":{"__id__":40},"_children":[{"__id__":42},{"__id__":43}],"_trs":{"__type__":"TypedArray","ctor":"Float64Array","array":[0,0,0,0,0,0,1,1,1,1]}},{"__type__":"cc.Node","_name":"ATTACHED_NODE:huo11","_parent":{"__id__":41},"_children":[{"__type__":"cc.Node","_name":"ATTACHED_NODE:fiii11","_parent":{"__id__":42},"_trs":{"__type__":"TypedArray","ctor":"Float64Array","array":[0,0,0,0,0,0,1,1,1,1]}}],"_trs":{"__type__":"TypedArray","ctor":"Float64Array","array":[0,0,0,0,0,0,1,1,1,1]}},{"__type__":"cc.Node","_name":"ATTACHED_NODE:youxie21","_parent":{"__id__":41},"_children":[{"__id__":44},{"__id__":46}],"_trs":{"__type__":"TypedArray","ctor":"Float64Array","array":[0,0,0,0,0,0,1,1,1,1]}},{"__type__":"cc.Node","_name":"ATTACHED_NODE:youxie2","_parent":{"__id__":43},"_children":[{"__id__":45}],"_trs":{"__type__":"TypedArray","ctor":"Float64Array","array":[0,0,0,0,0,0,1,1,1,1]}},{"__type__":"cc.Node","_name":"youxue-collider","_parent":{"__id__":44},"_components":[{"__type__":"cc.PolygonCollider","node":{"__id__":45},"points":[{"__type__":"cc.Vec2","x":-9.9,"y":-11},{"__type__":"cc.Vec2","x":60.8,"y":-15.2},{"__type__":"cc.Vec2","x":63.4,"y":22.6},{"__type__":"cc.Vec2","x":-7.7,"y":29.5}]}],"_trs":{"__type__":"TypedArray","ctor":"Float64Array","array":[0,0,0,0,0,0,1,1,1,1]},"_groupIndex":6,"groupIndex":6},{"__type__":"cc.Node","_name":"youxue-collider","_parent":{"__id__":43},"_components":[{"__type__":"cc.PolygonCollider","node":{"__id__":46},"points":[{"__type__":"cc.Vec2","x":-12.7,"y":-57.4},{"__type__":"cc.Vec2","x":62.4,"y":-2.5},{"__type__":"cc.Vec2","x":21.8,"y":50.5},{"__type__":"cc.Vec2","x":-50.4,"y":-5.7}]}],"_trs":{"__type__":"TypedArray","ctor":"Float64Array","array":[0,0,0,0,0,0,1,1,1,1]},"_groupIndex":6,"groupIndex":6},{"__type__":"cc.Node","_name":"ATTACHED_NODE:zuoxie211","_parent":{"__id__":6},"_children":[{"__type__":"cc.Node","_name":"ATTACHED_NODE:zuoxie22","_parent":{"__id__":47},"_trs":{"__type__":"TypedArray","ctor":"Float64Array","array":[0,0,0,0,0,0,1,1,1,1]}},{"__type__":"cc.Node","_name":"ATTACHED_NODE:zuojiao11","_parent":{"__id__":47},"_trs":{"__type__":"TypedArray","ctor":"Float64Array","array":[0,0,0,0,0,0,1,1,1,1]}}],"_trs":{"__type__":"TypedArray","ctor":"Float64Array","array":[0,0,0,0,0,0,1,1,1,1]}},{"__type__":"cc.Node","_name":"ATTACHED_NODE:youxie211","_parent":{"__id__":6},"_children":[{"__type__":"cc.Node","_name":"ATTACHED_NODE:youxie22","_parent":{"__id__":48},"_trs":{"__type__":"TypedArray","ctor":"Float64Array","array":[0,0,0,0,0,0,1,1,1,1]}},{"__type__":"cc.Node","_name":"ATTACHED_NODE:youjiao21","_parent":{"__id__":48},"_trs":{"__type__":"TypedArray","ctor":"Float64Array","array":[0,0,0,0,0,0,1,1,1,1]}}],"_trs":{"__type__":"TypedArray","ctor":"Float64Array","array":[0,0,0,0,0,0,1,1,1,1]}},{"__type__":"cc.Node","_name":"platform","_parent":{"__id__":2},"_components":[{"__type__":"cc.Sprite","node":{"__id__":49},"_materials":[{"__uuid__":"ecpdLyjvZBwrvm+cedCcQy"}],"_spriteFrame":{"__uuid__":"a2MjXRFdtLlYQ5ouAFv/+R"},"_sizeMode":0},{"__type__":"cc.BoxCollider","node":{"__id__":49},"_size":{"__type__":"cc.Size","width":857,"height":50}},{"__type__":"bc72dk4AitNwKGh/9zb4UjM","node":{"__id__":49}},{"__type__":"cc.Widget","node":{"__id__":49},"_alignFlags":16}],"_contentSize":{"__type__":"cc.Size","width":857,"height":50},"_trs":{"__type__":"TypedArray","ctor":"Float64Array","array":[0,-144.357,0,0,0,0,1,1,1,1]},"_groupIndex":3,"groupIndex":3}],{"__type__":"cc.SpriteFrame","content":{"name":"default_sprite_splash","texture":"02delMVqdBD70a/HSD99FK","rect":[0,0,2,2],"offset":[0,0],"originalSize":[2,2],"capInsets":[0,0,0,0]}}]