[{"__type__":"cc.SpriteFrame","content":{"name":"content_mipmap","texture":"d0hVCaRpBL75THNu6Ohh4P","rect":[0,0,512,512],"offset":[0,0],"originalSize":[512,512],"capInsets":[0,0,0,0]}},[{"__type__":"cc.SceneAsset","_name":"mipmap","scene":{"__id__":1},"asyncLoadAssets":null},{"__type__":"cc.Scene","_name":"New Node","_children":[{"__id__":2}],"_anchorPoint":{"__type__":"cc.Vec2"},"_trs":{"__type__":"TypedArray","ctor":"Float64Array","array":[0,0,0,0,0,0,1,1,1,1]},"autoReleaseAssets":false},{"__type__":"cc.Node","_name":"Canvas","_parent":{"__id__":1},"_children":[{"__id__":3},{"__id__":4},{"__id__":6}],"_components":[{"__type__":"cc.Canvas","node":{"__id__":2}},{"__type__":"cc.Widget","node":{"__id__":2},"_alignFlags":45}],"_contentSize":{"__type__":"cc.Size","width":960,"height":640},"_trs":{"__type__":"TypedArray","ctor":"Float64Array","array":[480,320,0,0,0,0,0,1,1,1]},"_id":"ceOwkHrFJPT5UTbXCxMiLc"},{"__type__":"cc.Node","_name":"Main Camera","_parent":{"__id__":2},"_components":[{"__type__":"cc.Camera","node":{"__id__":3},"_clearFlags":7,"_backgroundColor":{"__type__":"cc.Color","r":56,"g":59,"b":65},"_depth":-1}],"_trs":{"__type__":"TypedArray","ctor":"Float64Array","array":[0,0,554.2562866210938,0,0,0,0,1,1,1]}},{"__type__":"cc.Node","_name":"New Label","_parent":{"__id__":2},"_children":[{"__id__":5}],"_components":[{"__type__":"cc.Label","node":{"__id__":4},"_materials":[{"__uuid__":"ecpdLyjvZBwrvm+cedCcQy"}],"_useOriginalSize":false,"_string":"mipmap","_N$string":"mipmap","_N$horizontalAlign":1,"_N$verticalAlign":1}],"_contentSize":{"__type__":"cc.Size","width":142.27,"height":50.4},"_trs":{"__type__":"TypedArray","ctor":"Float64Array","array":[-150,-80,0,0,0,0,0,1,1,1]}},{"__type__":"cc.Node","_name":"content_mipmap","_parent":{"__id__":4},"_components":[{"__type__":"cc.Sprite","node":{"__id__":5},"_materials":[{"__uuid__":"ecpdLyjvZBwrvm+cedCcQy"}],"_spriteFrame":{"__uuid__":"56q9sR8g1CDJw0L3AOyWjo"}}],"_contentSize":{"__type__":"cc.Size","width":512,"height":512},"_trs":{"__type__":"TypedArray","ctor":"Float64Array","array":[0,80,0,0,0,0,0,0.10000000149011612,0.10000000149011612,0.10000000149011612]}},{"__type__":"cc.Node","_name":"New Label","_parent":{"__id__":2},"_children":[{"__id__":7}],"_components":[{"__type__":"cc.Label","node":{"__id__":6},"_materials":[{"__uuid__":"ecpdLyjvZBwrvm+cedCcQy"}],"_useOriginalSize":false,"_string":"no mipmap","_N$string":"no mipmap","_N$horizontalAlign":1,"_N$verticalAlign":1}],"_contentSize":{"__type__":"cc.Size","width":197.87,"height":50.4},"_trs":{"__type__":"TypedArray","ctor":"Float64Array","array":[150,-80,0,0,0,0,0,1,1,1]}},{"__type__":"cc.Node","_name":"content","_parent":{"__id__":6},"_components":[{"__type__":"cc.Sprite","node":{"__id__":7},"_materials":[{"__uuid__":"ecpdLyjvZBwrvm+cedCcQy"}],"_spriteFrame":{"__uuid__":"bfhnyuiiFP/52t0htQmKGm"}}],"_contentSize":{"__type__":"cc.Size","width":512,"height":512},"_trs":{"__type__":"TypedArray","ctor":"Float64Array","array":[0,80,0,0,0,0,0,0.10000000149011612,0.10000000149011612,0.10000000149011612]}}],{"__type__":"cc.SpriteFrame","content":{"name":"content","texture":"6bT67Vq8NKd6+dNe1npaSL","rect":[0,0,512,512],"offset":[0,0],"originalSize":[512,512],"capInsets":[0,0,0,0]}}]