[{"__type__":"cc.SceneAsset","_name":"3d-model-toon","scene":{"__id__":1},"asyncLoadAssets":null},{"__type__":"cc.Scene","_name":"New Node","_children":[{"__id__":2}],"_anchorPoint":{"__type__":"cc.Vec2"},"_trs":{"__type__":"TypedArray","ctor":"Float64Array","array":[0,0,0,0,0,0,1,1,1,1]},"autoReleaseAssets":false},{"__type__":"cc.Node","_name":"Canvas","_parent":{"__id__":1},"_children":[{"__id__":3},{"__id__":4},{"__id__":5},{"__id__":6}],"_components":[{"__type__":"cc.Canvas","node":{"__id__":2}},{"__type__":"cc.Widget","node":{"__id__":2},"_alignFlags":45}],"_contentSize":{"__type__":"cc.Size","width":960,"height":640},"_trs":{"__type__":"TypedArray","ctor":"Float64Array","array":[480,320,0,0,0,0,1,1,1,1]},"_id":"feOLwqPgdBWIzod9Tr2d9C"},{"__type__":"cc.Node","_name":"Main Camera","_parent":{"__id__":2},"_components":[{"__type__":"cc.Camera","node":{"__id__":3},"_clearFlags":7,"_backgroundColor":{"__type__":"cc.Color","r":56,"g":59,"b":65},"_depth":-1}],"_trs":{"__type__":"TypedArray","ctor":"Float64Array","array":[0,0,370.65887451171875,0,0,0,1,1,1,1]}},{"__type__":"cc.Node","_name":"New Directional Light","_parent":{"__id__":2},"_components":[{"__type__":"cc.Light","node":{"__id__":4},"_shadowMaxDepth":1000,"_shadowFrustumSize":50}],"_trs":{"__type__":"TypedArray","ctor":"Float64Array","array":[0,0,0,-0.2954253554344177,-0.5872665643692017,0.24325242638587952,0.7132111191749573,1,1,1]},"_eulerAngles":{"__type__":"cc.Vec3","x":-10.863,"y":-74.543,"z":43.945},"_is3DNode":true},{"__type__":"cc.Node","_name":"New Ambient Light","_parent":{"__id__":2},"_components":[{"__type__":"cc.Light","node":{"__id__":5},"_type":3,"_intensity":0.5,"_range":1,"_shadowMaxDepth":1000,"_shadowFrustumSize":50}],"_trs":{"__type__":"TypedArray","ctor":"Float64Array","array":[0,0,0,0,0,0,1,1,1,1]},"_is3DNode":true},{"__type__":"cc.Node","_name":"RootNode","_parent":{"__id__":2},"_children":[{"__id__":7},{"__id__":59},{"__id__":60}],"_components":[{"__type__":"cc.SkeletonAnimation","node":{"__id__":6},"_defaultClip":{"__uuid__":"a5TalXpJFHcLcNtoPFDTDl"},"_clips":[{"__uuid__":"a5TalXpJFHcLcNtoPFDTDl"},{"__uuid__":"4eZbs+jFdBu6Dan22CHvGe"},{"__uuid__":"81xO0kSyNGPoFxuox++N55"}],"playOnLoad":true,"_model":{"__uuid__":"d36hX7PClNloySVmJ+8G8S"}}],"_prefab":{"__type__":"cc.PrefabInfo","root":{"__id__":6},"asset":{"__uuid__":"42+LiBB9xJiK1VURpNJ9AJ"},"fileId":"d3ea15fb-3c29-4d96-8c92-56627ef06f12"},"_trs":{"__type__":"TypedArray","ctor":"Float64Array","array":[0,-174.57899475097656,0,0,0,0,1,250,250,250]},"_is3DNode":true},{"__type__":"cc.Node","_name":"mixamorig:Hips","_parent":{"__id__":6},"_children":[{"__id__":8},{"__id__":51},{"__id__":55}],"_prefab":{"__type__":"cc.PrefabInfo","root":{"__id__":6},"asset":{"__uuid__":"42+LiBB9xJiK1VURpNJ9AJ"},"fileId":"mixamorig:Hips"},"_trs":{"__type__":"TypedArray","ctor":"Float64Array","array":[-8.671660709994435e-21,1.0399147272109985,0.02076076529920101,0,0,0,1,1,1,1]},"_is3DNode":true},{"__type__":"cc.Node","_name":"mixamorig:Spine","_parent":{"__id__":7},"_children":[{"__id__":9}],"_prefab":{"__type__":"cc.PrefabInfo","root":{"__id__":6},"asset":{"__uuid__":"42+LiBB9xJiK1VURpNJ9AJ"},"fileId":"mixamorig:Hips/mixamorig:Spine"},"_trs":{"__type__":"TypedArray","ctor":"Float64Array","array":[9.234152287262987e-8,0.10181587934494019,0.0013152091996744275,0,0,0,1,1,1,1]},"_is3DNode":true},{"__type__":"cc.Node","_name":"mixamorig:Spine1","_parent":{"__id__":8},"_children":[{"__id__":10}],"_prefab":{"__type__":"cc.PrefabInfo","root":{"__id__":6},"asset":{"__uuid__":"42+LiBB9xJiK1VURpNJ9AJ"},"fileId":"mixamorig:Hips/mixamorig:Spine/mixamorig:Spine1"},"_trs":{"__type__":"TypedArray","ctor":"Float64Array","array":[2.5194029085184866e-9,0.10083451122045517,-0.010008042678236961,0,0,0,1,1,1,1]},"_is3DNode":true},{"__type__":"cc.Node","_name":"mixamorig:Spine2","_parent":{"__id__":9},"_children":[{"__id__":11},{"__id__":13},{"__id__":32}],"_prefab":{"__type__":"cc.PrefabInfo","root":{"__id__":6},"asset":{"__uuid__":"42+LiBB9xJiK1VURpNJ9AJ"},"fileId":"mixamorig:Hips/mixamorig:Spine/mixamorig:Spine1/mixamorig:Spine2"},"_trs":{"__type__":"TypedArray","ctor":"Float64Array","array":[3.4574862972647225e-9,0.09100010991096497,-0.01373417116701603,0,0,0,1,1,1,1]},"_is3DNode":true},{"__type__":"cc.Node","_name":"mixamorig:Neck","_parent":{"__id__":10},"_children":[{"__id__":12}],"_prefab":{"__type__":"cc.PrefabInfo","root":{"__id__":6},"asset":{"__uuid__":"42+LiBB9xJiK1VURpNJ9AJ"},"fileId":"mixamorig:Hips/mixamorig:Spine/mixamorig:Spine1/mixamorig:Spine2/mixamorig:Neck"},"_trs":{"__type__":"TypedArray","ctor":"Float64Array","array":[6.334285540532392e-9,0.16671667993068695,-0.025161677971482277,0,0,0,1,1,1,1]},"_is3DNode":true},{"__type__":"cc.Node","_name":"mixamorig:Head","_parent":{"__id__":11},"_children":[{"__type__":"cc.Node","_name":"mixamorig:HeadTop_End","_parent":{"__id__":12},"_prefab":{"__type__":"cc.PrefabInfo","root":{"__id__":6},"asset":{"__uuid__":"42+LiBB9xJiK1VURpNJ9AJ"},"fileId":"mixamorig:Hips/mixamorig:Spine/mixamorig:Spine1/mixamorig:Spine2/mixamorig:Neck/mixamorig:Head/mixamorig:HeadTop_End"},"_trs":{"__type__":"TypedArray","ctor":"Float64Array","array":[-6.508241501279599e-9,0.17815154790878296,0.025849854573607445,0,0,0,1,1,1,1]},"_is3DNode":true},{"__type__":"cc.Node","_name":"mixamorig:LeftEye","_parent":{"__id__":12},"_prefab":{"__type__":"cc.PrefabInfo","root":{"__id__":6},"asset":{"__uuid__":"42+LiBB9xJiK1VURpNJ9AJ"},"fileId":"mixamorig:Hips/mixamorig:Spine/mixamorig:Spine1/mixamorig:Spine2/mixamorig:Neck/mixamorig:Head/mixamorig:LeftEye"},"_trs":{"__type__":"TypedArray","ctor":"Float64Array","array":[0.030675606802105904,0.06409507244825363,0.09283553808927536,0,0,0,1,1,1,1]},"_is3DNode":true},{"__type__":"cc.Node","_name":"mixamorig:RightEye","_parent":{"__id__":12},"_prefab":{"__type__":"cc.PrefabInfo","root":{"__id__":6},"asset":{"__uuid__":"42+LiBB9xJiK1VURpNJ9AJ"},"fileId":"mixamorig:Hips/mixamorig:Spine/mixamorig:Spine1/mixamorig:Spine2/mixamorig:Neck/mixamorig:Head/mixamorig:RightEye"},"_trs":{"__type__":"TypedArray","ctor":"Float64Array","array":[-0.030675504356622696,0.06409499794244766,0.09283547103404999,0,0,0,1,1,1,1]},"_is3DNode":true}],"_prefab":{"__type__":"cc.PrefabInfo","root":{"__id__":6},"asset":{"__uuid__":"42+LiBB9xJiK1VURpNJ9AJ"},"fileId":"mixamorig:Hips/mixamorig:Spine/mixamorig:Spine1/mixamorig:Spine2/mixamorig:Neck/mixamorig:Head"},"_trs":{"__type__":"TypedArray","ctor":"Float64Array","array":[-4.24231849649459e-9,0.09617874771356583,0.016850074753165245,0,0,0,1,1,1,1]},"_is3DNode":true},{"__type__":"cc.Node","_name":"mixamorig:LeftShoulder","_parent":{"__id__":10},"_children":[{"__id__":14}],"_prefab":{"__type__":"cc.PrefabInfo","root":{"__id__":6},"asset":{"__uuid__":"42+LiBB9xJiK1VURpNJ9AJ"},"fileId":"mixamorig:Hips/mixamorig:Spine/mixamorig:Spine1/mixamorig:Spine2/mixamorig:LeftShoulder"},"_trs":{"__type__":"TypedArray","ctor":"Float64Array","array":[0.04570446535944939,0.10945984721183777,-0.026279879733920097,0,0,0,1,1,1,1]},"_is3DNode":true},{"__type__":"cc.Node","_name":"mixamorig:LeftArm","_parent":{"__id__":13},"_children":[{"__id__":15}],"_prefab":{"__type__":"cc.PrefabInfo","root":{"__id__":6},"asset":{"__uuid__":"42+LiBB9xJiK1VURpNJ9AJ"},"fileId":"mixamorig:Hips/mixamorig:Spine/mixamorig:Spine1/mixamorig:Spine2/mixamorig:LeftShoulder/mixamorig:LeftArm"},"_trs":{"__type__":"TypedArray","ctor":"Float64Array","array":[0.10592369735240936,-0.005245829001069069,-0.022321199998259544,0,0,0,1,1,1,1]},"_is3DNode":true},{"__type__":"cc.Node","_name":"mixamorig:LeftForeArm","_parent":{"__id__":14},"_children":[{"__id__":16}],"_prefab":{"__type__":"cc.PrefabInfo","root":{"__id__":6},"asset":{"__uuid__":"42+LiBB9xJiK1VURpNJ9AJ"},"fileId":"mixamorig:Hips/mixamorig:Spine/mixamorig:Spine1/mixamorig:Spine2/mixamorig:LeftShoulder/mixamorig:LeftArm/mixamorig:LeftForeArm"},"_trs":{"__type__":"TypedArray","ctor":"Float64Array","array":[0.2784152030944824,-8.942864724303945e-7,3.7458909218912595e-7,0,0,0,1,1,1,1]},"_is3DNode":true},{"__type__":"cc.Node","_name":"mixamorig:LeftHand","_parent":{"__id__":15},"_children":[{"__id__":17},{"__id__":20},{"__id__":23},{"__id__":26},{"__id__":29}],"_prefab":{"__type__":"cc.PrefabInfo","root":{"__id__":6},"asset":{"__uuid__":"42+LiBB9xJiK1VURpNJ9AJ"},"fileId":"mixamorig:Hips/mixamorig:Spine/mixamorig:Spine1/mixamorig:Spine2/mixamorig:LeftShoulder/mixamorig:LeftArm/mixamorig:LeftForeArm/mixamorig:LeftHand"},"_trs":{"__type__":"TypedArray","ctor":"Float64Array","array":[0.2832883894443512,-1.7440717670069716e-7,3.7804522889928194e-7,0,0,0,1,1,1,1]},"_is3DNode":true},{"__type__":"cc.Node","_name":"mixamorig:LeftHandThumb1","_parent":{"__id__":16},"_children":[{"__id__":18}],"_prefab":{"__type__":"cc.PrefabInfo","root":{"__id__":6},"asset":{"__uuid__":"42+LiBB9xJiK1VURpNJ9AJ"},"fileId":"mixamorig:Hips/mixamorig:Spine/mixamorig:Spine1/mixamorig:Spine2/mixamorig:LeftShoulder/mixamorig:LeftArm/mixamorig:LeftForeArm/mixamorig:LeftHand/mixamorig:LeftHandThumb1"},"_trs":{"__type__":"TypedArray","ctor":"Float64Array","array":[0.02466140128672123,-0.015750491991639137,0.026824135333299637,0,0,0,1,1,1,1]},"_is3DNode":true},{"__type__":"cc.Node","_name":"mixamorig:LeftHandThumb2","_parent":{"__id__":17},"_children":[{"__id__":19}],"_prefab":{"__type__":"cc.PrefabInfo","root":{"__id__":6},"asset":{"__uuid__":"42+LiBB9xJiK1VURpNJ9AJ"},"fileId":"mixamorig:Hips/mixamorig:Spine/mixamorig:Spine1/mixamorig:Spine2/mixamorig:LeftShoulder/mixamorig:LeftArm/mixamorig:LeftForeArm/mixamorig:LeftHand/mixamorig:LeftHandThumb1/mixamorig:LeftHandThumb2"},"_trs":{"__type__":"TypedArray","ctor":"Float64Array","array":[0.03229803591966629,-0.018646907061338425,0.018646812066435814,0,0,0,1,1,1,1]},"_is3DNode":true},{"__type__":"cc.Node","_name":"mixamorig:LeftHandThumb3","_parent":{"__id__":18},"_children":[{"__type__":"cc.Node","_name":"mixamorig:LeftHandThumb4","_parent":{"__id__":19},"_prefab":{"__type__":"cc.PrefabInfo","root":{"__id__":6},"asset":{"__uuid__":"42+LiBB9xJiK1VURpNJ9AJ"},"fileId":"mixamorig:Hips/mixamorig:Spine/mixamorig:Spine1/mixamorig:Spine2/mixamorig:LeftShoulder/mixamorig:LeftArm/mixamorig:LeftForeArm/mixamorig:LeftHand/mixamorig:LeftHandThumb1/mixamorig:LeftHandThumb2/mixamorig:LeftHandThumb3/mixamorig:LeftHandThumb4"},"_trs":{"__type__":"TypedArray","ctor":"Float64Array","array":[0.019545668736100197,-0.01128500048071146,0.011284921318292618,0,0,0,1,1,1,1]},"_is3DNode":true}],"_prefab":{"__type__":"cc.PrefabInfo","root":{"__id__":6},"asset":{"__uuid__":"42+LiBB9xJiK1VURpNJ9AJ"},"fileId":"mixamorig:Hips/mixamorig:Spine/mixamorig:Spine1/mixamorig:Spine2/mixamorig:LeftShoulder/mixamorig:LeftArm/mixamorig:LeftForeArm/mixamorig:LeftHand/mixamorig:LeftHandThumb1/mixamorig:LeftHandThumb2/mixamorig:LeftHandThumb3"},"_trs":{"__type__":"TypedArray","ctor":"Float64Array","array":[0.026525650173425674,-0.015314929187297821,0.015314715914428234,0,0,0,1,1,1,1]},"_is3DNode":true},{"__type__":"cc.Node","_name":"mixamorig:LeftHandIndex1","_parent":{"__id__":16},"_children":[{"__id__":21}],"_prefab":{"__type__":"cc.PrefabInfo","root":{"__id__":6},"asset":{"__uuid__":"42+LiBB9xJiK1VURpNJ9AJ"},"fileId":"mixamorig:Hips/mixamorig:Spine/mixamorig:Spine1/mixamorig:Spine2/mixamorig:LeftShoulder/mixamorig:LeftArm/mixamorig:LeftForeArm/mixamorig:LeftHand/mixamorig:LeftHandIndex1"},"_trs":{"__type__":"TypedArray","ctor":"Float64Array","array":[0.09109301120042801,-0.00517083378508687,0.022600730881094933,0,0,0,1,1,1,1]},"_is3DNode":true},{"__type__":"cc.Node","_name":"mixamorig:LeftHandIndex2","_parent":{"__id__":20},"_children":[{"__id__":22}],"_prefab":{"__type__":"cc.PrefabInfo","root":{"__id__":6},"asset":{"__uuid__":"42+LiBB9xJiK1VURpNJ9AJ"},"fileId":"mixamorig:Hips/mixamorig:Spine/mixamorig:Spine1/mixamorig:Spine2/mixamorig:LeftShoulder/mixamorig:LeftArm/mixamorig:LeftForeArm/mixamorig:LeftHand/mixamorig:LeftHandIndex1/mixamorig:LeftHandIndex2"},"_trs":{"__type__":"TypedArray","ctor":"Float64Array","array":[0.03676409274339676,-6.93913833060833e-8,2.9242517030070303e-7,0,0,0,1,1,1,1]},"_is3DNode":true},{"__type__":"cc.Node","_name":"mixamorig:LeftHandIndex3","_parent":{"__id__":21},"_children":[{"__type__":"cc.Node","_name":"mixamorig:LeftHandIndex4","_parent":{"__id__":22},"_prefab":{"__type__":"cc.PrefabInfo","root":{"__id__":6},"asset":{"__uuid__":"42+LiBB9xJiK1VURpNJ9AJ"},"fileId":"mixamorig:Hips/mixamorig:Spine/mixamorig:Spine1/mixamorig:Spine2/mixamorig:LeftShoulder/mixamorig:LeftArm/mixamorig:LeftForeArm/mixamorig:LeftHand/mixamorig:LeftHandIndex1/mixamorig:LeftHandIndex2/mixamorig:LeftHandIndex3/mixamorig:LeftHandIndex4"},"_trs":{"__type__":"TypedArray","ctor":"Float64Array","array":[0.023927198722958565,3.7025907317911333e-7,3.35544342533467e-7,0,0,0,1,1,1,1]},"_is3DNode":true}],"_prefab":{"__type__":"cc.PrefabInfo","root":{"__id__":6},"asset":{"__uuid__":"42+LiBB9xJiK1VURpNJ9AJ"},"fileId":"mixamorig:Hips/mixamorig:Spine/mixamorig:Spine1/mixamorig:Spine2/mixamorig:LeftShoulder/mixamorig:LeftArm/mixamorig:LeftForeArm/mixamorig:LeftHand/mixamorig:LeftHandIndex1/mixamorig:LeftHandIndex2/mixamorig:LeftHandIndex3"},"_trs":{"__type__":"TypedArray","ctor":"Float64Array","array":[0.028830625116825104,3.851196765936038e-7,-4.2764816043927567e-7,0,0,0,1,1,1,1]},"_is3DNode":true},{"__type__":"cc.Node","_name":"mixamorig:LeftHandMiddle1","_parent":{"__id__":16},"_children":[{"__id__":24}],"_prefab":{"__type__":"cc.PrefabInfo","root":{"__id__":6},"asset":{"__uuid__":"42+LiBB9xJiK1VURpNJ9AJ"},"fileId":"mixamorig:Hips/mixamorig:Spine/mixamorig:Spine1/mixamorig:Spine2/mixamorig:LeftShoulder/mixamorig:LeftArm/mixamorig:LeftForeArm/mixamorig:LeftHand/mixamorig:LeftHandMiddle1"},"_trs":{"__type__":"TypedArray","ctor":"Float64Array","array":[0.0953340157866478,-3.392404721580533e-7,1.3937025755694776e-7,0,0,0,1,1,1,1]},"_is3DNode":true},{"__type__":"cc.Node","_name":"mixamorig:LeftHandMiddle2","_parent":{"__id__":23},"_children":[{"__id__":25}],"_prefab":{"__type__":"cc.PrefabInfo","root":{"__id__":6},"asset":{"__uuid__":"42+LiBB9xJiK1VURpNJ9AJ"},"fileId":"mixamorig:Hips/mixamorig:Spine/mixamorig:Spine1/mixamorig:Spine2/mixamorig:LeftShoulder/mixamorig:LeftArm/mixamorig:LeftForeArm/mixamorig:LeftHand/mixamorig:LeftHandMiddle1/mixamorig:LeftHandMiddle2"},"_trs":{"__type__":"TypedArray","ctor":"Float64Array","array":[0.03698236495256424,1.9613590751532683e-8,1.7916967465225753e-7,0,0,0,1,1,1,1]},"_is3DNode":true},{"__type__":"cc.Node","_name":"mixamorig:LeftHandMiddle3","_parent":{"__id__":24},"_children":[{"__type__":"cc.Node","_name":"mixamorig:LeftHandMiddle4","_parent":{"__id__":25},"_prefab":{"__type__":"cc.PrefabInfo","root":{"__id__":6},"asset":{"__uuid__":"42+LiBB9xJiK1VURpNJ9AJ"},"fileId":"mixamorig:Hips/mixamorig:Spine/mixamorig:Spine1/mixamorig:Spine2/mixamorig:LeftShoulder/mixamorig:LeftArm/mixamorig:LeftForeArm/mixamorig:LeftHand/mixamorig:LeftHandMiddle1/mixamorig:LeftHandMiddle2/mixamorig:LeftHandMiddle3/mixamorig:LeftHandMiddle4"},"_trs":{"__type__":"TypedArray","ctor":"Float64Array","array":[0.028339024633169174,-3.8934820167924045e-7,-9.504223186240779e-8,0,0,0,1,1,1,1]},"_is3DNode":true}],"_prefab":{"__type__":"cc.PrefabInfo","root":{"__id__":6},"asset":{"__uuid__":"42+LiBB9xJiK1VURpNJ9AJ"},"fileId":"mixamorig:Hips/mixamorig:Spine/mixamorig:Spine1/mixamorig:Spine2/mixamorig:LeftShoulder/mixamorig:LeftArm/mixamorig:LeftForeArm/mixamorig:LeftHand/mixamorig:LeftHandMiddle1/mixamorig:LeftHandMiddle2/mixamorig:LeftHandMiddle3"},"_trs":{"__type__":"TypedArray","ctor":"Float64Array","array":[0.02950921468436718,-3.9376084259856725e-7,1.6447960149434948e-7,0,0,0,1,1,1,1]},"_is3DNode":true},{"__type__":"cc.Node","_name":"mixamorig:LeftHandRing1","_parent":{"__id__":16},"_children":[{"__id__":27}],"_prefab":{"__type__":"cc.PrefabInfo","root":{"__id__":6},"asset":{"__uuid__":"42+LiBB9xJiK1VURpNJ9AJ"},"fileId":"mixamorig:Hips/mixamorig:Spine/mixamorig:Spine1/mixamorig:Spine2/mixamorig:LeftShoulder/mixamorig:LeftArm/mixamorig:LeftForeArm/mixamorig:LeftHand/mixamorig:LeftHandRing1"},"_trs":{"__type__":"TypedArray","ctor":"Float64Array","array":[0.09104527533054352,-0.00043939505121670663,-0.018650846555829048,0,0,0,1,1,1,1]},"_is3DNode":true},{"__type__":"cc.Node","_name":"mixamorig:LeftHandRing2","_parent":{"__id__":26},"_children":[{"__id__":28}],"_prefab":{"__type__":"cc.PrefabInfo","root":{"__id__":6},"asset":{"__uuid__":"42+LiBB9xJiK1VURpNJ9AJ"},"fileId":"mixamorig:Hips/mixamorig:Spine/mixamorig:Spine1/mixamorig:Spine2/mixamorig:LeftShoulder/mixamorig:LeftArm/mixamorig:LeftForeArm/mixamorig:LeftHand/mixamorig:LeftHandRing1/mixamorig:LeftHandRing2"},"_trs":{"__type__":"TypedArray","ctor":"Float64Array","array":[0.031540267169475555,-6.553467812864255e-8,1.0425743823816447e-7,0,0,0,1,1,1,1]},"_is3DNode":true},{"__type__":"cc.Node","_name":"mixamorig:LeftHandRing3","_parent":{"__id__":27},"_children":[{"__type__":"cc.Node","_name":"mixamorig:LeftHandRing4","_parent":{"__id__":28},"_prefab":{"__type__":"cc.PrefabInfo","root":{"__id__":6},"asset":{"__uuid__":"42+LiBB9xJiK1VURpNJ9AJ"},"fileId":"mixamorig:Hips/mixamorig:Spine/mixamorig:Spine1/mixamorig:Spine2/mixamorig:LeftShoulder/mixamorig:LeftArm/mixamorig:LeftForeArm/mixamorig:LeftHand/mixamorig:LeftHandRing1/mixamorig:LeftHandRing2/mixamorig:LeftHandRing3/mixamorig:LeftHandRing4"},"_trs":{"__type__":"TypedArray","ctor":"Float64Array","array":[0.026474526152014732,-4.980441303814587e-7,7.070515284368639e-10,0,0,0,1,1,1,1]},"_is3DNode":true}],"_prefab":{"__type__":"cc.PrefabInfo","root":{"__id__":6},"asset":{"__uuid__":"42+LiBB9xJiK1VURpNJ9AJ"},"fileId":"mixamorig:Hips/mixamorig:Spine/mixamorig:Spine1/mixamorig:Spine2/mixamorig:LeftShoulder/mixamorig:LeftArm/mixamorig:LeftForeArm/mixamorig:LeftHand/mixamorig:LeftHandRing1/mixamorig:LeftHandRing2/mixamorig:LeftHandRing3"},"_trs":{"__type__":"TypedArray","ctor":"Float64Array","array":[0.029376722872257233,-4.545861713722843e-7,-6.864757295943491e-8,0,0,0,1,1,1,1]},"_is3DNode":true},{"__type__":"cc.Node","_name":"mixamorig:LeftHandPinky1","_parent":{"__id__":16},"_children":[{"__id__":30}],"_prefab":{"__type__":"cc.PrefabInfo","root":{"__id__":6},"asset":{"__uuid__":"42+LiBB9xJiK1VURpNJ9AJ"},"fileId":"mixamorig:Hips/mixamorig:Spine/mixamorig:Spine1/mixamorig:Spine2/mixamorig:LeftShoulder/mixamorig:LeftArm/mixamorig:LeftForeArm/mixamorig:LeftHand/mixamorig:LeftHandPinky1"},"_trs":{"__type__":"TypedArray","ctor":"Float64Array","array":[0.08077777922153473,-0.004886682145297527,-0.03806066885590553,0,0,0,1,1,1,1]},"_is3DNode":true},{"__type__":"cc.Node","_name":"mixamorig:LeftHandPinky2","_parent":{"__id__":29},"_children":[{"__id__":31}],"_prefab":{"__type__":"cc.PrefabInfo","root":{"__id__":6},"asset":{"__uuid__":"42+LiBB9xJiK1VURpNJ9AJ"},"fileId":"mixamorig:Hips/mixamorig:Spine/mixamorig:Spine1/mixamorig:Spine2/mixamorig:LeftShoulder/mixamorig:LeftArm/mixamorig:LeftForeArm/mixamorig:LeftHand/mixamorig:LeftHandPinky1/mixamorig:LeftHandPinky2"},"_trs":{"__type__":"TypedArray","ctor":"Float64Array","array":[0.03600034490227699,-2.252215125508883e-8,-2.6238794248456543e-7,0,0,0,1,1,1,1]},"_is3DNode":true},{"__type__":"cc.Node","_name":"mixamorig:LeftHandPinky3","_parent":{"__id__":30},"_children":[{"__type__":"cc.Node","_name":"mixamorig:LeftHandPinky4","_parent":{"__id__":31},"_prefab":{"__type__":"cc.PrefabInfo","root":{"__id__":6},"asset":{"__uuid__":"42+LiBB9xJiK1VURpNJ9AJ"},"fileId":"mixamorig:Hips/mixamorig:Spine/mixamorig:Spine1/mixamorig:Spine2/mixamorig:LeftShoulder/mixamorig:LeftArm/mixamorig:LeftForeArm/mixamorig:LeftHand/mixamorig:LeftHandPinky1/mixamorig:LeftHandPinky2/mixamorig:LeftHandPinky3/mixamorig:LeftHandPinky4"},"_trs":{"__type__":"TypedArray","ctor":"Float64Array","array":[0.019756825640797615,1.240565694615725e-7,-4.4301404500401986e-7,0,0,0,1,1,1,1]},"_is3DNode":true}],"_prefab":{"__type__":"cc.PrefabInfo","root":{"__id__":6},"asset":{"__uuid__":"42+LiBB9xJiK1VURpNJ9AJ"},"fileId":"mixamorig:Hips/mixamorig:Spine/mixamorig:Spine1/mixamorig:Spine2/mixamorig:LeftShoulder/mixamorig:LeftArm/mixamorig:LeftForeArm/mixamorig:LeftHand/mixamorig:LeftHandPinky1/mixamorig:LeftHandPinky2/mixamorig:LeftHandPinky3"},"_trs":{"__type__":"TypedArray","ctor":"Float64Array","array":[0.02114211581647396,1.9538281037512206e-7,-2.8644150162904225e-8,0,0,0,1,1,1,1]},"_is3DNode":true},{"__type__":"cc.Node","_name":"mixamorig:RightShoulder","_parent":{"__id__":10},"_children":[{"__id__":33}],"_prefab":{"__type__":"cc.PrefabInfo","root":{"__id__":6},"asset":{"__uuid__":"42+LiBB9xJiK1VURpNJ9AJ"},"fileId":"mixamorig:Hips/mixamorig:Spine/mixamorig:Spine1/mixamorig:Spine2/mixamorig:RightShoulder"},"_trs":{"__type__":"TypedArray","ctor":"Float64Array","array":[-0.045699696987867355,0.10946176201105118,-0.026280174031853676,0,0,0,1,1,1,1]},"_is3DNode":true},{"__type__":"cc.Node","_name":"mixamorig:RightArm","_parent":{"__id__":32},"_children":[{"__id__":34}],"_prefab":{"__type__":"cc.PrefabInfo","root":{"__id__":6},"asset":{"__uuid__":"42+LiBB9xJiK1VURpNJ9AJ"},"fileId":"mixamorig:Hips/mixamorig:Spine/mixamorig:Spine1/mixamorig:Spine2/mixamorig:RightShoulder/mixamorig:RightArm"},"_trs":{"__type__":"TypedArray","ctor":"Float64Array","array":[-0.105928435921669,-0.005247983615845442,-0.022320985794067383,0,0,0,1,1,1,1]},"_is3DNode":true},{"__type__":"cc.Node","_name":"mixamorig:RightForeArm","_parent":{"__id__":33},"_children":[{"__id__":35}],"_prefab":{"__type__":"cc.PrefabInfo","root":{"__id__":6},"asset":{"__uuid__":"42+LiBB9xJiK1VURpNJ9AJ"},"fileId":"mixamorig:Hips/mixamorig:Spine/mixamorig:Spine1/mixamorig:Spine2/mixamorig:RightShoulder/mixamorig:RightArm/mixamorig:RightForeArm"},"_trs":{"__type__":"TypedArray","ctor":"Float64Array","array":[-0.2784152030944824,-3.307921758732846e-7,1.1676310407437995e-7,0,0,0,1,1,1,1]},"_is3DNode":true},{"__type__":"cc.Node","_name":"mixamorig:RightHand","_parent":{"__id__":34},"_children":[{"__id__":36},{"__id__":39},{"__id__":42},{"__id__":45},{"__id__":48}],"_prefab":{"__type__":"cc.PrefabInfo","root":{"__id__":6},"asset":{"__uuid__":"42+LiBB9xJiK1VURpNJ9AJ"},"fileId":"mixamorig:Hips/mixamorig:Spine/mixamorig:Spine1/mixamorig:Spine2/mixamorig:RightShoulder/mixamorig:RightArm/mixamorig:RightForeArm/mixamorig:RightHand"},"_trs":{"__type__":"TypedArray","ctor":"Float64Array","array":[-0.2832883894443512,-1.5814171083761153e-9,5.581601385529211e-7,0,0,0,1,1,1,1]},"_is3DNode":true},{"__type__":"cc.Node","_name":"mixamorig:RightHandPinky1","_parent":{"__id__":35},"_children":[{"__id__":37}],"_prefab":{"__type__":"cc.PrefabInfo","root":{"__id__":6},"asset":{"__uuid__":"42+LiBB9xJiK1VURpNJ9AJ"},"fileId":"mixamorig:Hips/mixamorig:Spine/mixamorig:Spine1/mixamorig:Spine2/mixamorig:RightShoulder/mixamorig:RightArm/mixamorig:RightForeArm/mixamorig:RightHand/mixamorig:RightHandPinky1"},"_trs":{"__type__":"TypedArray","ctor":"Float64Array","array":[-0.08076674491167068,-0.0048845927231013775,-0.03806010261178017,0,0,0,1,1,1,1]},"_is3DNode":true},{"__type__":"cc.Node","_name":"mixamorig:RightHandPinky2","_parent":{"__id__":36},"_children":[{"__id__":38}],"_prefab":{"__type__":"cc.PrefabInfo","root":{"__id__":6},"asset":{"__uuid__":"42+LiBB9xJiK1VURpNJ9AJ"},"fileId":"mixamorig:Hips/mixamorig:Spine/mixamorig:Spine1/mixamorig:Spine2/mixamorig:RightShoulder/mixamorig:RightArm/mixamorig:RightForeArm/mixamorig:RightHand/mixamorig:RightHandPinky1/mixamorig:RightHandPinky2"},"_trs":{"__type__":"TypedArray","ctor":"Float64Array","array":[-0.03600034490227699,3.967665520576702e-7,5.081441827314848e-7,0,0,0,1,1,1,1]},"_is3DNode":true},{"__type__":"cc.Node","_name":"mixamorig:RightHandPinky3","_parent":{"__id__":37},"_children":[{"__type__":"cc.Node","_name":"mixamorig:RightHandPinky4","_parent":{"__id__":38},"_prefab":{"__type__":"cc.PrefabInfo","root":{"__id__":6},"asset":{"__uuid__":"42+LiBB9xJiK1VURpNJ9AJ"},"fileId":"mixamorig:Hips/mixamorig:Spine/mixamorig:Spine1/mixamorig:Spine2/mixamorig:RightShoulder/mixamorig:RightArm/mixamorig:RightForeArm/mixamorig:RightHand/mixamorig:RightHandPinky1/mixamorig:RightHandPinky2/mixamorig:RightHandPinky3/mixamorig:RightHandPinky4"},"_trs":{"__type__":"TypedArray","ctor":"Float64Array","array":[-0.019756825640797615,-1.8521957656503218e-7,-9.839840942049705e-9,0,0,0,1,1,1,1]},"_is3DNode":true}],"_prefab":{"__type__":"cc.PrefabInfo","root":{"__id__":6},"asset":{"__uuid__":"42+LiBB9xJiK1VURpNJ9AJ"},"fileId":"mixamorig:Hips/mixamorig:Spine/mixamorig:Spine1/mixamorig:Spine2/mixamorig:RightShoulder/mixamorig:RightArm/mixamorig:RightForeArm/mixamorig:RightHand/mixamorig:RightHandPinky1/mixamorig:RightHandPinky2/mixamorig:RightHandPinky3"},"_trs":{"__type__":"TypedArray","ctor":"Float64Array","array":[-0.02114211581647396,1.5137925402086694e-7,1.4793768343679403e-7,0,0,0,1,1,1,1]},"_is3DNode":true},{"__type__":"cc.Node","_name":"mixamorig:RightHandRing1","_parent":{"__id__":35},"_children":[{"__id__":40}],"_prefab":{"__type__":"cc.PrefabInfo","root":{"__id__":6},"asset":{"__uuid__":"42+LiBB9xJiK1VURpNJ9AJ"},"fileId":"mixamorig:Hips/mixamorig:Spine/mixamorig:Spine1/mixamorig:Spine2/mixamorig:RightShoulder/mixamorig:RightArm/mixamorig:RightForeArm/mixamorig:RightHand/mixamorig:RightHandRing1"},"_trs":{"__type__":"TypedArray","ctor":"Float64Array","array":[-0.0910358801484108,-0.00043914347770623863,-0.0186507236212492,0,0,0,1,1,1,1]},"_is3DNode":true},{"__type__":"cc.Node","_name":"mixamorig:RightHandRing2","_parent":{"__id__":39},"_children":[{"__id__":41}],"_prefab":{"__type__":"cc.PrefabInfo","root":{"__id__":6},"asset":{"__uuid__":"42+LiBB9xJiK1VURpNJ9AJ"},"fileId":"mixamorig:Hips/mixamorig:Spine/mixamorig:Spine1/mixamorig:Spine2/mixamorig:RightShoulder/mixamorig:RightArm/mixamorig:RightForeArm/mixamorig:RightHand/mixamorig:RightHandRing1/mixamorig:RightHandRing2"},"_trs":{"__type__":"TypedArray","ctor":"Float64Array","array":[-0.031540267169475555,2.399729623903113e-7,4.885121143161086e-7,0,0,0,1,1,1,1]},"_is3DNode":true},{"__type__":"cc.Node","_name":"mixamorig:RightHandRing3","_parent":{"__id__":40},"_children":[{"__type__":"cc.Node","_name":"mixamorig:RightHandRing4","_parent":{"__id__":41},"_prefab":{"__type__":"cc.PrefabInfo","root":{"__id__":6},"asset":{"__uuid__":"42+LiBB9xJiK1VURpNJ9AJ"},"fileId":"mixamorig:Hips/mixamorig:Spine/mixamorig:Spine1/mixamorig:Spine2/mixamorig:RightShoulder/mixamorig:RightArm/mixamorig:RightForeArm/mixamorig:RightHand/mixamorig:RightHandRing1/mixamorig:RightHandRing2/mixamorig:RightHandRing3/mixamorig:RightHandRing4"},"_trs":{"__type__":"TypedArray","ctor":"Float64Array","array":[-0.026474526152014732,2.4608212356724835e-7,-2.2949233624558474e-8,0,0,0,1,1,1,1]},"_is3DNode":true}],"_prefab":{"__type__":"cc.PrefabInfo","root":{"__id__":6},"asset":{"__uuid__":"42+LiBB9xJiK1VURpNJ9AJ"},"fileId":"mixamorig:Hips/mixamorig:Spine/mixamorig:Spine1/mixamorig:Spine2/mixamorig:RightShoulder/mixamorig:RightArm/mixamorig:RightForeArm/mixamorig:RightHand/mixamorig:RightHandRing1/mixamorig:RightHandRing2/mixamorig:RightHandRing3"},"_trs":{"__type__":"TypedArray","ctor":"Float64Array","array":[-0.029376722872257233,-4.160065429914539e-7,-3.96606338881611e-7,0,0,0,1,1,1,1]},"_is3DNode":true},{"__type__":"cc.Node","_name":"mixamorig:RightHandMiddle1","_parent":{"__id__":35},"_children":[{"__id__":43}],"_prefab":{"__type__":"cc.PrefabInfo","root":{"__id__":6},"asset":{"__uuid__":"42+LiBB9xJiK1VURpNJ9AJ"},"fileId":"mixamorig:Hips/mixamorig:Spine/mixamorig:Spine1/mixamorig:Spine2/mixamorig:RightShoulder/mixamorig:RightArm/mixamorig:RightForeArm/mixamorig:RightHand/mixamorig:RightHandMiddle1"},"_trs":{"__type__":"TypedArray","ctor":"Float64Array","array":[-0.0953250303864479,-1.6312301909238158e-7,1.6791841517260764e-7,0,0,0,1,1,1,1]},"_is3DNode":true},{"__type__":"cc.Node","_name":"mixamorig:RightHandMiddle2","_parent":{"__id__":42},"_children":[{"__id__":44}],"_prefab":{"__type__":"cc.PrefabInfo","root":{"__id__":6},"asset":{"__uuid__":"42+LiBB9xJiK1VURpNJ9AJ"},"fileId":"mixamorig:Hips/mixamorig:Spine/mixamorig:Spine1/mixamorig:Spine2/mixamorig:RightShoulder/mixamorig:RightArm/mixamorig:RightForeArm/mixamorig:RightHand/mixamorig:RightHandMiddle1/mixamorig:RightHandMiddle2"},"_trs":{"__type__":"TypedArray","ctor":"Float64Array","array":[-0.03698236495256424,1.5066959235809918e-7,-2.2545523847838922e-7,0,0,0,1,1,1,1]},"_is3DNode":true},{"__type__":"cc.Node","_name":"mixamorig:RightHandMiddle3","_parent":{"__id__":43},"_children":[{"__type__":"cc.Node","_name":"mixamorig:RightHandMiddle4","_parent":{"__id__":44},"_prefab":{"__type__":"cc.PrefabInfo","root":{"__id__":6},"asset":{"__uuid__":"42+LiBB9xJiK1VURpNJ9AJ"},"fileId":"mixamorig:Hips/mixamorig:Spine/mixamorig:Spine1/mixamorig:Spine2/mixamorig:RightShoulder/mixamorig:RightArm/mixamorig:RightForeArm/mixamorig:RightHand/mixamorig:RightHandMiddle1/mixamorig:RightHandMiddle2/mixamorig:RightHandMiddle3/mixamorig:RightHandMiddle4"},"_trs":{"__type__":"TypedArray","ctor":"Float64Array","array":[-0.028339024633169174,8.053240918570737e-8,5.378770424613322e-7,0,0,0,1,1,1,1]},"_is3DNode":true}],"_prefab":{"__type__":"cc.PrefabInfo","root":{"__id__":6},"asset":{"__uuid__":"42+LiBB9xJiK1VURpNJ9AJ"},"fileId":"mixamorig:Hips/mixamorig:Spine/mixamorig:Spine1/mixamorig:Spine2/mixamorig:RightShoulder/mixamorig:RightArm/mixamorig:RightForeArm/mixamorig:RightHand/mixamorig:RightHandMiddle1/mixamorig:RightHandMiddle2/mixamorig:RightHandMiddle3"},"_trs":{"__type__":"TypedArray","ctor":"Float64Array","array":[-0.02950921468436718,-3.1132449951343233e-9,-3.034025475301405e-9,0,0,0,1,1,1,1]},"_is3DNode":true},{"__type__":"cc.Node","_name":"mixamorig:RightHandIndex1","_parent":{"__id__":35},"_children":[{"__id__":46}],"_prefab":{"__type__":"cc.PrefabInfo","root":{"__id__":6},"asset":{"__uuid__":"42+LiBB9xJiK1VURpNJ9AJ"},"fileId":"mixamorig:Hips/mixamorig:Spine/mixamorig:Spine1/mixamorig:Spine2/mixamorig:RightShoulder/mixamorig:RightArm/mixamorig:RightForeArm/mixamorig:RightHand/mixamorig:RightHandIndex1"},"_trs":{"__type__":"TypedArray","ctor":"Float64Array","array":[-0.09108281135559082,-0.005167889408767223,0.022601163014769554,0,0,0,1,1,1,1]},"_is3DNode":true},{"__type__":"cc.Node","_name":"mixamorig:RightHandIndex2","_parent":{"__id__":45},"_children":[{"__id__":47}],"_prefab":{"__type__":"cc.PrefabInfo","root":{"__id__":6},"asset":{"__uuid__":"42+LiBB9xJiK1VURpNJ9AJ"},"fileId":"mixamorig:Hips/mixamorig:Spine/mixamorig:Spine1/mixamorig:Spine2/mixamorig:RightShoulder/mixamorig:RightArm/mixamorig:RightForeArm/mixamorig:RightHand/mixamorig:RightHandIndex1/mixamorig:RightHandIndex2"},"_trs":{"__type__":"TypedArray","ctor":"Float64Array","array":[-0.03676409274339676,1.922715568980493e-7,3.2355669077333005e-7,0,0,0,1,1,1,1]},"_is3DNode":true},{"__type__":"cc.Node","_name":"mixamorig:RightHandIndex3","_parent":{"__id__":46},"_children":[{"__type__":"cc.Node","_name":"mixamorig:RightHandIndex4","_parent":{"__id__":47},"_prefab":{"__type__":"cc.PrefabInfo","root":{"__id__":6},"asset":{"__uuid__":"42+LiBB9xJiK1VURpNJ9AJ"},"fileId":"mixamorig:Hips/mixamorig:Spine/mixamorig:Spine1/mixamorig:Spine2/mixamorig:RightShoulder/mixamorig:RightArm/mixamorig:RightForeArm/mixamorig:RightHand/mixamorig:RightHandIndex1/mixamorig:RightHandIndex2/mixamorig:RightHandIndex3/mixamorig:RightHandIndex4"},"_trs":{"__type__":"TypedArray","ctor":"Float64Array","array":[-0.023927198722958565,2.6814700504473876e-7,2.8020133413519943e-7,0,0,0,1,1,1,1]},"_is3DNode":true}],"_prefab":{"__type__":"cc.PrefabInfo","root":{"__id__":6},"asset":{"__uuid__":"42+LiBB9xJiK1VURpNJ9AJ"},"fileId":"mixamorig:Hips/mixamorig:Spine/mixamorig:Spine1/mixamorig:Spine2/mixamorig:RightShoulder/mixamorig:RightArm/mixamorig:RightForeArm/mixamorig:RightHand/mixamorig:RightHandIndex1/mixamorig:RightHandIndex2/mixamorig:RightHandIndex3"},"_trs":{"__type__":"TypedArray","ctor":"Float64Array","array":[-0.028830625116825104,-4.960121486874414e-7,4.0448975369145046e-7,0,0,0,1,1,1,1]},"_is3DNode":true},{"__type__":"cc.Node","_name":"mixamorig:RightHandThumb1","_parent":{"__id__":35},"_children":[{"__id__":49}],"_prefab":{"__type__":"cc.PrefabInfo","root":{"__id__":6},"asset":{"__uuid__":"42+LiBB9xJiK1VURpNJ9AJ"},"fileId":"mixamorig:Hips/mixamorig:Spine/mixamorig:Spine1/mixamorig:Spine2/mixamorig:RightShoulder/mixamorig:RightArm/mixamorig:RightForeArm/mixamorig:RightHand/mixamorig:RightHandThumb1"},"_trs":{"__type__":"TypedArray","ctor":"Float64Array","array":[-0.024648061022162437,-0.015727141872048378,0.026826264336705208,0,0,0,1,1,1,1]},"_is3DNode":true},{"__type__":"cc.Node","_name":"mixamorig:RightHandThumb2","_parent":{"__id__":48},"_children":[{"__id__":50}],"_prefab":{"__type__":"cc.PrefabInfo","root":{"__id__":6},"asset":{"__uuid__":"42+LiBB9xJiK1VURpNJ9AJ"},"fileId":"mixamorig:Hips/mixamorig:Spine/mixamorig:Spine1/mixamorig:Spine2/mixamorig:RightShoulder/mixamorig:RightArm/mixamorig:RightForeArm/mixamorig:RightHand/mixamorig:RightHandThumb1/mixamorig:RightHandThumb2"},"_trs":{"__type__":"TypedArray","ctor":"Float64Array","array":[-0.03229771926999092,-0.0186470877379179,0.01864718459546566,0,0,0,1,1,1,1]},"_is3DNode":true},{"__type__":"cc.Node","_name":"mixamorig:RightHandThumb3","_parent":{"__id__":49},"_children":[{"__type__":"cc.Node","_name":"mixamorig:RightHandThumb4","_parent":{"__id__":50},"_prefab":{"__type__":"cc.PrefabInfo","root":{"__id__":6},"asset":{"__uuid__":"42+LiBB9xJiK1VURpNJ9AJ"},"fileId":"mixamorig:Hips/mixamorig:Spine/mixamorig:Spine1/mixamorig:Spine2/mixamorig:RightShoulder/mixamorig:RightArm/mixamorig:RightForeArm/mixamorig:RightHand/mixamorig:RightHandThumb1/mixamorig:RightHandThumb2/mixamorig:RightHandThumb3/mixamorig:RightHandThumb4"},"_trs":{"__type__":"TypedArray","ctor":"Float64Array","array":[-0.01954580470919609,-0.011284616775810719,0.011285070329904556,0,0,0,1,1,1,1]},"_is3DNode":true}],"_prefab":{"__type__":"cc.PrefabInfo","root":{"__id__":6},"asset":{"__uuid__":"42+LiBB9xJiK1VURpNJ9AJ"},"fileId":"mixamorig:Hips/mixamorig:Spine/mixamorig:Spine1/mixamorig:Spine2/mixamorig:RightShoulder/mixamorig:RightArm/mixamorig:RightForeArm/mixamorig:RightHand/mixamorig:RightHandThumb1/mixamorig:RightHandThumb2/mixamorig:RightHandThumb3"},"_trs":{"__type__":"TypedArray","ctor":"Float64Array","array":[-0.02652605064213276,-0.015314492397010326,0.015314456075429916,0,0,0,1,1,1,1]},"_is3DNode":true},{"__type__":"cc.Node","_name":"mixamorig:LeftUpLeg","_parent":{"__id__":7},"_children":[{"__id__":52}],"_prefab":{"__type__":"cc.PrefabInfo","root":{"__id__":6},"asset":{"__uuid__":"42+LiBB9xJiK1VURpNJ9AJ"},"fileId":"mixamorig:Hips/mixamorig:LeftUpLeg"},"_trs":{"__type__":"TypedArray","ctor":"Float64Array","array":[0.08207781612873077,-0.06751713901758194,-0.015995556488633156,0,0,0,1,1,1,1]},"_is3DNode":true},{"__type__":"cc.Node","_name":"mixamorig:LeftLeg","_parent":{"__id__":51},"_children":[{"__id__":53}],"_prefab":{"__type__":"cc.PrefabInfo","root":{"__id__":6},"asset":{"__uuid__":"42+LiBB9xJiK1VURpNJ9AJ"},"fileId":"mixamorig:Hips/mixamorig:LeftUpLeg/mixamorig:LeftLeg"},"_trs":{"__type__":"TypedArray","ctor":"Float64Array","array":[-4.1101579917324216e-9,-0.4437047243118286,0.0028464263305068016,0,0,0,1,1,1,1]},"_is3DNode":true},{"__type__":"cc.Node","_name":"mixamorig:LeftFoot","_parent":{"__id__":52},"_children":[{"__id__":54}],"_prefab":{"__type__":"cc.PrefabInfo","root":{"__id__":6},"asset":{"__uuid__":"42+LiBB9xJiK1VURpNJ9AJ"},"fileId":"mixamorig:Hips/mixamorig:LeftUpLeg/mixamorig:LeftLeg/mixamorig:LeftFoot"},"_trs":{"__type__":"TypedArray","ctor":"Float64Array","array":[4.716393497972149e-9,-0.4442787170410156,-0.029821906238794327,0,0,0,1,1,1,1]},"_is3DNode":true},{"__type__":"cc.Node","_name":"mixamorig:LeftToeBase","_parent":{"__id__":53},"_children":[{"__type__":"cc.Node","_name":"mixamorig:LeftToe_End","_parent":{"__id__":54},"_prefab":{"__type__":"cc.PrefabInfo","root":{"__id__":6},"asset":{"__uuid__":"42+LiBB9xJiK1VURpNJ9AJ"},"fileId":"mixamorig:Hips/mixamorig:LeftUpLeg/mixamorig:LeftLeg/mixamorig:LeftFoot/mixamorig:LeftToeBase/mixamorig:LeftToe_End"},"_trs":{"__type__":"TypedArray","ctor":"Float64Array","array":[-2.5080618470951777e-8,-0.000006766829756088555,0.09278135746717453,0,0,0,1,1,1,1]},"_is3DNode":true}],"_prefab":{"__type__":"cc.PrefabInfo","root":{"__id__":6},"asset":{"__uuid__":"42+LiBB9xJiK1VURpNJ9AJ"},"fileId":"mixamorig:Hips/mixamorig:LeftUpLeg/mixamorig:LeftLeg/mixamorig:LeftFoot/mixamorig:LeftToeBase"},"_trs":{"__type__":"TypedArray","ctor":"Float64Array","array":[-2.9609878993142047e-8,-0.08728669583797455,0.10710559785366058,0,0,0,1,1,1,1]},"_is3DNode":true},{"__type__":"cc.Node","_name":"mixamorig:RightUpLeg","_parent":{"__id__":7},"_children":[{"__id__":56}],"_prefab":{"__type__":"cc.PrefabInfo","root":{"__id__":6},"asset":{"__uuid__":"42+LiBB9xJiK1VURpNJ9AJ"},"fileId":"mixamorig:Hips/mixamorig:RightUpLeg"},"_trs":{"__type__":"TypedArray","ctor":"Float64Array","array":[-0.08207795768976212,-0.06751661747694016,-0.01599559374153614,0,0,0,1,1,1,1]},"_is3DNode":true},{"__type__":"cc.Node","_name":"mixamorig:RightLeg","_parent":{"__id__":55},"_children":[{"__id__":57}],"_prefab":{"__type__":"cc.PrefabInfo","root":{"__id__":6},"asset":{"__uuid__":"42+LiBB9xJiK1VURpNJ9AJ"},"fileId":"mixamorig:Hips/mixamorig:RightUpLeg/mixamorig:RightLeg"},"_trs":{"__type__":"TypedArray","ctor":"Float64Array","array":[8.435572240728106e-10,-0.44370535016059875,0.002861563814803958,0,0,0,1,1,1,1]},"_is3DNode":true},{"__type__":"cc.Node","_name":"mixamorig:RightFoot","_parent":{"__id__":56},"_children":[{"__id__":58}],"_prefab":{"__type__":"cc.PrefabInfo","root":{"__id__":6},"asset":{"__uuid__":"42+LiBB9xJiK1VURpNJ9AJ"},"fileId":"mixamorig:Hips/mixamorig:RightUpLeg/mixamorig:RightLeg/mixamorig:RightFoot"},"_trs":{"__type__":"TypedArray","ctor":"Float64Array","array":[9.64458202190599e-9,-0.444277286529541,-0.029837889596819878,0,0,0,1,1,1,1]},"_is3DNode":true},{"__type__":"cc.Node","_name":"mixamorig:RightToeBase","_parent":{"__id__":57},"_children":[{"__type__":"cc.Node","_name":"mixamorig:RightToe_End","_parent":{"__id__":58},"_prefab":{"__type__":"cc.PrefabInfo","root":{"__id__":6},"asset":{"__uuid__":"42+LiBB9xJiK1VURpNJ9AJ"},"fileId":"mixamorig:Hips/mixamorig:RightUpLeg/mixamorig:RightLeg/mixamorig:RightFoot/mixamorig:RightToeBase/mixamorig:RightToe_End"},"_trs":{"__type__":"TypedArray","ctor":"Float64Array","array":[-2.0942644951560396e-8,-0.000006763693818356842,0.092781201004982,0,0,0,1,1,1,1]},"_is3DNode":true}],"_prefab":{"__type__":"cc.PrefabInfo","root":{"__id__":6},"asset":{"__uuid__":"42+LiBB9xJiK1VURpNJ9AJ"},"fileId":"mixamorig:Hips/mixamorig:RightUpLeg/mixamorig:RightLeg/mixamorig:RightFoot/mixamorig:RightToeBase"},"_trs":{"__type__":"TypedArray","ctor":"Float64Array","array":[-2.3604380672281877e-8,-0.08728668838739395,0.10710560530424118,0,0,0,1,1,1,1]},"_is3DNode":true},{"__type__":"cc.Node","_name":"Beta_Joints","_parent":{"__id__":6},"_components":[{"__type__":"cc.SkinnedMeshRenderer","node":{"__id__":59},"_materials":[{"__uuid__":"3aLWkfAnJKyLv7foBZ9DS9"}],"_mesh":{"__uuid__":"1frCjeW5FOIZXcN8mbC3rU"},"_skeleton":{"__uuid__":"26c3yrQqVJ3IRdIeux1znk"},"_rootBone":{"__id__":6}}],"_prefab":{"__type__":"cc.PrefabInfo","root":{"__id__":6},"asset":{"__uuid__":"42+LiBB9xJiK1VURpNJ9AJ"},"fileId":"Beta_Joints"},"_trs":{"__type__":"TypedArray","ctor":"Float64Array","array":[0,0,0,0,0,0,1,1,1,1]},"_is3DNode":true},{"__type__":"cc.Node","_name":"Beta_Surface","_parent":{"__id__":6},"_components":[{"__type__":"cc.SkinnedMeshRenderer","node":{"__id__":60},"_materials":[{"__uuid__":"242hVdoiJF1Za7dRR0bqiu"}],"_mesh":{"__uuid__":"0aeS4lHPhF+JNwt+ijiuBK"},"_skeleton":{"__uuid__":"67kYPMNdxKzrH6jWpZBs3i"},"_rootBone":{"__id__":6}}],"_prefab":{"__type__":"cc.PrefabInfo","root":{"__id__":6},"asset":{"__uuid__":"42+LiBB9xJiK1VURpNJ9AJ"},"fileId":"Beta_Surface"},"_trs":{"__type__":"TypedArray","ctor":"Float64Array","array":[0,0,0,0,0,0,1,1,1,1]},"_is3DNode":true}]