[{"__type__":"cc.SpriteFrame","content":{"name":"bg","texture":"5cSEe6cUVByreKJqRNvahb","rect":[0,0,14,14],"offset":[0,0],"originalSize":[14,14],"capInsets":[5,5,5,5]}},[{"__type__":"cc.SceneAsset","_name":"AlignFontLabel","scene":{"__id__":1},"asyncLoadAssets":null},{"__type__":"cc.Scene","_name":"New Node","_children":[{"__id__":2}],"_anchorPoint":{"__type__":"cc.Vec2"},"_trs":{"__type__":"TypedArray","ctor":"Float64Array","array":[0,0,0,0,0,0,1,0.5697916666666667,0.5697916666666667,1]},"_zIndex":0,"autoReleaseAssets":true},{"__type__":"cc.Node","_name":"Canvas","_parent":{"__id__":1},"_children":[{"__id__":3},{"__id__":4},{"__id__":5},{"__id__":6},{"__id__":20}],"_components":[{"__type__":"cc.Canvas","node":{"__id__":2}},{"__type__":"cc.Widget","node":{"__id__":2},"_alignFlags":45}],"_contentSize":{"__type__":"cc.Size","width":960,"height":640},"_trs":{"__type__":"TypedArray","ctor":"Float64Array","array":[480,320,0,0,0,0,0,1,1,1]},"_zIndex":0,"_id":"1c77cL2HbNJg58Dqy4oN+t+"},{"__type__":"cc.Node","_name":"Main Camera","_parent":{"__id__":2},"_components":[{"__type__":"cc.Camera","node":{"__id__":3},"_clearFlags":7,"_depth":-1}],"_trs":{"__type__":"TypedArray","ctor":"Float64Array","array":[0,0,0,0,0,0,0,1,1,1]},"_zIndex":0},{"__type__":"cc.Node","_parent":{"__id__":2},"_id":"baae05z4PlANakXdbcpVfOA","_prefab":{"__type__":"cc.PrefabInfo","root":{"__id__":4},"asset":{"__uuid__":"b8OSNRvpdPAZhePn0hGPPJ"},"fileId":"78fd70+ls5GgJcFkzvLSRk8","sync":true},"_name":"Background","_trs":{"__type__":"TypedArray","ctor":"Float64Array","array":[0,0,0,0,0,0,0,1,1,1]}},{"__type__":"cc.Node","_name":"Title","_parent":{"__id__":2},"_components":[{"__type__":"e4f88adp3hERoJ48DZ2PSAl","node":{"__id__":5},"_useOriginalSize":false,"_string":"文本对齐","_N$string":"文本对齐","_fontSize":50,"_lineHeight":50,"_N$horizontalAlign":1,"_N$verticalAlign":1,"_N$textKey":"cases/02_ui/02_label/AlignFontLabel.fire.6"},{"__type__":"cc.Widget","node":{"__id__":5},"alignMode":0,"_alignFlags":1,"_top":28}],"_contentSize":{"__type__":"cc.Size","width":200,"height":50},"_trs":{"__type__":"TypedArray","ctor":"Float64Array","array":[0,267,0,0,0,0,0,1,1,1]},"_zIndex":0},{"__type__":"cc.Node","_name":"Horizontal","_parent":{"__id__":2},"_children":[{"__id__":7},{"__id__":8},{"__id__":12},{"__id__":16}],"_trs":{"__type__":"TypedArray","ctor":"Float64Array","array":[0,78,0,0,0,0,0,1,1,1]},"_zIndex":0},{"__type__":"cc.Node","_name":"Title","_parent":{"__id__":6},"_components":[{"__type__":"e4f88adp3hERoJ48DZ2PSAl","node":{"__id__":7},"_useOriginalSize":false,"_string":"水平对齐","_N$string":"水平对齐","_fontSize":25,"_N$horizontalAlign":1,"_N$verticalAlign":1,"_N$textKey":"cases/02_ui/02_label/AlignFontLabel.fire.9"}],"_contentSize":{"__type__":"cc.Size","width":100,"height":40},"_trs":{"__type__":"TypedArray","ctor":"Float64Array","array":[0,99,0,0,0,0,0,1,1,1]},"_zIndex":0},{"__type__":"cc.Node","_name":"LEFT","_parent":{"__id__":6},"_children":[{"__id__":9},{"__id__":10},{"__id__":11}],"_trs":{"__type__":"TypedArray","ctor":"Float64Array","array":[-260,0,0,0,0,0,0,1,1,1]},"_zIndex":0},{"__type__":"cc.Node","_name":"Background","_parent":{"__id__":8},"_components":[{"__type__":"cc.Sprite","node":{"__id__":9},"_spriteFrame":{"__uuid__":"c0GPA1PjJA7bli4XEgVjPQ"},"_type":1,"_sizeMode":0}],"_color":{"__type__":"cc.Color","r":87,"g":87,"b":87},"_contentSize":{"__type__":"cc.Size","width":250,"height":130},"_trs":{"__type__":"TypedArray","ctor":"Float64Array","array":[0,0,0,0,0,0,0,1,1,1]},"_zIndex":0},{"__type__":"cc.Node","_name":"Label","_parent":{"__id__":8},"_components":[{"__type__":"e4f88adp3hERoJ48DZ2PSAl","node":{"__id__":10},"_useOriginalSize":false,"_string":"哈啰！\n欢迎使用 \nCocos Creator","_N$string":"哈啰！\n欢迎使用 \nCocos Creator","_fontSize":25,"_N$verticalAlign":1,"_N$textKey":"cases/02_ui/02_label/AlignFontLabel.fire.14"}],"_contentSize":{"__type__":"cc.Size","width":161.17,"height":120},"_trs":{"__type__":"TypedArray","ctor":"Float64Array","array":[0,0,0,0,0,0,0,1,1,1]},"_zIndex":0},{"__type__":"cc.Node","_name":"Tips","_parent":{"__id__":8},"_components":[{"__type__":"e4f88adp3hERoJ48DZ2PSAl","node":{"__id__":11},"_useOriginalSize":false,"_string":"对齐: 靠左","_N$string":"对齐: 靠左","_fontSize":20,"_N$verticalAlign":1,"_N$textKey":"cases/02_ui/02_label/AlignFontLabel.fire.16"}],"_contentSize":{"__type__":"cc.Size","width":91.11,"height":40},"_trs":{"__type__":"TypedArray","ctor":"Float64Array","array":[0,-90,0,0,0,0,0,1,1,1]},"_zIndex":0},{"__type__":"cc.Node","_name":"CENTER","_parent":{"__id__":6},"_children":[{"__id__":13},{"__id__":14},{"__id__":15}],"_trs":{"__type__":"TypedArray","ctor":"Float64Array","array":[0,0,0,0,0,0,0,1,1,1]},"_zIndex":0},{"__type__":"cc.Node","_name":"Background","_parent":{"__id__":12},"_components":[{"__type__":"cc.Sprite","node":{"__id__":13},"_spriteFrame":{"__uuid__":"c0GPA1PjJA7bli4XEgVjPQ"},"_type":1,"_sizeMode":0}],"_color":{"__type__":"cc.Color","r":87,"g":87,"b":87},"_contentSize":{"__type__":"cc.Size","width":250,"height":130},"_trs":{"__type__":"TypedArray","ctor":"Float64Array","array":[0,0,0,0,0,0,0,1,1,1]},"_zIndex":0},{"__type__":"cc.Node","_name":"Label","_parent":{"__id__":12},"_components":[{"__type__":"e4f88adp3hERoJ48DZ2PSAl","node":{"__id__":14},"_useOriginalSize":false,"_string":"哈啰！\n欢迎使用 \nCocos Creator","_N$string":"哈啰！\n欢迎使用 \nCocos Creator","_fontSize":25,"_N$horizontalAlign":1,"_N$verticalAlign":1,"_N$textKey":"cases/02_ui/02_label/AlignFontLabel.fire.21"}],"_contentSize":{"__type__":"cc.Size","width":161.17,"height":120},"_trs":{"__type__":"TypedArray","ctor":"Float64Array","array":[0,0,0,0,0,0,0,1,1,1]},"_zIndex":0},{"__type__":"cc.Node","_name":"Tips","_parent":{"__id__":12},"_components":[{"__type__":"e4f88adp3hERoJ48DZ2PSAl","node":{"__id__":15},"_useOriginalSize":false,"_string":"对齐: 居中","_N$string":"对齐: 居中","_fontSize":20,"_N$verticalAlign":1,"_N$textKey":"cases/02_ui/02_label/AlignFontLabel.fire.23"}],"_contentSize":{"__type__":"cc.Size","width":91.11,"height":40},"_trs":{"__type__":"TypedArray","ctor":"Float64Array","array":[0,-90,0,0,0,0,0,1,1,1]},"_zIndex":0},{"__type__":"cc.Node","_name":"RIGHT","_parent":{"__id__":6},"_children":[{"__id__":17},{"__id__":18},{"__id__":19}],"_trs":{"__type__":"TypedArray","ctor":"Float64Array","array":[260,0,0,0,0,0,0,1,1,1]},"_zIndex":0},{"__type__":"cc.Node","_name":"Background","_parent":{"__id__":16},"_components":[{"__type__":"cc.Sprite","node":{"__id__":17},"_spriteFrame":{"__uuid__":"c0GPA1PjJA7bli4XEgVjPQ"},"_type":1,"_sizeMode":0}],"_color":{"__type__":"cc.Color","r":87,"g":87,"b":87},"_contentSize":{"__type__":"cc.Size","width":250,"height":130},"_trs":{"__type__":"TypedArray","ctor":"Float64Array","array":[0,0,0,0,0,0,0,1,1,1]},"_zIndex":0},{"__type__":"cc.Node","_name":"Label","_parent":{"__id__":16},"_components":[{"__type__":"e4f88adp3hERoJ48DZ2PSAl","node":{"__id__":18},"_useOriginalSize":false,"_string":"哈啰！\n欢迎使用 \nCocos Creator","_N$string":"哈啰！\n欢迎使用 \nCocos Creator","_fontSize":25,"_N$horizontalAlign":2,"_N$verticalAlign":1,"_N$textKey":"cases/02_ui/02_label/AlignFontLabel.fire.28"}],"_contentSize":{"__type__":"cc.Size","width":161.17,"height":120},"_trs":{"__type__":"TypedArray","ctor":"Float64Array","array":[0,0,0,0,0,0,0,1,1,1]},"_zIndex":0},{"__type__":"cc.Node","_name":"Tips","_parent":{"__id__":16},"_components":[{"__type__":"e4f88adp3hERoJ48DZ2PSAl","node":{"__id__":19},"_useOriginalSize":false,"_string":"对齐: 靠右","_N$string":"对齐: 靠右","_fontSize":20,"_N$horizontalAlign":1,"_N$verticalAlign":1,"_N$textKey":"cases/02_ui/02_label/AlignFontLabel.fire.30"}],"_contentSize":{"__type__":"cc.Size","width":91.11,"height":40},"_trs":{"__type__":"TypedArray","ctor":"Float64Array","array":[0,-90,0,0,0,0,0,1,1,1]},"_zIndex":0},{"__type__":"cc.Node","_name":"Vertical","_parent":{"__id__":2},"_children":[{"__id__":21},{"__id__":22},{"__id__":26},{"__id__":30}],"_trs":{"__type__":"TypedArray","ctor":"Float64Array","array":[0,-159,0,0,0,0,0,1,1,1]},"_zIndex":0},{"__type__":"cc.Node","_name":"Title","_parent":{"__id__":20},"_components":[{"__type__":"e4f88adp3hERoJ48DZ2PSAl","node":{"__id__":21},"_useOriginalSize":false,"_string":"垂直对齐","_N$string":"垂直对齐","_fontSize":25,"_N$horizontalAlign":1,"_N$verticalAlign":1,"_N$textKey":"cases/02_ui/02_label/AlignFontLabel.fire.33"}],"_contentSize":{"__type__":"cc.Size","width":100,"height":40},"_trs":{"__type__":"TypedArray","ctor":"Float64Array","array":[0,99,0,0,0,0,0,1,1,1]},"_zIndex":0},{"__type__":"cc.Node","_name":"LEFT","_parent":{"__id__":20},"_children":[{"__id__":23},{"__id__":24},{"__id__":25}],"_trs":{"__type__":"TypedArray","ctor":"Float64Array","array":[-260,0,0,0,0,0,0,1,1,1]},"_zIndex":0},{"__type__":"cc.Node","_name":"Background","_parent":{"__id__":22},"_components":[{"__type__":"cc.Sprite","node":{"__id__":23},"_spriteFrame":{"__uuid__":"c0GPA1PjJA7bli4XEgVjPQ"},"_type":1,"_sizeMode":0}],"_color":{"__type__":"cc.Color","r":87,"g":87,"b":87},"_contentSize":{"__type__":"cc.Size","width":250,"height":130},"_trs":{"__type__":"TypedArray","ctor":"Float64Array","array":[0,0,0,0,0,0,0,1,1,1]},"_zIndex":0},{"__type__":"cc.Node","_name":"Label","_parent":{"__id__":22},"_components":[{"__type__":"e4f88adp3hERoJ48DZ2PSAl","node":{"__id__":24},"_useOriginalSize":false,"_string":"欢迎使用 \nCocos Creator","_N$string":"欢迎使用 \nCocos Creator","_fontSize":25,"_lineHeight":25,"_N$horizontalAlign":1,"_N$overflow":1,"_N$textKey":"cases/02_ui/02_label/AlignFontLabel.fire.38"}],"_contentSize":{"__type__":"cc.Size","width":220.88623046875,"height":100},"_trs":{"__type__":"TypedArray","ctor":"Float64Array","array":[0,0,0,0,0,0,0,1,1,1]},"_zIndex":0},{"__type__":"cc.Node","_name":"Tips","_parent":{"__id__":22},"_components":[{"__type__":"e4f88adp3hERoJ48DZ2PSAl","node":{"__id__":25},"_useOriginalSize":false,"_string":"对齐: 顶部","_N$string":"对齐: 顶部","_fontSize":20,"_N$verticalAlign":1,"_N$textKey":"cases/02_ui/02_label/AlignFontLabel.fire.40"}],"_contentSize":{"__type__":"cc.Size","width":91.11,"height":40},"_trs":{"__type__":"TypedArray","ctor":"Float64Array","array":[0,-90,0,0,0,0,0,1,1,1]},"_zIndex":0},{"__type__":"cc.Node","_name":"CENTER","_parent":{"__id__":20},"_children":[{"__id__":27},{"__id__":28},{"__id__":29}],"_trs":{"__type__":"TypedArray","ctor":"Float64Array","array":[0,0,0,0,0,0,0,1,1,1]},"_zIndex":0},{"__type__":"cc.Node","_name":"Background","_parent":{"__id__":26},"_components":[{"__type__":"cc.Sprite","node":{"__id__":27},"_spriteFrame":{"__uuid__":"c0GPA1PjJA7bli4XEgVjPQ"},"_type":1,"_sizeMode":0}],"_color":{"__type__":"cc.Color","r":87,"g":87,"b":87},"_contentSize":{"__type__":"cc.Size","width":250,"height":130},"_trs":{"__type__":"TypedArray","ctor":"Float64Array","array":[0,0,0,0,0,0,0,1,1,1]},"_zIndex":0},{"__type__":"cc.Node","_name":"Label","_parent":{"__id__":26},"_components":[{"__type__":"e4f88adp3hERoJ48DZ2PSAl","node":{"__id__":28},"_useOriginalSize":false,"_string":"欢迎使用 \nCocos Creator","_N$string":"欢迎使用 \nCocos Creator","_fontSize":25,"_lineHeight":25,"_N$horizontalAlign":1,"_N$verticalAlign":1,"_N$overflow":1,"_N$textKey":"cases/02_ui/02_label/AlignFontLabel.fire.45"}],"_contentSize":{"__type__":"cc.Size","width":220.88623046875,"height":100},"_trs":{"__type__":"TypedArray","ctor":"Float64Array","array":[0,0,0,0,0,0,0,1,1,1]},"_zIndex":0},{"__type__":"cc.Node","_name":"Tips","_parent":{"__id__":26},"_components":[{"__type__":"e4f88adp3hERoJ48DZ2PSAl","node":{"__id__":29},"_useOriginalSize":false,"_string":"对齐: 居中","_N$string":"对齐: 居中","_fontSize":20,"_N$verticalAlign":1,"_N$textKey":"cases/02_ui/02_label/AlignFontLabel.fire.47"}],"_contentSize":{"__type__":"cc.Size","width":91.11,"height":40},"_trs":{"__type__":"TypedArray","ctor":"Float64Array","array":[0,-90,0,0,0,0,0,1,1,1]},"_zIndex":0},{"__type__":"cc.Node","_name":"RIGHT","_parent":{"__id__":20},"_children":[{"__id__":31},{"__id__":32},{"__id__":33}],"_trs":{"__type__":"TypedArray","ctor":"Float64Array","array":[260,0,0,0,0,0,0,1,1,1]},"_zIndex":0},{"__type__":"cc.Node","_name":"Background","_parent":{"__id__":30},"_components":[{"__type__":"cc.Sprite","node":{"__id__":31},"_spriteFrame":{"__uuid__":"c0GPA1PjJA7bli4XEgVjPQ"},"_type":1,"_sizeMode":0}],"_color":{"__type__":"cc.Color","r":87,"g":87,"b":87},"_contentSize":{"__type__":"cc.Size","width":250,"height":130},"_trs":{"__type__":"TypedArray","ctor":"Float64Array","array":[0,0,0,0,0,0,0,1,1,1]},"_zIndex":0},{"__type__":"cc.Node","_name":"Label","_parent":{"__id__":30},"_components":[{"__type__":"e4f88adp3hERoJ48DZ2PSAl","node":{"__id__":32},"_useOriginalSize":false,"_string":"欢迎使用 \nCocos Creator","_N$string":"欢迎使用 \nCocos Creator","_fontSize":25,"_lineHeight":25,"_N$horizontalAlign":1,"_N$verticalAlign":2,"_N$overflow":1,"_N$textKey":"cases/02_ui/02_label/AlignFontLabel.fire.52"}],"_contentSize":{"__type__":"cc.Size","width":220.88623046875,"height":100},"_trs":{"__type__":"TypedArray","ctor":"Float64Array","array":[0,0,0,0,0,0,0,1,1,1]},"_zIndex":0},{"__type__":"cc.Node","_name":"Tips","_parent":{"__id__":30},"_components":[{"__type__":"e4f88adp3hERoJ48DZ2PSAl","node":{"__id__":33},"_useOriginalSize":false,"_string":"对齐: 底部","_N$string":"对齐: 底部","_fontSize":20,"_N$horizontalAlign":1,"_N$verticalAlign":1,"_N$textKey":"cases/02_ui/02_label/AlignFontLabel.fire.54"}],"_contentSize":{"__type__":"cc.Size","width":91.11,"height":40},"_trs":{"__type__":"TypedArray","ctor":"Float64Array","array":[0,-90,0,0,0,0,0,1,1,1]},"_zIndex":0}]]