[{"__type__":"cc.SpriteFrame","content":{"name":"star","texture":"b1HE18sVtOtog7FpfBOI4h","rect":[0,12,169,185],"offset":[0,-4],"originalSize":[169,201],"capInsets":[0,0,0,0]}},{"__type__":"cc.SpriteFrame","content":{"name":"default_btn_disabled","texture":"71VhFCTINJM6/Ky3oX9nBT","rect":[0,0,40,40],"offset":[0,0],"originalSize":[40,40],"capInsets":[12,12,12,12]}},[{"__type__":"cc.SceneAsset","_name":"Shape","scene":{"__id__":1},"asyncLoadAssets":null},{"__type__":"cc.Scene","_name":"New Node","_children":[{"__id__":2}],"_anchorPoint":{"__type__":"cc.Vec2"},"_trs":{"__type__":"TypedArray","ctor":"Float64Array","array":[0,0,0,0,0,0,1,0.5697916666666667,0.5697916666666667,1]},"_zIndex":0,"autoReleaseAssets":true},{"__type__":"cc.Node","_name":"Canvas","_parent":{"__id__":1},"_children":[{"__id__":3},{"__id__":4},{"__id__":5},{"__id__":8},{"__id__":15}],"_components":[{"__type__":"cc.Canvas","node":{"__id__":2}},{"__type__":"5a6dfRzhTBMp5U3il8DJmBZ","node":{"__id__":2}},{"__type__":"cc.Widget","node":{"__id__":2},"_alignFlags":45}],"_contentSize":{"__type__":"cc.Size","width":960,"height":640},"_trs":{"__type__":"TypedArray","ctor":"Float64Array","array":[480,320,0,0,0,0,0,1,1,1]},"_zIndex":0,"_id":"22fb6URzdxL6KsUtb+YEq8r"},{"__type__":"cc.Node","_name":"Main Camera","_parent":{"__id__":2},"_components":[{"__type__":"cc.Camera","node":{"__id__":3},"_clearFlags":7,"_depth":-1}],"_trs":{"__type__":"TypedArray","ctor":"Float64Array","array":[0,0,0,0,0,0,0,1,1,1]},"_zIndex":0},{"__type__":"cc.Node","_parent":{"__id__":2},"_id":"de1dbInM8VBoaHDmOzv/6d4","_prefab":{"__type__":"cc.PrefabInfo","root":{"__id__":4},"asset":{"__uuid__":"b8OSNRvpdPAZhePn0hGPPJ"},"fileId":"78fd70+ls5GgJcFkzvLSRk8","sync":true},"_name":"Background","_trs":{"__type__":"TypedArray","ctor":"Float64Array","array":[0,0,0,0,0,0,0,1,1,1]}},{"__type__":"cc.Node","_name":"root","_parent":{"__id__":2},"_children":[{"__id__":6},{"__id__":7}],"_trs":{"__type__":"TypedArray","ctor":"Float64Array","array":[0,0,0,0,0,0,0,1,1,1]},"_zIndex":0},{"__type__":"cc.Node","_name":"a","_parent":{"__id__":5},"_components":[{"__type__":"cc.Sprite","node":{"__id__":6},"_spriteFrame":{"__uuid__":"28J1mVxrtNt4x6jPwYU6v+"}},{"__type__":"fde33rWt81MvZWO7QQ3jv3j","node":{"__id__":6},"moveSpeed":0,"rotationSpeed":10},{"__type__":"9d60fXxtXFNeI79PM6EXYuZ","node":{"__id__":6}},{"__type__":"cc.PolygonCollider","node":{"__id__":6},"_enabled":false,"points":[{"__type__":"cc.Vec2","x":38,"y":-95},{"__type__":"cc.Vec2","x":2,"y":-75},{"__type__":"cc.Vec2","x":-43,"y":-94},{"__type__":"cc.Vec2","x":-59,"y":-83},{"__type__":"cc.Vec2","x":-59,"y":-34},{"__type__":"cc.Vec2","x":-88,"y":-6},{"__type__":"cc.Vec2","x":-87,"y":39},{"__type__":"cc.Vec2","x":-34,"y":54},{"__type__":"cc.Vec2","x":-13,"y":93},{"__type__":"cc.Vec2","x":10,"y":91},{"__type__":"cc.Vec2","x":33,"y":51},{"__type__":"cc.Vec2","x":79,"y":43},{"__type__":"cc.Vec2","x":87,"y":3},{"__type__":"cc.Vec2","x":60,"y":-34},{"__type__":"cc.Vec2","x":60,"y":-82}]},{"__type__":"cc.CircleCollider","node":{"__id__":6},"_enabled":false,"_radius":92},{"__type__":"cc.BoxCollider","node":{"__id__":6},"_enabled":false,"_size":{"__type__":"cc.Size","width":168.94775245154133,"height":184.61769619052802}}],"_contentSize":{"__type__":"cc.Size","width":169,"height":185},"_trs":{"__type__":"TypedArray","ctor":"Float64Array","array":[-73,14,0,0,0,0,0,1,1,1]},"_zIndex":0,"_groupIndex":5,"groupIndex":5},{"__type__":"cc.Node","_name":"b","_parent":{"__id__":5},"_components":[{"__type__":"cc.Sprite","node":{"__id__":7},"_spriteFrame":{"__uuid__":"28J1mVxrtNt4x6jPwYU6v+"}},{"__type__":"fde33rWt81MvZWO7QQ3jv3j","node":{"__id__":7},"moveSpeed":0,"rotationSpeed":10},{"__type__":"9d60fXxtXFNeI79PM6EXYuZ","node":{"__id__":7}},{"__type__":"cc.PolygonCollider","node":{"__id__":7},"_enabled":false,"points":[{"__type__":"cc.Vec2","x":38,"y":-95},{"__type__":"cc.Vec2","x":2,"y":-75},{"__type__":"cc.Vec2","x":-43,"y":-94},{"__type__":"cc.Vec2","x":-59,"y":-83},{"__type__":"cc.Vec2","x":-59,"y":-34},{"__type__":"cc.Vec2","x":-88,"y":-6},{"__type__":"cc.Vec2","x":-87,"y":39},{"__type__":"cc.Vec2","x":-34,"y":54},{"__type__":"cc.Vec2","x":-13,"y":93},{"__type__":"cc.Vec2","x":10,"y":91},{"__type__":"cc.Vec2","x":33,"y":51},{"__type__":"cc.Vec2","x":79,"y":43},{"__type__":"cc.Vec2","x":87,"y":3},{"__type__":"cc.Vec2","x":60,"y":-34},{"__type__":"cc.Vec2","x":60,"y":-82}]},{"__type__":"cc.CircleCollider","node":{"__id__":7},"_enabled":false,"_radius":92},{"__type__":"cc.BoxCollider","node":{"__id__":7},"_enabled":false,"_size":{"__type__":"cc.Size","width":168.94775245154133,"height":184.61769619052802}}],"_contentSize":{"__type__":"cc.Size","width":169,"height":185},"_trs":{"__type__":"TypedArray","ctor":"Float64Array","array":[105,14,0,0,0,0,0,1,1,1]},"_zIndex":0,"_groupIndex":5,"groupIndex":5},{"__type__":"cc.Node","_name":"a","_parent":{"__id__":2},"_children":[{"__id__":9},{"__id__":11},{"__id__":13}],"_components":[{"__type__":"cc.Widget","node":{"__id__":8},"alignMode":2,"_alignFlags":13,"_right":961}],"_contentSize":{"__type__":"cc.Size","height":640},"_trs":{"__type__":"TypedArray","ctor":"Float64Array","array":[-480,0,0,0,0,0,0,1,1,1]},"_zIndex":0},{"__type__":"cc.Node","_name":"Polygon","_parent":{"__id__":8},"_children":[{"__id__":10}],"_components":[{"__type__":"cc.Sprite","node":{"__id__":9},"_spriteFrame":{"__uuid__":"f0BIwQ8D5Ml7nTNQbh1YlS"},"_type":1,"_sizeMode":0},{"__type__":"cc.Button","node":{"__id__":9},"clickEvents":[{"__type__":"cc.ClickEvent","target":{"__id__":2},"component":"ShowCollider","handler":"onBtnClick"}],"_N$transition":2,"transition":2,"_N$pressedColor":{"__type__":"cc.Color","r":255,"g":255,"b":255},"pressedColor":{"__type__":"cc.Color","r":255,"g":255,"b":255},"_N$disabledColor":{"__type__":"cc.Color","r":255,"g":255,"b":255},"_N$normalSprite":{"__uuid__":"f0BIwQ8D5Ml7nTNQbh1YlS"},"_N$pressedSprite":{"__uuid__":"e97GVMl6JHh5Ml5qEDdSGa"},"pressedSprite":{"__uuid__":"e97GVMl6JHh5Ml5qEDdSGa"},"_N$hoverSprite":{"__uuid__":"e97GVMl6JHh5Ml5qEDdSGa"},"hoverSprite":{"__uuid__":"e97GVMl6JHh5Ml5qEDdSGa"},"_N$disabledSprite":{"__uuid__":"29FYIk+N1GYaeWH/q1NxQO"},"_N$target":{"__id__":9}},{"__type__":"cc.Widget","node":{"__id__":9},"alignMode":2,"_alignFlags":9,"_top":198,"_bottom":310,"_originalHeight":40}],"_contentSize":{"__type__":"cc.Size","width":158,"height":40},"_trs":{"__type__":"TypedArray","ctor":"Float64Array","array":[79,102,0,0,0,0,0,1,1,1]},"_zIndex":0},{"__type__":"cc.Node","_name":"Label","_parent":{"__id__":9},"_components":[{"__type__":"e4f88adp3hERoJ48DZ2PSAl","node":{"__id__":10},"_useOriginalSize":false,"_string":"显示多边形","_N$string":"显示多边形","_fontSize":20,"_enableWrapText":false,"_N$horizontalAlign":1,"_N$verticalAlign":1,"_N$overflow":1,"_N$textKey":"cases/collider/Shape.fire.20"}],"_color":{"__type__":"cc.Color"},"_contentSize":{"__type__":"cc.Size","width":164,"height":42},"_trs":{"__type__":"TypedArray","ctor":"Float64Array","array":[0,0,0,0,0,0,0,1,1,1]},"_zIndex":0},{"__type__":"cc.Node","_name":"Circle","_parent":{"__id__":8},"_children":[{"__id__":12}],"_components":[{"__type__":"cc.Sprite","node":{"__id__":11},"_spriteFrame":{"__uuid__":"f0BIwQ8D5Ml7nTNQbh1YlS"},"_type":1,"_sizeMode":0},{"__type__":"cc.Button","node":{"__id__":11},"clickEvents":[{"__type__":"cc.ClickEvent","target":{"__id__":2},"component":"ShowCollider","handler":"onBtnClick"}],"_N$transition":2,"transition":2,"_N$pressedColor":{"__type__":"cc.Color","r":255,"g":255,"b":255},"pressedColor":{"__type__":"cc.Color","r":255,"g":255,"b":255},"_N$disabledColor":{"__type__":"cc.Color","r":255,"g":255,"b":255},"_N$normalSprite":{"__uuid__":"f0BIwQ8D5Ml7nTNQbh1YlS"},"_N$pressedSprite":{"__uuid__":"e97GVMl6JHh5Ml5qEDdSGa"},"pressedSprite":{"__uuid__":"e97GVMl6JHh5Ml5qEDdSGa"},"_N$hoverSprite":{"__uuid__":"e97GVMl6JHh5Ml5qEDdSGa"},"hoverSprite":{"__uuid__":"e97GVMl6JHh5Ml5qEDdSGa"},"_N$disabledSprite":{"__uuid__":"29FYIk+N1GYaeWH/q1NxQO"},"_N$target":{"__id__":11}},{"__type__":"cc.Widget","node":{"__id__":11},"alignMode":2,"_alignFlags":10,"_top":198,"_bottom":310,"_originalHeight":40}],"_contentSize":{"__type__":"cc.Size","width":158,"height":40},"_trs":{"__type__":"TypedArray","ctor":"Float64Array","array":[79,0,0,0,0,0,0,1,1,1]},"_zIndex":0},{"__type__":"cc.Node","_name":"Label","_parent":{"__id__":11},"_components":[{"__type__":"e4f88adp3hERoJ48DZ2PSAl","node":{"__id__":12},"_useOriginalSize":false,"_string":"显示圆","_N$string":"显示圆","_fontSize":20,"_enableWrapText":false,"_N$horizontalAlign":1,"_N$verticalAlign":1,"_N$overflow":1,"_N$textKey":"cases/collider/Shape.fire.27"}],"_color":{"__type__":"cc.Color"},"_contentSize":{"__type__":"cc.Size","width":164,"height":42},"_trs":{"__type__":"TypedArray","ctor":"Float64Array","array":[0,0,0,0,0,0,0,1,1,1]},"_zIndex":0},{"__type__":"cc.Node","_name":"Box","_parent":{"__id__":8},"_children":[{"__id__":14}],"_components":[{"__type__":"cc.Sprite","node":{"__id__":13},"_spriteFrame":{"__uuid__":"f0BIwQ8D5Ml7nTNQbh1YlS"},"_type":1,"_sizeMode":0},{"__type__":"cc.Button","node":{"__id__":13},"clickEvents":[{"__type__":"cc.ClickEvent","target":{"__id__":2},"component":"ShowCollider","handler":"onBtnClick"}],"_N$transition":2,"transition":2,"_N$pressedColor":{"__type__":"cc.Color","r":255,"g":255,"b":255},"pressedColor":{"__type__":"cc.Color","r":255,"g":255,"b":255},"_N$disabledColor":{"__type__":"cc.Color","r":255,"g":255,"b":255},"_N$normalSprite":{"__uuid__":"f0BIwQ8D5Ml7nTNQbh1YlS"},"_N$pressedSprite":{"__uuid__":"e97GVMl6JHh5Ml5qEDdSGa"},"pressedSprite":{"__uuid__":"e97GVMl6JHh5Ml5qEDdSGa"},"_N$hoverSprite":{"__uuid__":"e97GVMl6JHh5Ml5qEDdSGa"},"hoverSprite":{"__uuid__":"e97GVMl6JHh5Ml5qEDdSGa"},"_N$disabledSprite":{"__uuid__":"29FYIk+N1GYaeWH/q1NxQO"},"_N$target":{"__id__":13}},{"__type__":"cc.Widget","node":{"__id__":13},"alignMode":2,"_alignFlags":12,"_top":198,"_bottom":198,"_originalHeight":40}],"_contentSize":{"__type__":"cc.Size","width":158,"height":40},"_trs":{"__type__":"TypedArray","ctor":"Float64Array","array":[79,-102,0,0,0,0,0,1,1,1]},"_zIndex":0},{"__type__":"cc.Node","_name":"Label","_parent":{"__id__":13},"_components":[{"__type__":"e4f88adp3hERoJ48DZ2PSAl","node":{"__id__":14},"_useOriginalSize":false,"_string":"显示盒子","_N$string":"显示盒子","_fontSize":20,"_enableWrapText":false,"_N$horizontalAlign":1,"_N$verticalAlign":1,"_N$overflow":1,"_N$textKey":"cases/collider/Shape.fire.34"}],"_color":{"__type__":"cc.Color"},"_contentSize":{"__type__":"cc.Size","width":164,"height":42},"_trs":{"__type__":"TypedArray","ctor":"Float64Array","array":[0,0,0,0,0,0,0,1,1,1]},"_zIndex":0},{"__type__":"cc.Node","_name":"b","_parent":{"__id__":2},"_children":[{"__id__":16},{"__id__":18},{"__id__":20}],"_components":[{"__type__":"cc.Widget","node":{"__id__":15},"alignMode":2,"_alignFlags":37,"_right":160}],"_contentSize":{"__type__":"cc.Size","height":640},"_trs":{"__type__":"TypedArray","ctor":"Float64Array","array":[320,0,0,0,0,0,0,1,1,1]},"_zIndex":0},{"__type__":"cc.Node","_name":"Polygon","_parent":{"__id__":15},"_children":[{"__id__":17}],"_components":[{"__type__":"cc.Sprite","node":{"__id__":16},"_spriteFrame":{"__uuid__":"f0BIwQ8D5Ml7nTNQbh1YlS"},"_type":1,"_sizeMode":0},{"__type__":"cc.Button","node":{"__id__":16},"clickEvents":[{"__type__":"cc.ClickEvent","target":{"__id__":2},"component":"ShowCollider","handler":"onBtnClick"}],"_N$transition":2,"transition":2,"_N$pressedColor":{"__type__":"cc.Color","r":255,"g":255,"b":255},"pressedColor":{"__type__":"cc.Color","r":255,"g":255,"b":255},"_N$disabledColor":{"__type__":"cc.Color","r":255,"g":255,"b":255},"_N$normalSprite":{"__uuid__":"f0BIwQ8D5Ml7nTNQbh1YlS"},"_N$pressedSprite":{"__uuid__":"e97GVMl6JHh5Ml5qEDdSGa"},"pressedSprite":{"__uuid__":"e97GVMl6JHh5Ml5qEDdSGa"},"_N$hoverSprite":{"__uuid__":"e97GVMl6JHh5Ml5qEDdSGa"},"hoverSprite":{"__uuid__":"e97GVMl6JHh5Ml5qEDdSGa"},"_N$disabledSprite":{"__uuid__":"29FYIk+N1GYaeWH/q1NxQO"},"_N$target":{"__id__":16}},{"__type__":"cc.Widget","node":{"__id__":16},"alignMode":2,"_alignFlags":9,"_top":198,"_bottom":310,"_originalHeight":40}],"_contentSize":{"__type__":"cc.Size","width":158,"height":40},"_trs":{"__type__":"TypedArray","ctor":"Float64Array","array":[79,102,0,0,0,0,0,1,1,1]},"_zIndex":0},{"__type__":"cc.Node","_name":"Label","_parent":{"__id__":16},"_components":[{"__type__":"e4f88adp3hERoJ48DZ2PSAl","node":{"__id__":17},"_useOriginalSize":false,"_string":"显示多边形","_N$string":"显示多边形","_fontSize":20,"_enableWrapText":false,"_N$horizontalAlign":1,"_N$verticalAlign":1,"_N$overflow":1,"_N$textKey":"cases/collider/Shape.fire.43"}],"_color":{"__type__":"cc.Color"},"_contentSize":{"__type__":"cc.Size","width":164,"height":42},"_trs":{"__type__":"TypedArray","ctor":"Float64Array","array":[0,0,0,0,0,0,0,1,1,1]},"_zIndex":0},{"__type__":"cc.Node","_name":"Circle","_parent":{"__id__":15},"_children":[{"__id__":19}],"_components":[{"__type__":"cc.Sprite","node":{"__id__":18},"_spriteFrame":{"__uuid__":"f0BIwQ8D5Ml7nTNQbh1YlS"},"_type":1,"_sizeMode":0},{"__type__":"cc.Button","node":{"__id__":18},"clickEvents":[{"__type__":"cc.ClickEvent","target":{"__id__":2},"component":"ShowCollider","handler":"onBtnClick"}],"_N$transition":2,"transition":2,"_N$pressedColor":{"__type__":"cc.Color","r":255,"g":255,"b":255},"pressedColor":{"__type__":"cc.Color","r":255,"g":255,"b":255},"_N$disabledColor":{"__type__":"cc.Color","r":255,"g":255,"b":255},"_N$normalSprite":{"__uuid__":"f0BIwQ8D5Ml7nTNQbh1YlS"},"_N$pressedSprite":{"__uuid__":"e97GVMl6JHh5Ml5qEDdSGa"},"pressedSprite":{"__uuid__":"e97GVMl6JHh5Ml5qEDdSGa"},"_N$hoverSprite":{"__uuid__":"e97GVMl6JHh5Ml5qEDdSGa"},"hoverSprite":{"__uuid__":"e97GVMl6JHh5Ml5qEDdSGa"},"_N$disabledSprite":{"__uuid__":"29FYIk+N1GYaeWH/q1NxQO"},"_N$target":{"__id__":18}},{"__type__":"cc.Widget","node":{"__id__":18},"alignMode":2,"_alignFlags":10,"_top":198,"_bottom":310,"_originalHeight":40}],"_contentSize":{"__type__":"cc.Size","width":158,"height":40},"_trs":{"__type__":"TypedArray","ctor":"Float64Array","array":[79,0,0,0,0,0,0,1,1,1]},"_zIndex":0},{"__type__":"cc.Node","_name":"Label","_parent":{"__id__":18},"_components":[{"__type__":"e4f88adp3hERoJ48DZ2PSAl","node":{"__id__":19},"_useOriginalSize":false,"_string":"显示圆","_N$string":"显示圆","_fontSize":20,"_enableWrapText":false,"_N$horizontalAlign":1,"_N$verticalAlign":1,"_N$overflow":1,"_N$textKey":"cases/collider/Shape.fire.50"}],"_color":{"__type__":"cc.Color"},"_contentSize":{"__type__":"cc.Size","width":164,"height":42},"_trs":{"__type__":"TypedArray","ctor":"Float64Array","array":[0,0,0,0,0,0,0,1,1,1]},"_zIndex":0},{"__type__":"cc.Node","_name":"Box","_parent":{"__id__":15},"_children":[{"__id__":21}],"_components":[{"__type__":"cc.Sprite","node":{"__id__":20},"_spriteFrame":{"__uuid__":"f0BIwQ8D5Ml7nTNQbh1YlS"},"_type":1,"_sizeMode":0},{"__type__":"cc.Button","node":{"__id__":20},"clickEvents":[{"__type__":"cc.ClickEvent","target":{"__id__":2},"component":"ShowCollider","handler":"onBtnClick"}],"_N$transition":2,"transition":2,"_N$pressedColor":{"__type__":"cc.Color","r":255,"g":255,"b":255},"pressedColor":{"__type__":"cc.Color","r":255,"g":255,"b":255},"_N$disabledColor":{"__type__":"cc.Color","r":255,"g":255,"b":255},"_N$normalSprite":{"__uuid__":"f0BIwQ8D5Ml7nTNQbh1YlS"},"_N$pressedSprite":{"__uuid__":"e97GVMl6JHh5Ml5qEDdSGa"},"pressedSprite":{"__uuid__":"e97GVMl6JHh5Ml5qEDdSGa"},"_N$hoverSprite":{"__uuid__":"e97GVMl6JHh5Ml5qEDdSGa"},"hoverSprite":{"__uuid__":"e97GVMl6JHh5Ml5qEDdSGa"},"_N$disabledSprite":{"__uuid__":"29FYIk+N1GYaeWH/q1NxQO"},"_N$target":{"__id__":20}},{"__type__":"cc.Widget","node":{"__id__":20},"alignMode":2,"_alignFlags":12,"_top":198,"_bottom":198,"_originalHeight":40}],"_contentSize":{"__type__":"cc.Size","width":158,"height":40},"_trs":{"__type__":"TypedArray","ctor":"Float64Array","array":[79,-102,0,0,0,0,0,1,1,1]},"_zIndex":0},{"__type__":"cc.Node","_name":"Label","_parent":{"__id__":20},"_components":[{"__type__":"e4f88adp3hERoJ48DZ2PSAl","node":{"__id__":21},"_useOriginalSize":false,"_string":"显示盒子","_N$string":"显示盒子","_fontSize":20,"_enableWrapText":false,"_N$horizontalAlign":1,"_N$verticalAlign":1,"_N$overflow":1,"_N$textKey":"cases/collider/Shape.fire.57"}],"_color":{"__type__":"cc.Color"},"_contentSize":{"__type__":"cc.Size","width":164,"height":42},"_trs":{"__type__":"TypedArray","ctor":"Float64Array","array":[0,0,0,0,0,0,0,1,1,1]},"_zIndex":0}],{"__type__":"cc.SpriteFrame","content":{"name":"default_btn_pressed","texture":"b4P/PCArtIdIH38t6mlw8Y","rect":[0,0,40,40],"offset":[0,0],"originalSize":[40,40],"capInsets":[12,12,12,12]}},{"__type__":"cc.SpriteFrame","content":{"name":"default_btn_normal","texture":"e8Ueib+qJEhL6mXAHdnwbi","rect":[0,0,40,40],"offset":[0,0],"originalSize":[40,40],"capInsets":[12,12,12,12]}}]