[[{"__type__":"cc.Prefab","_name":"shieldNode","data":{"__id__":1}},{"__type__":"cc.Node","_name":"shieldNode","_components":[{"__type__":"cc.Sprite","node":{"__id__":1},"_materials":[{"__uuid__":"ecpdLyjvZBwrvm+cedCcQy"}],"_spriteFrame":{"__uuid__":"bfhnyuiiFP/52t0htQmKGm"},"_sizeMode":0}],"_prefab":{"__type__":"cc.PrefabInfo","root":{"__id__":1},"asset":{"__uuid__":"1cO7rFBQ1Lpq0+N6KqlVon"},"fileId":"f96dcvvn5A/ps/xaJ4N4aT"},"_contentSize":{"__type__":"cc.Size","width":40,"height":40},"_trs":{"__type__":"TypedArray","ctor":"Float64Array","array":[0,0,0,0,0,0,1,1,1,1]}}],{"__type__":"cc.SpriteFrame","content":{"name":"content","texture":"6bT67Vq8NKd6+dNe1npaSL","rect":[0,0,512,512],"offset":[0,0],"originalSize":[512,512],"capInsets":[0,0,0,0]}}]