[{"__type__":"cc.SpriteFrame","content":{"name":"default_btn_disabled","texture":"71VhFCTINJM6/Ky3oX9nBT","rect":[0,0,40,40],"offset":[0,0],"originalSize":[40,40],"capInsets":[12,12,12,12]}},[{"__type__":"cc.SceneAsset","_name":"particle-rotation","scene":{"__id__":1},"asyncLoadAssets":null},{"__type__":"cc.Scene","_name":"New Node","_children":[{"__id__":2},{"__id__":3},{"__id__":4}],"_anchorPoint":{"__type__":"cc.Vec2"},"_trs":{"__type__":"TypedArray","ctor":"Float64Array","array":[0,0,0,0,0,0,1,1,1,1]},"autoReleaseAssets":false},{"__type__":"cc.Node","_name":"3DCamera","_parent":{"__id__":1},"_components":[{"__type__":"cc.Camera","node":{"__id__":2},"_cullingMask":-129,"_clearFlags":7,"_depth":-1,"_fov":45,"_ortho":false,"_alignWithScreen":false}],"_contentSize":{"__type__":"cc.Size","width":960,"height":640},"_trs":{"__type__":"TypedArray","ctor":"Float64Array","array":[480,320,20,0,0,0,1,1,1,1]},"_is3DNode":true,"_id":"e1WoFrQ79G7r4ZuQE3HlNb"},{"__type__":"cc.Node","_name":"rotation","_parent":{"__id__":1},"_components":[{"__type__":"cc.ParticleSystem3D","node":{"__id__":3},"_materials":[{"__uuid__":"43L6CczwNM/6GGmCYEQIoH"}],"startDelay":{"__type__":"cc.CurveRange"},"startLifetime":{"__type__":"cc.CurveRange","constant":5},"startColor":{"__type__":"cc.GradientRange"},"startSize":{"__type__":"cc.CurveRange","constant":10},"startSpeed":{"__type__":"cc.CurveRange"},"startRotation":{"__type__":"cc.CurveRange"},"gravityModifier":{"__type__":"cc.CurveRange"},"rateOverTime":{"__type__":"cc.CurveRange"},"rateOverDistance":{"__type__":"cc.CurveRange"},"bursts":[{"__type__":"cc.Burst","count":{"__type__":"cc.CurveRange","constant":1}}],"_rotationOvertimeModule":{"__type__":"cc.RotationOvertimeModule","enable":true,"x":{"__type__":"cc.CurveRange"},"y":{"__type__":"cc.CurveRange"},"z":{"__type__":"cc.CurveRange","mode":1,"curve":{"__type__":"cc.AnimationCurve","keyFrames":[{"__type__":"cc.Keyframe","value":1,"inTangent":-2,"outTangent":-2},{"__type__":"cc.Keyframe","time":0.55,"value":0.03,"inTangent":0.44,"outTangent":0.44},{"__type__":"cc.Keyframe","time":1,"value":1}]}}}}],"_trs":{"__type__":"TypedArray","ctor":"Float64Array","array":[480,320,0,0,0,0,1,1,1,1]},"_is3DNode":true,"_id":"f0byzEhBhNA4lZiwky8112"},{"__type__":"cc.Node","_name":"Canvas","_parent":{"__id__":1},"_children":[{"__id__":5},{"__id__":6}],"_components":[{"__type__":"cc.Canvas","node":{"__id__":4}},{"__type__":"cc.Widget","node":{"__id__":4},"_alignFlags":45}],"_contentSize":{"__type__":"cc.Size","width":960,"height":640},"_trs":{"__type__":"TypedArray","ctor":"Float64Array","array":[480,320,0,0,0,0,1,1,1,1]},"_id":"a5esZu+45LA5mBpvttspPD"},{"__type__":"cc.Node","_name":"Main Camera","_parent":{"__id__":4},"_components":[{"__type__":"cc.Camera","node":{"__id__":5},"_cullingMask":0,"_depth":-1}],"_trs":{"__type__":"TypedArray","ctor":"Float64Array","array":[0,0,252.8794179050561,0,0,0,1,1,1,1]}},{"__type__":"cc.Node","_name":"Tips","_parent":{"__id__":4},"_children":[{"__id__":7},{"__id__":8}],"_components":[{"__type__":"b71d3yctLlH0bVfbZXKVJIY","node":{"__id__":6}}],"_prefab":{"__type__":"cc.PrefabInfo","root":{"__id__":6},"asset":{"__uuid__":"a74mwN3Q5Ht4wFbg5wegAn"},"fileId":"b0lbEfCndDEJdHHJ7piqFe"},"_trs":{"__type__":"TypedArray","ctor":"Float64Array","array":[0,0,0,0,0,0,1,1,1,1]}},{"__type__":"cc.Node","_name":"UICamera","_parent":{"__id__":6},"_components":[{"__type__":"cc.Camera","node":{"__id__":7},"_cullingMask":128,"_nearClip":0.1}],"_prefab":{"__type__":"cc.PrefabInfo","root":{"__id__":6},"asset":{"__uuid__":"a74mwN3Q5Ht4wFbg5wegAn"},"fileId":"c1wQiISyNAdrdkEJ9otmnO"},"_trs":{"__type__":"TypedArray","ctor":"Float64Array","array":[0,0,252.8794179050561,0,0,0,1,1,1,1]},"_groupIndex":7,"groupIndex":7},{"__type__":"cc.Node","_name":"Panel","_parent":{"__id__":6},"_children":[{"__id__":9},{"__id__":10}],"_components":[{"__type__":"b71d3yctLlH0bVfbZXKVJIY","node":{"__id__":8}}],"_prefab":{"__type__":"cc.PrefabInfo","root":{"__id__":6},"asset":{"__uuid__":"a74mwN3Q5Ht4wFbg5wegAn"},"fileId":"14l3GXDeNCv5k0fBqVbbX6"},"_trs":{"__type__":"TypedArray","ctor":"Float64Array","array":[0,0,0,0,0,0,1,1,1,1]},"_groupIndex":7,"groupIndex":7},{"__type__":"cc.Node","_name":"tips","_parent":{"__id__":8},"_active":false,"_components":[{"__type__":"e4f88adp3hERoJ48DZ2PSAl","node":{"__id__":9},"_materials":[{"__uuid__":"ecpdLyjvZBwrvm+cedCcQy"}],"_string":"Particles rotate according to the set curve","_N$string":"Particles rotate according to the set curve","_fontSize":28,"_N$textKey":"cases/particle3d.rotation"}],"_prefab":{"__type__":"cc.PrefabInfo","root":{"__id__":6},"asset":{"__uuid__":"a74mwN3Q5Ht4wFbg5wegAn"},"fileId":"abCfp1iSlA64OqoqEiTNMo"},"_contentSize":{"__type__":"cc.Size","width":515.14,"height":50.4},"_trs":{"__type__":"TypedArray","ctor":"Float64Array","array":[0,157.037,0,0,0,0,1,1,1,1]},"_groupIndex":7,"groupIndex":7},{"__type__":"cc.Node","_name":"Button","_parent":{"__id__":8},"_children":[{"__id__":11}],"_components":[{"__type__":"cc.Button","node":{"__id__":10},"_normalMaterial":{"__uuid__":"ecpdLyjvZBwrvm+cedCcQy"},"clickEvents":[{"__type__":"cc.ClickEvent","target":{"__id__":8},"_componentId":"b71d3yctLlH0bVfbZXKVJIY","handler":"showtip"}],"_N$transition":3,"transition":3,"_N$normalColor":{"__type__":"cc.Color","r":230,"g":230,"b":230},"_N$pressedColor":{"__type__":"cc.Color","r":200,"g":200,"b":200},"pressedColor":{"__type__":"cc.Color","r":200,"g":200,"b":200},"_N$disabledColor":{"__type__":"cc.Color","r":120,"g":120,"b":120,"a":200},"_N$normalSprite":{"__uuid__":"f0BIwQ8D5Ml7nTNQbh1YlS"},"_N$pressedSprite":{"__uuid__":"e97GVMl6JHh5Ml5qEDdSGa"},"pressedSprite":{"__uuid__":"e97GVMl6JHh5Ml5qEDdSGa"},"_N$hoverSprite":{"__uuid__":"f0BIwQ8D5Ml7nTNQbh1YlS"},"hoverSprite":{"__uuid__":"f0BIwQ8D5Ml7nTNQbh1YlS"},"_N$disabledSprite":{"__uuid__":"29FYIk+N1GYaeWH/q1NxQO"},"_N$target":{"__id__":11}}],"_prefab":{"__type__":"cc.PrefabInfo","root":{"__id__":6},"asset":{"__uuid__":"a74mwN3Q5Ht4wFbg5wegAn"},"fileId":"042fgcbyFBHIwftn3ae4/m"},"_contentSize":{"__type__":"cc.Size","width":100,"height":40},"_trs":{"__type__":"TypedArray","ctor":"Float64Array","array":[275.067,234.405,0,0,0,0,1,1,1,1]},"_groupIndex":7,"groupIndex":7},{"__type__":"cc.Node","_name":"Background","_parent":{"__id__":10},"_children":[{"__id__":12}],"_components":[{"__type__":"cc.Sprite","node":{"__id__":11},"_materials":[{"__uuid__":"ecpdLyjvZBwrvm+cedCcQy"}],"_spriteFrame":{"__uuid__":"f0BIwQ8D5Ml7nTNQbh1YlS"},"_type":1,"_sizeMode":0},{"__type__":"cc.Widget","node":{"__id__":11},"alignMode":0,"_alignFlags":45,"_originalWidth":100,"_originalHeight":40}],"_prefab":{"__type__":"cc.PrefabInfo","root":{"__id__":6},"asset":{"__uuid__":"a74mwN3Q5Ht4wFbg5wegAn"},"fileId":"68jxhsHghGgria2abVOt27"},"_contentSize":{"__type__":"cc.Size","width":100,"height":40},"_trs":{"__type__":"TypedArray","ctor":"Float64Array","array":[0,0,0,0,0,0,1,1,1,1]},"_groupIndex":7,"groupIndex":7},{"__type__":"cc.Node","_name":"Label","_parent":{"__id__":11},"_components":[{"__type__":"cc.Label","node":{"__id__":12},"_materials":[{"__uuid__":"ecpdLyjvZBwrvm+cedCcQy"}],"_useOriginalSize":false,"_string":"Tips","_N$string":"Tips","_fontSize":20,"_enableWrapText":false,"_N$horizontalAlign":1,"_N$verticalAlign":1,"_N$overflow":1}],"_prefab":{"__type__":"cc.PrefabInfo","root":{"__id__":6},"asset":{"__uuid__":"a74mwN3Q5Ht4wFbg5wegAn"},"fileId":"fcB7M+eT1EmYR5YM5blWQ2"},"_color":{"__type__":"cc.Color"},"_contentSize":{"__type__":"cc.Size","width":100,"height":60},"_trs":{"__type__":"TypedArray","ctor":"Float64Array","array":[0,0,0,0,0,0,1,1,1,1]},"_groupIndex":7,"groupIndex":7}],{"__type__":"cc.SpriteFrame","content":{"name":"default_btn_pressed","texture":"b4P/PCArtIdIH38t6mlw8Y","rect":[0,0,40,40],"offset":[0,0],"originalSize":[40,40],"capInsets":[12,12,12,12]}},{"__type__":"cc.SpriteFrame","content":{"name":"default_btn_normal","texture":"e8Ueib+qJEhL6mXAHdnwbi","rect":[0,0,40,40],"offset":[0,0],"originalSize":[40,40],"capInsets":[12,12,12,12]}}]