[{"__type__":"cc.SpriteFrame","content":{"name":"sheep_run_3","texture":"834FFm1hFFKqwvTL9cPVoG","rect":[2,91,178,113],"offset":[2,1],"originalSize":[228,159],"capInsets":[0,0,0,0]}},{"__type__":"cc.SpriteFrame","content":{"name":"sheep_run_0","texture":"834FFm1hFFKqwvTL9cPVoG","rect":[178,236,168,113],"offset":[-4,0],"originalSize":[228,159],"capInsets":[0,0,0,0]}},{"__type__":"cc.SpriteFrame","content":{"name":"sheep_run_2","texture":"834FFm1hFFKqwvTL9cPVoG","rect":[228,2,178,115],"offset":[1,11],"originalSize":[228,159],"capInsets":[0,0,0,0]}},{"__type__":"cc.SpriteFrame","content":{"name":"sheep_run_1","texture":"834FFm1hFFKqwvTL9cPVoG","rect":[182,119,176,115],"offset":[1,2],"originalSize":[228,159],"capInsets":[0,0,0,0]}},{"__type__":"cc.AnimationClip","_name":"sheep_run","_duration":0.3,"sample":10,"wrapMode":2,"curveData":{"comps":{"cc.Sprite":{"spriteFrame":[{"frame":0,"value":{"__uuid__":"7cy3hPfFFKC6We6V2kDzAT"}},{"frame":0.1,"value":{"__uuid__":"c2A3Z4ZbNLC4tm/ug1pG+U"}},{"frame":0.2,"value":{"__uuid__":"95Y8thvgRAsJsKxyHAV/Id"}},{"frame":0.3,"value":{"__uuid__":"73A0cTq0tPupU7X31MNjIM"}}]}},"props":{}}}]