{"__type__":"cc.EffectAsset","_name":"mesh-texture","techniques":[{"passes":[{"blendState":{"targets":[{"blend":true}]},"rasterizerState":{"cullMode":0},"properties":{"texture":{"value":"white","type":29},"alphaThreshold":{"value":[0.5],"type":13}},"program":"mesh-texture|sprite-vs:vert|sprite-fs:frag"}]}],"shaders":[{"hash":2114443581,"glsl3":{"vert":"\nprecision highp float;\nuniform CCGlobal {\n  mat4 cc_matView;\n  mat4 cc_matViewInv;\n  mat4 cc_matProj;\n  mat4 cc_matProjInv;\n  mat4 cc_matViewProj;\n  mat4 cc_matViewProjInv;\n  vec4 cc_cameraPos;\n  vec4 cc_time;\n  mediump vec4 cc_screenSize;\n  mediump vec4 cc_screenScale;\n};\nuniform CCLocal {\n  mat4 cc_matWorld;\n  mat4 cc_matWorldIT;\n};\nin vec3 a_position;\n#if USE_TEXTURE\nin vec2 a_uv0;\nout vec2 uv0;\n#endif\nvec4 vert () {\n  vec4 pos = vec4(a_position, 1);\n  #if USE_MODEL\n  pos = cc_matViewProj * cc_matWorld * pos;\n  #else\n  pos = cc_matViewProj * pos;\n  #endif\n  #if USE_TEXTURE\n  uv0 = a_uv0;\n  #endif\n  return pos;\n}\nvoid main() { gl_Position = vert(); }","frag":"\nprecision highp float;\n#if USE_ALPHA_TEST\n  uniform ALPHA_TEST {\n    float alphaThreshold;\n  };\n#endif\nvoid ALPHA_TEST (in vec4 color) {\n  #if USE_ALPHA_TEST\n      if (color.a < alphaThreshold) discard;\n  #endif\n}\nvoid ALPHA_TEST (in float alpha) {\n  #if USE_ALPHA_TEST\n      if (alpha < alphaThreshold) discard;\n  #endif\n}\n#if USE_TEXTURE\nin vec2 uv0;\nuniform sampler2D texture;\n#endif\nvec4 frag () {\n  vec4 o = vec4(1, 1, 1, 1);\n  #if USE_TEXTURE\n  o *= texture(texture, uv0);\n    #if _USE_ETC1_TEXTURE\n    o.a *= texture2D(texture, uv0 + vec2(0, 0.5)).r;\n    #endif\n  #endif\n  ALPHA_TEST(o);\n  return o;\n}\nout vec4 cc_FragColor;\nvoid main() { cc_FragColor = frag(); }"},"glsl1":{"vert":"\nprecision highp float;\nuniform mat4 cc_matViewProj;\nuniform mat4 cc_matWorld;\nattribute vec3 a_position;\n#if USE_TEXTURE\nattribute vec2 a_uv0;\nvarying vec2 uv0;\n#endif\nvec4 vert () {\n  vec4 pos = vec4(a_position, 1);\n  #if USE_MODEL\n  pos = cc_matViewProj * cc_matWorld * pos;\n  #else\n  pos = cc_matViewProj * pos;\n  #endif\n  #if USE_TEXTURE\n  uv0 = a_uv0;\n  #endif\n  return pos;\n}\nvoid main() { gl_Position = vert(); }","frag":"\nprecision highp float;\n#if USE_ALPHA_TEST\n  uniform float alphaThreshold;\n#endif\nvoid ALPHA_TEST (in vec4 color) {\n  #if USE_ALPHA_TEST\n      if (color.a < alphaThreshold) discard;\n  #endif\n}\nvoid ALPHA_TEST (in float alpha) {\n  #if USE_ALPHA_TEST\n      if (alpha < alphaThreshold) discard;\n  #endif\n}\n#if USE_TEXTURE\nvarying vec2 uv0;\nuniform sampler2D texture;\n#endif\nvec4 frag () {\n  vec4 o = vec4(1, 1, 1, 1);\n  #if USE_TEXTURE\n  o *= texture2D(texture, uv0);\n    #if _USE_ETC1_TEXTURE\n    o.a *= texture2D(texture, uv0 + vec2(0, 0.5)).r;\n    #endif\n  #endif\n  ALPHA_TEST(o);\n  return o;\n}\nvoid main() { gl_FragColor = frag(); }"},"builtins":{"globals":{"blocks":[{"name":"CCGlobal","defines":[]}],"samplers":[]},"locals":{"blocks":[{"name":"CCLocal","defines":[]}],"samplers":[]}},"defines":[{"name":"USE_TEXTURE","type":"boolean","defines":[]},{"name":"USE_MODEL","type":"boolean","defines":[]},{"name":"USE_ALPHA_TEST","type":"boolean","defines":[]},{"name":"_USE_ETC1_TEXTURE","type":"boolean","defines":["USE_TEXTURE"]}],"blocks":[{"name":"ALPHA_TEST","members":[{"name":"alphaThreshold","type":13,"count":1}],"defines":["USE_ALPHA_TEST"],"binding":0}],"samplers":[{"name":"texture","type":29,"count":1,"defines":["USE_TEXTURE"],"binding":30}],"record":null,"name":"mesh-texture|sprite-vs:vert|sprite-fs:frag"}]}