{"__type__":"cc.TiledMapAsset","_name":"tile_iso_offset","tmxXmlStr":"<?xml version=\"1.0\" encoding=\"UTF-8\"?>\r\n<map version=\"1.0\" orientation=\"isometric\" width=\"10\" height=\"10\" tilewidth=\"100\" tileheight=\"50\">\r\n <tileset firstgid=\"1\" name=\"wetlands-ipad\" tilewidth=\"100\" tileheight=\"100\" spacing=\"1\" margin=\"1\">\r\n  <tileoffset x=\"0\" y=\"15\"/>\r\n  <image source=\"tile_iso_offset.png\" width=\"256\" height=\"256\"/>\r\n     <tile id=\"0\">\r\n         <properties>\r\n             <property name=\"altitude\" value=\"0\"/>\r\n             <property name=\"isWater\" value=\"0\"/>\r\n         </properties>\r\n     </tile>\r\n     <tile id=\"1\">\r\n         <properties>\r\n             <property name=\"altitude\" value=\"0\"/>\r\n             <property name=\"isWater\" value=\"0\"/>\r\n         </properties>\r\n     </tile>\r\n     <tile id=\"2\">\r\n         <properties>\r\n             <property name=\"altitude\" value=\"2.5\"/>\r\n             <property name=\"isWater\" value=\"0\"/>\r\n         </properties>\r\n     </tile>\r\n     <tile id=\"3\">\r\n         <properties>\r\n             <property name=\"altitude\" value=\"-1\"/>\r\n             <property name=\"isWater\" value=\"1\"/>\r\n         </properties>\r\n     </tile>\r\n </tileset>\r\n <layer name=\"baseLayer\" width=\"10\" height=\"10\">\r\n  <data encoding=\"base64\" compression=\"zlib\">\r\n   eJxtkEEOwDAIwyDh/2/eDpsUWTlYSK0bCpoZBftygQr74fBc7lvmhktH0ZP5i+wr79Izzg+9jMp//hmcS8jNvXj6ng4OSfcBuQwA6g==\r\n  </data>\r\n </layer>\r\n</map>\r\n\r\n","textures":[{"__uuid__":"54MzfKaedF/JZ0nG4hgKi+"}],"textureNames":["tile_iso_offset.png"],"textureSizes":[{"__type__":"cc.Size","width":256,"height":256}]}