[{"__type__":"cc.SpriteFrame","content":{"name":"default_btn_disabled","texture":"71VhFCTINJM6/Ky3oX9nBT","rect":[0,0,40,40],"offset":[0,0],"originalSize":[40,40],"capInsets":[12,12,12,12]}},{"__type__":"cc.SpriteFrame","content":{"name":"default_sprite","texture":"6eBWFz0oVHPLIGQKf/9Thu","rect":[0,2,40,36],"offset":[0,0],"originalSize":[40,40],"capInsets":[0,0,0,0]}},{"__type__":"cc.SpriteFrame","content":{"name":"default_panel","texture":"d8HsitJHxOYqo801xBk8ev","rect":[0,0,20,20],"offset":[0,0],"originalSize":[20,20],"capInsets":[6,6,6,6]}},{"__type__":"cc.SpriteFrame","content":{"name":"default_scrollbar_bg","texture":"4bq2fLGOZAmbhANV8Ec/iQ","rect":[0,0,30,15],"offset":[0,0],"originalSize":[30,15],"capInsets":[10,4,10,4]}},[{"__type__":"cc.SceneAsset","_name":"downloader-web","scene":{"__id__":1},"asyncLoadAssets":null},{"__type__":"cc.Scene","_name":"New Node","_children":[{"__id__":2},{"__id__":14}],"_anchorPoint":{"__type__":"cc.Vec2"},"_trs":{"__type__":"TypedArray","ctor":"Float64Array","array":[0,0,0,0,0,0,1,0.5072916666666667,0.5072916666666667,1]},"_zIndex":0,"autoReleaseAssets":true},{"__type__":"cc.Node","_name":"Canvas","_parent":{"__id__":1},"_children":[{"__id__":3},{"__id__":4},{"__id__":5}],"_components":[{"__type__":"cc.Canvas","node":{"__id__":2}},{"__type__":"cc.Widget","node":{"__id__":2},"_alignFlags":45}],"_contentSize":{"__type__":"cc.Size","width":960,"height":640},"_trs":{"__type__":"TypedArray","ctor":"Float64Array","array":[480,320,0,0,0,0,0,1,1,1]},"_zIndex":0,"_id":"c8M0MuMG5FcJEZBRGFVusf"},{"__type__":"cc.Node","_parent":{"__id__":2},"_id":"12fn9tV9FBpZTcWHX1ZRtc","_prefab":{"__type__":"cc.PrefabInfo","root":{"__id__":3},"asset":{"__uuid__":"b8OSNRvpdPAZhePn0hGPPJ"},"fileId":"78fd70+ls5GgJcFkzvLSRk8","sync":true},"_name":"Background","_trs":{"__type__":"TypedArray","ctor":"Float64Array","array":[0,0,0,0,0,0,0,1,1,1]}},{"__type__":"cc.Node","_name":"Main Camera","_parent":{"__id__":2},"_components":[{"__type__":"cc.Camera","node":{"__id__":4},"_clearFlags":7,"_depth":-1}],"_trs":{"__type__":"TypedArray","ctor":"Float64Array","array":[0,0,0,0,0,0,0,1,1,1]},"_zIndex":0},{"__type__":"cc.Node","_name":"pageview","_parent":{"__id__":2},"_children":[{"__id__":6},{"__id__":7},{"__id__":51}],"_components":[{"__id__":53}],"_contentSize":{"__type__":"cc.Size","width":960,"height":640},"_trs":{"__type__":"TypedArray","ctor":"Float64Array","array":[0,0,0,0,0,0,0,1,1,1]},"_zIndex":0},{"__type__":"cc.Node","_name":"background","_parent":{"__id__":5},"_components":[{"__type__":"cc.Sprite","node":{"__id__":6},"_spriteFrame":{"__uuid__":"9bvaMerUlDyary99mJa6xp"},"_type":1,"_sizeMode":0}],"_contentSize":{"__type__":"cc.Size","width":960,"height":640},"_trs":{"__type__":"TypedArray","ctor":"Float64Array","array":[0,0,0,0,0,0,0,1,1,1]},"_zIndex":0},{"__type__":"cc.Node","_name":"view","_parent":{"__id__":5},"_children":[{"__id__":8}],"_components":[{"__type__":"cc.Mask","node":{"__id__":7},"_N$alphaThreshold":0},{"__type__":"cc.Widget","node":{"__id__":7},"alignMode":0,"_alignFlags":45,"_originalWidth":400,"_originalHeight":350}],"_contentSize":{"__type__":"cc.Size","width":960,"height":640},"_trs":{"__type__":"TypedArray","ctor":"Float64Array","array":[0,0,0,0,0,0,0,1,1,1]},"_zIndex":0},{"__type__":"cc.Node","_name":"content","_parent":{"__id__":7},"_children":[{"__id__":9},{"__id__":30}],"_components":[{"__type__":"cc.Layout","node":{"__id__":8},"_layoutSize":{"__type__":"cc.Size","width":1920,"height":640},"_resize":1,"_N$layoutType":1,"_N$spacingY":15}],"_contentSize":{"__type__":"cc.Size","width":1920,"height":640},"_anchorPoint":{"__type__":"cc.Vec2","y":0.5},"_trs":{"__type__":"TypedArray","ctor":"Float64Array","array":[-480,0,0,0,0,0,0,1,1,1]},"_zIndex":0},{"__type__":"cc.Node","_name":"Remote_Audio","_parent":{"__id__":8},"_children":[{"__id__":10},{"__id__":11},{"__id__":27},{"__id__":16},{"__id__":19},{"__id__":50}],"_components":[{"__type__":"cc.Sprite","node":{"__id__":9},"_spriteFrame":{"__uuid__":"9bvaMerUlDyary99mJa6xp"},"_type":1,"_sizeMode":0},{"__type__":"cc.Widget","node":{"__id__":9},"alignMode":0,"_alignFlags":5,"_top":50,"_bottom":50,"_originalHeight":290}],"_color":{"__type__":"cc.Color","r":57,"g":61,"b":64},"_contentSize":{"__type__":"cc.Size","width":960,"height":540},"_trs":{"__type__":"TypedArray","ctor":"Float64Array","array":[480,0,0,0,0,0,0,1,1,1]},"_zIndex":0},{"__type__":"cc.Node","_name":"Title","_parent":{"__id__":9},"_components":[{"__type__":"e4f88adp3hERoJ48DZ2PSAl","node":{"__id__":10},"_useOriginalSize":false,"_string":"远程音频资源下载","_N$string":"远程音频资源下载","_fontSize":50,"_lineHeight":50,"_N$horizontalAlign":1,"_N$verticalAlign":1,"_N$textKey":"cases/05_scripting/11_network/download-web.fire.1.1"}],"_contentSize":{"__type__":"cc.Size","width":400,"height":50},"_trs":{"__type__":"TypedArray","ctor":"Float64Array","array":[0,215,0,0,0,0,0,1,1,1]},"_zIndex":0},{"__type__":"cc.Node","_name":"Controll_Buttons","_parent":{"__id__":9},"_children":[{"__id__":12},{"__id__":44},{"__id__":46},{"__id__":48}],"_components":[{"__type__":"cc.Layout","node":{"__id__":11},"_N$layoutType":3,"_N$spacingX":40,"_N$spacingY":50}],"_contentSize":{"__type__":"cc.Size","width":300,"height":200},"_trs":{"__type__":"TypedArray","ctor":"Float64Array","array":[0,-39,0,0,0,0,0,1,1,1]},"_zIndex":0},{"__type__":"cc.Node","_name":"Play","_parent":{"__id__":11},"_children":[{"__id__":13}],"_components":[{"__type__":"cc.Sprite","node":{"__id__":12},"_spriteFrame":{"__uuid__":"f0BIwQ8D5Ml7nTNQbh1YlS"},"_type":1,"_sizeMode":0},{"__type__":"cc.Button","node":{"__id__":12},"clickEvents":[{"__type__":"cc.ClickEvent","target":{"__id__":14},"component":"AudioCtrl","handler":"playAudio"}],"_N$transition":2,"transition":2,"_N$pressedColor":{"__type__":"cc.Color","r":255,"g":255,"b":255},"pressedColor":{"__type__":"cc.Color","r":255,"g":255,"b":255},"_N$disabledColor":{"__type__":"cc.Color","r":255,"g":255,"b":255},"_N$normalSprite":{"__uuid__":"f0BIwQ8D5Ml7nTNQbh1YlS"},"_N$pressedSprite":{"__uuid__":"e97GVMl6JHh5Ml5qEDdSGa"},"pressedSprite":{"__uuid__":"e97GVMl6JHh5Ml5qEDdSGa"},"_N$hoverSprite":{"__uuid__":"f0BIwQ8D5Ml7nTNQbh1YlS"},"hoverSprite":{"__uuid__":"f0BIwQ8D5Ml7nTNQbh1YlS"},"_N$disabledSprite":{"__uuid__":"29FYIk+N1GYaeWH/q1NxQO"},"_N$target":{"__id__":12}}],"_contentSize":{"__type__":"cc.Size","width":130,"height":50},"_trs":{"__type__":"TypedArray","ctor":"Float64Array","array":[-85,75,0,0,0,0,0,1,1,1]},"_zIndex":0},{"__type__":"cc.Node","_name":"Label","_parent":{"__id__":12},"_components":[{"__type__":"e4f88adp3hERoJ48DZ2PSAl","node":{"__id__":13},"_string":"播放","_N$string":"播放","_fontSize":30,"_N$horizontalAlign":1,"_N$verticalAlign":1,"_N$textKey":"scripts/AudioCtrl_Play"}],"_color":{"__type__":"cc.Color"},"_contentSize":{"__type__":"cc.Size","width":60,"height":40},"_trs":{"__type__":"TypedArray","ctor":"Float64Array","array":[0,0,0,0,0,0,0,1,1,1]},"_zIndex":0},{"__type__":"cc.Node","_name":"downloadCtrl","_parent":{"__id__":1},"_components":[{"__type__":"0c2cc2alblHzIYTnubkC9U7","node":{"__id__":14},"remindLabel":{"__id__":15},"inputUrlBox":{"__id__":17}},{"__type__":"5696eq9jEBM7KysA0oiKxfR","node":{"__id__":14},"timeLabel":{"__id__":26}},{"__type__":"3d00dQT3HNGKavyQVCwTT1h","node":{"__id__":14},"remindLabel":{"__id__":28},"inputUrlBox":{"__id__":38},"picNode":{"__id__":43},"_picUrl":"https://www.cocos.com/wp-content/themes/cocos/img/download1.png"}],"_trs":{"__type__":"TypedArray","ctor":"Float64Array","array":[0,0,0,0,0,0,0,1,1,1]},"_zIndex":0,"_id":"b0ykMEz3NFyrtZF7pCfXaU"},{"__type__":"e4f88adp3hERoJ48DZ2PSAl","node":{"__id__":16},"_useOriginalSize":false,"_string":"等待下载中...","_N$string":"等待下载中...","_fontSize":50,"_lineHeight":50,"_N$horizontalAlign":1,"_N$verticalAlign":1,"_N$textKey":"cases/05_scripting/11_network/download-web.fire.2"},{"__type__":"cc.Node","_name":"Remind_Label","_parent":{"__id__":9},"_components":[{"__id__":15}],"_contentSize":{"__type__":"cc.Size","width":291.67,"height":50},"_trs":{"__type__":"TypedArray","ctor":"Float64Array","array":[0,-220,0,0,0,0,0,1,1,1]},"_zIndex":0},{"__type__":"cc.EditBox","node":{"__id__":18},"_useOriginalSize":false,"_string":"http://tools.itharbors.com/christmas/res/sounds/ss.mp3","_N$backgroundImage":{"__uuid__":"ffDpHHVcZAhqOfy25Fe4w7"},"_N$returnType":0,"_N$fontSize":20,"_N$lineHeight":40,"_N$fontColor":{"__type__":"cc.Color","r":255,"g":255,"b":255},"_N$placeholder":"remote url...","_N$placeholderFontSize":20,"_N$placeholderFontColor":{"__type__":"cc.Color","r":255,"g":255,"b":255},"_N$maxLength":100,"_N$inputMode":6},{"__type__":"cc.Node","_name":"editbox","_parent":{"__id__":19},"_children":[{"__id__":23},{"__id__":24},{"__id__":25}],"_components":[{"__id__":17}],"_contentSize":{"__type__":"cc.Size","width":300,"height":40},"_trs":{"__type__":"TypedArray","ctor":"Float64Array","array":[83,204,0,0,0,0,0,1,1,1]},"_zIndex":0},{"__type__":"cc.Node","_name":"RemoteUrl","_parent":{"__id__":9},"_children":[{"__id__":18},{"__id__":20},{"__id__":21}],"_trs":{"__type__":"TypedArray","ctor":"Float64Array","array":[-60,-92,0,0,0,0,0,1,1,1]},"_zIndex":0},{"__type__":"cc.Node","_name":"New Label","_parent":{"__id__":19},"_components":[{"__type__":"e4f88adp3hERoJ48DZ2PSAl","node":{"__id__":20},"_string":"资源地址：","_N$string":"资源地址：","_fontSize":30,"_lineHeight":30,"_N$textKey":"cases/05_scripting/11_network/download-web.fire.6"}],"_contentSize":{"__type__":"cc.Size","width":150,"height":30},"_trs":{"__type__":"TypedArray","ctor":"Float64Array","array":[-159,206,0,0,0,0,0,1,1,1]},"_zIndex":0},{"__type__":"cc.Node","_name":"download","_parent":{"__id__":19},"_children":[{"__id__":22}],"_components":[{"__type__":"cc.Sprite","node":{"__id__":21},"_spriteFrame":{"__uuid__":"f0BIwQ8D5Ml7nTNQbh1YlS"},"_type":1,"_sizeMode":0},{"__type__":"cc.Button","node":{"__id__":21},"clickEvents":[{"__type__":"cc.ClickEvent","target":{"__id__":14},"component":"downloader-audio","handler":"startLoad"}],"_N$transition":2,"transition":2,"_N$pressedColor":{"__type__":"cc.Color","r":255,"g":255,"b":255},"pressedColor":{"__type__":"cc.Color","r":255,"g":255,"b":255},"_N$disabledColor":{"__type__":"cc.Color","r":255,"g":255,"b":255},"_N$normalSprite":{"__uuid__":"f0BIwQ8D5Ml7nTNQbh1YlS"},"_N$pressedSprite":{"__uuid__":"e97GVMl6JHh5Ml5qEDdSGa"},"pressedSprite":{"__uuid__":"e97GVMl6JHh5Ml5qEDdSGa"},"_N$hoverSprite":{"__uuid__":"f0BIwQ8D5Ml7nTNQbh1YlS"},"hoverSprite":{"__uuid__":"f0BIwQ8D5Ml7nTNQbh1YlS"},"_N$disabledSprite":{"__uuid__":"29FYIk+N1GYaeWH/q1NxQO"},"_N$target":{"__id__":21}}],"_contentSize":{"__type__":"cc.Size","width":150,"height":45},"_trs":{"__type__":"TypedArray","ctor":"Float64Array","array":[329,203,0,0,0,0,0,1,1,1]},"_zIndex":0},{"__type__":"cc.Node","_name":"Label","_parent":{"__id__":21},"_components":[{"__type__":"e4f88adp3hERoJ48DZ2PSAl","node":{"__id__":22},"_string":"下载","_N$string":"下载","_fontSize":30,"_N$verticalAlign":1,"_N$textKey":"cases/05_scripting/11_network/download-web.fire.7"}],"_color":{"__type__":"cc.Color"},"_contentSize":{"__type__":"cc.Size","width":60,"height":40},"_trs":{"__type__":"TypedArray","ctor":"Float64Array","array":[0,0,0,0,0,0,0,1,1,1]},"_zIndex":0},{"__type__":"cc.Node","_name":"BACKGROUND_SPRITE","_parent":{"__id__":18},"_components":[{"__type__":"cc.Sprite","node":{"__id__":23},"_spriteFrame":{"__uuid__":"ffDpHHVcZAhqOfy25Fe4w7"},"_type":1,"_sizeMode":0}],"_contentSize":{"__type__":"cc.Size","width":300,"height":40},"_trs":{"__type__":"TypedArray","ctor":"Float64Array","array":[0,0,0,0,0,0,0,1,1,1]},"_zIndex":0},{"__type__":"cc.Node","_name":"TEXT_LABEL","_parent":{"__id__":18},"_components":[{"__type__":"cc.Label","node":{"__id__":24},"_string":"http://tools.itharbors.com/christmas/res/sounds/ss.mp3","_N$string":"http://tools.itharbors.com/christmas/res/sounds/ss.mp3","_fontSize":20,"_enableWrapText":false,"_N$verticalAlign":1,"_N$overflow":1}],"_contentSize":{"__type__":"cc.Size","width":298,"height":40},"_anchorPoint":{"__type__":"cc.Vec2","y":1},"_trs":{"__type__":"TypedArray","ctor":"Float64Array","array":[-148,20,0,0,0,0,0,1,1,1]},"_zIndex":0},{"__type__":"cc.Node","_name":"PLACEHOLDER_LABEL","_parent":{"__id__":18},"_active":false,"_components":[{"__type__":"cc.Label","node":{"__id__":25},"_string":"remote url...","_N$string":"remote url...","_fontSize":20,"_enableWrapText":false,"_N$verticalAlign":1,"_N$overflow":1}],"_contentSize":{"__type__":"cc.Size","width":298,"height":40},"_anchorPoint":{"__type__":"cc.Vec2","y":1},"_trs":{"__type__":"TypedArray","ctor":"Float64Array","array":[-148,20,0,0,0,0,0,1,1,1]},"_zIndex":0},{"__type__":"e4f88adp3hERoJ48DZ2PSAl","node":{"__id__":27},"_useOriginalSize":false,"_string":"0 s / 0 s","_N$string":"0 s / 0 s","_fontSize":30,"_lineHeight":50,"_N$horizontalAlign":1,"_N$verticalAlign":1,"_N$textKey":"0 s / 0 s"},{"__type__":"cc.Node","_name":"Time_Label","_parent":{"__id__":9},"_components":[{"__id__":26}],"_contentSize":{"__type__":"cc.Size","width":105.04,"height":50},"_trs":{"__type__":"TypedArray","ctor":"Float64Array","array":[0,-123,0,0,0,0,0,1,1,1]},"_zIndex":0},{"__type__":"e4f88adp3hERoJ48DZ2PSAl","node":{"__id__":29},"_useOriginalSize":false,"_string":"等待下载中...","_N$string":"等待下载中...","_fontSize":50,"_lineHeight":50,"_N$horizontalAlign":1,"_N$verticalAlign":1,"_N$textKey":"cases/05_scripting/11_network/download-web.fire.2"},{"__type__":"cc.Node","_name":"Remind_Label","_parent":{"__id__":30},"_components":[{"__id__":28}],"_contentSize":{"__type__":"cc.Size","width":291.67,"height":50},"_trs":{"__type__":"TypedArray","ctor":"Float64Array","array":[0,-220,0,0,0,0,0,1,1,1]},"_zIndex":0},{"__type__":"cc.Node","_name":"Remote_Picture","_parent":{"__id__":8},"_children":[{"__id__":31},{"__id__":32},{"__id__":33},{"__id__":42},{"__id__":29}],"_components":[{"__type__":"cc.Sprite","node":{"__id__":30},"_spriteFrame":{"__uuid__":"9bvaMerUlDyary99mJa6xp"},"_type":1,"_sizeMode":0},{"__type__":"cc.Widget","node":{"__id__":30},"alignMode":0,"_alignFlags":5,"_top":50,"_bottom":50,"_originalHeight":290}],"_color":{"__type__":"cc.Color","r":57,"g":61,"b":64},"_contentSize":{"__type__":"cc.Size","width":960,"height":540},"_trs":{"__type__":"TypedArray","ctor":"Float64Array","array":[1440,0,0,0,0,0,0,1,1,1]},"_zIndex":0},{"__type__":"cc.Node","_name":"Title","_parent":{"__id__":30},"_components":[{"__type__":"e4f88adp3hERoJ48DZ2PSAl","node":{"__id__":31},"_useOriginalSize":false,"_string":"远程图片资源下载","_N$string":"远程图片资源下载","_fontSize":50,"_lineHeight":50,"_N$horizontalAlign":1,"_N$verticalAlign":1,"_N$textKey":"cases/05_scripting/11_network/download-web.fire.1.2"}],"_contentSize":{"__type__":"cc.Size","width":400,"height":50},"_trs":{"__type__":"TypedArray","ctor":"Float64Array","array":[0,215,0,0,0,0,0,1,1,1]},"_zIndex":0},{"__type__":"cc.Node","_name":"Preview","_parent":{"__id__":30},"_components":[{"__type__":"e4f88adp3hERoJ48DZ2PSAl","node":{"__id__":32},"_string":"滑动到上一页","_N$string":"滑动到上一页","_fontSize":30,"_N$textKey":"cases/05_scripting/11_network/download-web.fire.9"}],"_contentSize":{"__type__":"cc.Size","width":180,"height":40},"_trs":{"__type__":"TypedArray","ctor":"Float64Array","array":[-349,-242,0,0,0,0,0,1,1,1]},"_zIndex":0},{"__type__":"cc.Node","_name":"RemoteUrl","_parent":{"__id__":30},"_children":[{"__id__":34},{"__id__":39},{"__id__":40}],"_trs":{"__type__":"TypedArray","ctor":"Float64Array","array":[-60,-92,0,0,0,0,0,1,1,1]},"_zIndex":0},{"__type__":"cc.Node","_name":"editbox","_parent":{"__id__":33},"_children":[{"__id__":35},{"__id__":36},{"__id__":37}],"_components":[{"__id__":38}],"_contentSize":{"__type__":"cc.Size","width":300,"height":40},"_trs":{"__type__":"TypedArray","ctor":"Float64Array","array":[83,204,0,0,0,0,0,1,1,1]},"_zIndex":0},{"__type__":"cc.Node","_name":"BACKGROUND_SPRITE","_parent":{"__id__":34},"_components":[{"__type__":"cc.Sprite","node":{"__id__":35},"_spriteFrame":{"__uuid__":"ffDpHHVcZAhqOfy25Fe4w7"},"_type":1,"_sizeMode":0}],"_contentSize":{"__type__":"cc.Size","width":300,"height":40},"_trs":{"__type__":"TypedArray","ctor":"Float64Array","array":[0,0,0,0,0,0,0,1,1,1]},"_zIndex":0},{"__type__":"cc.Node","_name":"TEXT_LABEL","_parent":{"__id__":34},"_components":[{"__type__":"cc.Label","node":{"__id__":36},"_string":"http://tools.itharbors.com/christmas/res/tree.png","_N$string":"http://tools.itharbors.com/christmas/res/tree.png","_fontSize":20,"_enableWrapText":false,"_N$verticalAlign":1,"_N$overflow":1}],"_contentSize":{"__type__":"cc.Size","width":298,"height":40},"_anchorPoint":{"__type__":"cc.Vec2","y":1},"_trs":{"__type__":"TypedArray","ctor":"Float64Array","array":[-148,20,0,0,0,0,0,1,1,1]},"_zIndex":0},{"__type__":"cc.Node","_name":"PLACEHOLDER_LABEL","_parent":{"__id__":34},"_active":false,"_components":[{"__type__":"cc.Label","node":{"__id__":37},"_string":"remote url...","_N$string":"remote url...","_fontSize":20,"_enableWrapText":false,"_N$verticalAlign":1,"_N$overflow":1}],"_contentSize":{"__type__":"cc.Size","width":298,"height":40},"_anchorPoint":{"__type__":"cc.Vec2","y":1},"_trs":{"__type__":"TypedArray","ctor":"Float64Array","array":[-148,20,0,0,0,0,0,1,1,1]},"_zIndex":0},{"__type__":"cc.EditBox","node":{"__id__":34},"_useOriginalSize":false,"_string":"http://tools.itharbors.com/christmas/res/tree.png","_N$backgroundImage":{"__uuid__":"ffDpHHVcZAhqOfy25Fe4w7"},"_N$returnType":0,"_N$fontSize":20,"_N$lineHeight":40,"_N$fontColor":{"__type__":"cc.Color","r":255,"g":255,"b":255},"_N$placeholder":"remote url...","_N$placeholderFontSize":20,"_N$placeholderFontColor":{"__type__":"cc.Color","r":255,"g":255,"b":255},"_N$maxLength":100,"_N$inputMode":6},{"__type__":"cc.Node","_name":"New Label","_parent":{"__id__":33},"_components":[{"__type__":"e4f88adp3hERoJ48DZ2PSAl","node":{"__id__":39},"_string":"资源地址：","_N$string":"资源地址：","_fontSize":30,"_lineHeight":30,"_N$textKey":"cases/05_scripting/11_network/download-web.fire.6"}],"_contentSize":{"__type__":"cc.Size","width":150,"height":30},"_trs":{"__type__":"TypedArray","ctor":"Float64Array","array":[-159,206,0,0,0,0,0,1,1,1]},"_zIndex":0},{"__type__":"cc.Node","_name":"download","_parent":{"__id__":33},"_children":[{"__id__":41}],"_components":[{"__type__":"cc.Sprite","node":{"__id__":40},"_spriteFrame":{"__uuid__":"f0BIwQ8D5Ml7nTNQbh1YlS"},"_type":1,"_sizeMode":0},{"__type__":"cc.Button","node":{"__id__":40},"clickEvents":[{"__type__":"cc.ClickEvent","target":{"__id__":14},"component":"downloader-picture","handler":"startLoad"}],"_N$transition":2,"transition":2,"_N$pressedColor":{"__type__":"cc.Color","r":255,"g":255,"b":255},"pressedColor":{"__type__":"cc.Color","r":255,"g":255,"b":255},"_N$disabledColor":{"__type__":"cc.Color","r":255,"g":255,"b":255},"_N$normalSprite":{"__uuid__":"f0BIwQ8D5Ml7nTNQbh1YlS"},"_N$pressedSprite":{"__uuid__":"e97GVMl6JHh5Ml5qEDdSGa"},"pressedSprite":{"__uuid__":"e97GVMl6JHh5Ml5qEDdSGa"},"_N$hoverSprite":{"__uuid__":"f0BIwQ8D5Ml7nTNQbh1YlS"},"hoverSprite":{"__uuid__":"f0BIwQ8D5Ml7nTNQbh1YlS"},"_N$disabledSprite":{"__uuid__":"29FYIk+N1GYaeWH/q1NxQO"},"_N$target":{"__id__":40}}],"_contentSize":{"__type__":"cc.Size","width":150,"height":45},"_trs":{"__type__":"TypedArray","ctor":"Float64Array","array":[335,206,0,0,0,0,0,1,1,1]},"_zIndex":0},{"__type__":"cc.Node","_name":"Label","_parent":{"__id__":40},"_components":[{"__type__":"e4f88adp3hERoJ48DZ2PSAl","node":{"__id__":41},"_string":"下载","_N$string":"下载","_fontSize":30,"_N$verticalAlign":1,"_N$textKey":"cases/05_scripting/11_network/download-web.fire.7"}],"_color":{"__type__":"cc.Color"},"_contentSize":{"__type__":"cc.Size","width":60,"height":40},"_trs":{"__type__":"TypedArray","ctor":"Float64Array","array":[0,0,0,0,0,0,0,1,1,1]},"_zIndex":0},{"__type__":"cc.Node","_name":"Picture","_parent":{"__id__":30},"_active":false,"_components":[{"__id__":43}],"_contentSize":{"__type__":"cc.Size","width":40,"height":36},"_trs":{"__type__":"TypedArray","ctor":"Float64Array","array":[0,-45,0,0,0,0,0,1,1,1]},"_zIndex":0},{"__type__":"cc.Sprite","node":{"__id__":42},"_spriteFrame":{"__uuid__":"8c20Sso/ZEn7NUfNSM+EBh"}},{"__type__":"cc.Node","_name":"StopAll","_parent":{"__id__":11},"_children":[{"__id__":45}],"_components":[{"__type__":"cc.Sprite","node":{"__id__":44},"_spriteFrame":{"__uuid__":"f0BIwQ8D5Ml7nTNQbh1YlS"},"_type":1,"_sizeMode":0},{"__type__":"cc.Button","node":{"__id__":44},"clickEvents":[{"__type__":"cc.ClickEvent","target":{"__id__":14},"component":"AudioCtrl","handler":"stopAllAudio"}],"_N$transition":2,"transition":2,"_N$pressedColor":{"__type__":"cc.Color","r":255,"g":255,"b":255},"pressedColor":{"__type__":"cc.Color","r":255,"g":255,"b":255},"_N$disabledColor":{"__type__":"cc.Color","r":255,"g":255,"b":255},"_N$normalSprite":{"__uuid__":"f0BIwQ8D5Ml7nTNQbh1YlS"},"_N$pressedSprite":{"__uuid__":"e97GVMl6JHh5Ml5qEDdSGa"},"pressedSprite":{"__uuid__":"e97GVMl6JHh5Ml5qEDdSGa"},"_N$hoverSprite":{"__uuid__":"f0BIwQ8D5Ml7nTNQbh1YlS"},"hoverSprite":{"__uuid__":"f0BIwQ8D5Ml7nTNQbh1YlS"},"_N$disabledSprite":{"__uuid__":"29FYIk+N1GYaeWH/q1NxQO"},"_N$target":{"__id__":44}}],"_contentSize":{"__type__":"cc.Size","width":130,"height":50},"_trs":{"__type__":"TypedArray","ctor":"Float64Array","array":[85,75,0,0,0,0,0,1,1,1]},"_zIndex":0},{"__type__":"cc.Node","_name":"Label","_parent":{"__id__":44},"_components":[{"__type__":"e4f88adp3hERoJ48DZ2PSAl","node":{"__id__":45},"_string":"停止所有","_N$string":"停止所有","_fontSize":30,"_N$horizontalAlign":1,"_N$verticalAlign":1,"_N$textKey":"scripts/AUdioCtrl_StopAll"}],"_color":{"__type__":"cc.Color"},"_contentSize":{"__type__":"cc.Size","width":120,"height":40},"_trs":{"__type__":"TypedArray","ctor":"Float64Array","array":[0,0,0,0,0,0,0,1,1,1]},"_zIndex":0},{"__type__":"cc.Node","_name":"PauseAll","_parent":{"__id__":11},"_children":[{"__id__":47}],"_components":[{"__type__":"cc.Sprite","node":{"__id__":46},"_spriteFrame":{"__uuid__":"f0BIwQ8D5Ml7nTNQbh1YlS"},"_type":1,"_sizeMode":0},{"__type__":"cc.Button","node":{"__id__":46},"clickEvents":[{"__type__":"cc.ClickEvent","target":{"__id__":14},"component":"AudioCtrl","handler":"pauseAllAudio"}],"_N$transition":2,"transition":2,"_N$pressedColor":{"__type__":"cc.Color","r":255,"g":255,"b":255},"pressedColor":{"__type__":"cc.Color","r":255,"g":255,"b":255},"_N$disabledColor":{"__type__":"cc.Color","r":255,"g":255,"b":255},"_N$normalSprite":{"__uuid__":"f0BIwQ8D5Ml7nTNQbh1YlS"},"_N$pressedSprite":{"__uuid__":"e97GVMl6JHh5Ml5qEDdSGa"},"pressedSprite":{"__uuid__":"e97GVMl6JHh5Ml5qEDdSGa"},"_N$hoverSprite":{"__uuid__":"f0BIwQ8D5Ml7nTNQbh1YlS"},"hoverSprite":{"__uuid__":"f0BIwQ8D5Ml7nTNQbh1YlS"},"_N$disabledSprite":{"__uuid__":"29FYIk+N1GYaeWH/q1NxQO"},"_N$target":{"__id__":46}}],"_contentSize":{"__type__":"cc.Size","width":130,"height":50},"_trs":{"__type__":"TypedArray","ctor":"Float64Array","array":[-85,-25,0,0,0,0,0,1,1,1]},"_zIndex":0},{"__type__":"cc.Node","_name":"Label","_parent":{"__id__":46},"_components":[{"__type__":"e4f88adp3hERoJ48DZ2PSAl","node":{"__id__":47},"_string":"暂停所有","_N$string":"暂停所有","_fontSize":30,"_N$horizontalAlign":1,"_N$verticalAlign":1,"_N$textKey":"scripts/AUdioCtrl_PauseAll"}],"_color":{"__type__":"cc.Color"},"_contentSize":{"__type__":"cc.Size","width":120,"height":40},"_trs":{"__type__":"TypedArray","ctor":"Float64Array","array":[0,0,0,0,0,0,0,1,1,1]},"_zIndex":0},{"__type__":"cc.Node","_name":"ResumeAll","_parent":{"__id__":11},"_children":[{"__id__":49}],"_components":[{"__type__":"cc.Sprite","node":{"__id__":48},"_spriteFrame":{"__uuid__":"f0BIwQ8D5Ml7nTNQbh1YlS"},"_type":1,"_sizeMode":0},{"__type__":"cc.Button","node":{"__id__":48},"clickEvents":[{"__type__":"cc.ClickEvent","target":{"__id__":14},"component":"AudioCtrl","handler":"resumeAllAudio"}],"_N$transition":2,"transition":2,"_N$pressedColor":{"__type__":"cc.Color","r":255,"g":255,"b":255},"pressedColor":{"__type__":"cc.Color","r":255,"g":255,"b":255},"_N$disabledColor":{"__type__":"cc.Color","r":255,"g":255,"b":255},"_N$normalSprite":{"__uuid__":"f0BIwQ8D5Ml7nTNQbh1YlS"},"_N$pressedSprite":{"__uuid__":"e97GVMl6JHh5Ml5qEDdSGa"},"pressedSprite":{"__uuid__":"e97GVMl6JHh5Ml5qEDdSGa"},"_N$hoverSprite":{"__uuid__":"f0BIwQ8D5Ml7nTNQbh1YlS"},"hoverSprite":{"__uuid__":"f0BIwQ8D5Ml7nTNQbh1YlS"},"_N$disabledSprite":{"__uuid__":"29FYIk+N1GYaeWH/q1NxQO"},"_N$target":{"__id__":48}}],"_contentSize":{"__type__":"cc.Size","width":130,"height":50},"_trs":{"__type__":"TypedArray","ctor":"Float64Array","array":[85,-25,0,0,0,0,0,1,1,1]},"_zIndex":0},{"__type__":"cc.Node","_name":"Label","_parent":{"__id__":48},"_components":[{"__type__":"e4f88adp3hERoJ48DZ2PSAl","node":{"__id__":49},"_string":"恢复所有","_N$string":"恢复所有","_fontSize":30,"_N$horizontalAlign":1,"_N$verticalAlign":1,"_N$textKey":"scripts/AUdioCtrl_ResumeAll"}],"_color":{"__type__":"cc.Color"},"_contentSize":{"__type__":"cc.Size","width":120,"height":40},"_trs":{"__type__":"TypedArray","ctor":"Float64Array","array":[0,0,0,0,0,0,0,1,1,1]},"_zIndex":0},{"__type__":"cc.Node","_name":"Next","_parent":{"__id__":9},"_components":[{"__type__":"e4f88adp3hERoJ48DZ2PSAl","node":{"__id__":50},"_string":"滑动到下一页","_N$string":"滑动到下一页","_fontSize":30,"_N$textKey":"cases/05_scripting/11_network/download-web.fire.8"}],"_contentSize":{"__type__":"cc.Size","width":180,"height":40},"_trs":{"__type__":"TypedArray","ctor":"Float64Array","array":[360,-242,0,0,0,0,0,1,1,1]},"_zIndex":0},{"__type__":"cc.Node","_name":"indicator","_parent":{"__id__":5},"_components":[{"__id__":52}],"_contentSize":{"__type__":"cc.Size","width":100,"height":27},"_trs":{"__type__":"TypedArray","ctor":"Float64Array","array":[0,-300,0,0,0,0,0,1,1,1]},"_zIndex":0},{"__type__":"cc.PageViewIndicator","node":{"__id__":51},"_pageView":{"__id__":53},"spriteFrame":{"__uuid__":"c9+lH/PwFGAY+AMl0bEdq3"},"cellSize":{"__type__":"cc.Size","width":10,"height":10},"spacing":10},{"__type__":"cc.PageView","node":{"__id__":5},"bounceDuration":0.5,"_N$content":{"__id__":8},"content":{"__id__":8},"_N$indicator":{"__id__":52}}],{"__type__":"cc.SpriteFrame","content":{"name":"default_btn_pressed","texture":"b4P/PCArtIdIH38t6mlw8Y","rect":[0,0,40,40],"offset":[0,0],"originalSize":[40,40],"capInsets":[12,12,12,12]}},{"__type__":"cc.SpriteFrame","content":{"name":"default_btn_normal","texture":"e8Ueib+qJEhL6mXAHdnwbi","rect":[0,0,40,40],"offset":[0,0],"originalSize":[40,40],"capInsets":[12,12,12,12]}},{"__type__":"cc.SpriteFrame","content":{"name":"default_editbox_bg","texture":"ed0hW5J5ZKBar1gflskoHO","rect":[0,0,40,40],"offset":[0,0],"originalSize":[40,40],"capInsets":[12,12,12,12]}}]