[{"__type__":"cc.SpriteFrame","content":{"name":"default_btn_disabled","texture":"71VhFCTINJM6/Ky3oX9nBT","rect":[0,0,40,40],"offset":[0,0],"originalSize":[40,40],"capInsets":[12,12,12,12]}},{"__type__":"cc.SpriteFrame","content":{"name":"default_scrollbar","texture":"02kcE0s9pAmLe145ftvpR/","rect":[0,0,30,15],"offset":[0,0],"originalSize":[30,15],"capInsets":[10,4,10,4]}},{"__type__":"cc.SpriteFrame","content":{"name":"default_toggle_normal","texture":"d2kHe6FidKcpV5e1aiNTQM","rect":[0,0,28,28],"offset":[0,0],"originalSize":[28,28],"capInsets":[0,0,0,0]}},{"__type__":"cc.SpriteFrame","content":{"name":"default_toggle_checkmark","texture":"73oJA92A5OPKpn+ZlUPAj1","rect":[4,5,20,18],"offset":[0,0],"originalSize":[28,28],"capInsets":[0,0,0,0]}},[{"__type__":"cc.SceneAsset","_name":"particle-limit-velocity","scene":{"__id__":1},"asyncLoadAssets":null},{"__type__":"cc.Scene","_name":"New Node","_children":[{"__id__":2},{"__id__":3},{"__id__":6},{"__id__":9},{"__id__":12},{"__id__":15}],"_anchorPoint":{"__type__":"cc.Vec2"},"_trs":{"__type__":"TypedArray","ctor":"Float64Array","array":[0,0,0,0,0,0,1,1,1,1]},"autoReleaseAssets":false},{"__type__":"cc.Node","_name":"3DCamera","_parent":{"__id__":1},"_components":[{"__type__":"cc.Camera","node":{"__id__":2},"_cullingMask":-129,"_clearFlags":7,"_backgroundColor":{"__type__":"cc.Color","r":52,"g":70,"b":141},"_depth":-1,"_fov":45,"_ortho":false,"_alignWithScreen":false},{"__type__":"fa80dEAmgNHnLqhex15JFoQ","node":{"__id__":2},"translateDelta":15}],"_contentSize":{"__type__":"cc.Size","width":960,"height":640},"_trs":{"__type__":"TypedArray","ctor":"Float64Array","array":[482,326,10,-0.25783416049629954,0.08418598282936919,0.022557566113149834,0.9622501868990583,1,1,1]},"_eulerAngles":{"__type__":"cc.Vec3","x":-30,"y":10},"_is3DNode":true,"_id":"e1WoFrQ79G7r4ZuQE3HlNb"},{"__type__":"cc.Node","_name":"simulation_local_force_local","_parent":{"__id__":1},"_components":[{"__type__":"cc.ParticleSystem3D","node":{"__id__":3},"_materials":[{"__uuid__":"43L6CczwNM/6GGmCYEQIoH"}],"startDelay":{"__type__":"cc.CurveRange"},"startLifetime":{"__type__":"cc.CurveRange","constant":5},"startColor":{"__type__":"cc.GradientRange"},"startSize":{"__type__":"cc.CurveRange","constant":2},"startSpeed":{"__type__":"cc.CurveRange","constant":5},"startRotation":{"__type__":"cc.CurveRange"},"gravityModifier":{"__type__":"cc.CurveRange"},"rateOverTime":{"__type__":"cc.CurveRange"},"rateOverDistance":{"__type__":"cc.CurveRange"},"bursts":[{"__type__":"cc.Burst","count":{"__type__":"cc.CurveRange","constant":1}}],"_limitVelocityOvertimeModule":{"__type__":"cc.LimitVelocityOvertimeModule","enable":true,"separateAxes":true,"limit":{"__type__":"cc.CurveRange","mode":1,"curve":{"__type__":"cc.AnimationCurve","keyFrames":[{"__id__":4},{"__id__":5},{"__type__":"cc.Keyframe","time":1,"value":1}]}},"limitX":{"__type__":"cc.CurveRange"},"limitY":{"__type__":"cc.CurveRange"},"limitZ":{"__type__":"cc.CurveRange","mode":1,"curve":{"__type__":"cc.AnimationCurve","keyFrames":[{"__id__":4},{"__id__":5},{"__type__":"cc.Keyframe","time":1,"value":0.99,"inTangent":0.51,"outTangent":0.51}]}},"dampen":1}}],"_trs":{"__type__":"TypedArray","ctor":"Float64Array","array":[478,320,0,0,0,0,1,1,1,1]},"_is3DNode":true,"_id":"cfxvQiSDNP9KPkxQJ/mLh0"},{"__type__":"cc.Keyframe","value":1,"inTangent":-2,"outTangent":-2},{"__type__":"cc.Keyframe","time":0.5,"value":0.01,"inTangent":0.31,"outTangent":0.31},{"__type__":"cc.Node","_name":"simulation_world_force_local","_parent":{"__id__":1},"_components":[{"__type__":"cc.ParticleSystem3D","node":{"__id__":6},"_materials":[{"__uuid__":"43L6CczwNM/6GGmCYEQIoH"}],"_simulationSpace":0,"startDelay":{"__type__":"cc.CurveRange"},"startLifetime":{"__type__":"cc.CurveRange","constant":5},"startColor":{"__type__":"cc.GradientRange"},"startSize":{"__type__":"cc.CurveRange","constant":2},"startSpeed":{"__type__":"cc.CurveRange","constant":5},"startRotation":{"__type__":"cc.CurveRange"},"gravityModifier":{"__type__":"cc.CurveRange"},"rateOverTime":{"__type__":"cc.CurveRange"},"rateOverDistance":{"__type__":"cc.CurveRange"},"bursts":[{"__type__":"cc.Burst","count":{"__type__":"cc.CurveRange","constant":1}}],"_limitVelocityOvertimeModule":{"__type__":"cc.LimitVelocityOvertimeModule","enable":true,"separateAxes":true,"limit":{"__type__":"cc.CurveRange","mode":1,"curve":{"__type__":"cc.AnimationCurve","keyFrames":[{"__id__":7},{"__id__":8},{"__type__":"cc.Keyframe","time":1,"value":1}]}},"limitX":{"__type__":"cc.CurveRange"},"limitY":{"__type__":"cc.CurveRange"},"limitZ":{"__type__":"cc.CurveRange","mode":1,"curve":{"__type__":"cc.AnimationCurve","keyFrames":[{"__id__":7},{"__id__":8},{"__type__":"cc.Keyframe","time":1,"value":0.99,"inTangent":-1.03,"outTangent":-1.03}]}},"dampen":1}}],"_trs":{"__type__":"TypedArray","ctor":"Float64Array","array":[480,320,0,0,0,0,1,1,1,1]},"_is3DNode":true,"_id":"achIiKOnpPwL3yDK/qtQMI"},{"__type__":"cc.Keyframe","value":1,"inTangent":-2,"outTangent":-2},{"__type__":"cc.Keyframe","time":0.49,"value":0.02,"inTangent":-0.34,"outTangent":-0.34},{"__type__":"cc.Node","_name":"simulation_local_force_world","_parent":{"__id__":1},"_components":[{"__type__":"cc.ParticleSystem3D","node":{"__id__":9},"_materials":[{"__uuid__":"43L6CczwNM/6GGmCYEQIoH"}],"startDelay":{"__type__":"cc.CurveRange"},"startLifetime":{"__type__":"cc.CurveRange","constant":5},"startColor":{"__type__":"cc.GradientRange"},"startSize":{"__type__":"cc.CurveRange","constant":2},"startSpeed":{"__type__":"cc.CurveRange","constant":5},"startRotation":{"__type__":"cc.CurveRange"},"gravityModifier":{"__type__":"cc.CurveRange"},"rateOverTime":{"__type__":"cc.CurveRange"},"rateOverDistance":{"__type__":"cc.CurveRange"},"bursts":[{"__type__":"cc.Burst","count":{"__type__":"cc.CurveRange","constant":1}}],"_limitVelocityOvertimeModule":{"__type__":"cc.LimitVelocityOvertimeModule","enable":true,"space":0,"separateAxes":true,"limit":{"__type__":"cc.CurveRange","mode":1,"curve":{"__type__":"cc.AnimationCurve","keyFrames":[{"__id__":10},{"__id__":11},{"__type__":"cc.Keyframe","time":1,"value":1}]}},"limitX":{"__type__":"cc.CurveRange"},"limitY":{"__type__":"cc.CurveRange"},"limitZ":{"__type__":"cc.CurveRange","mode":1,"curve":{"__type__":"cc.AnimationCurve","keyFrames":[{"__id__":10},{"__id__":11},{"__type__":"cc.Keyframe","time":1,"value":1,"inTangent":1.03,"outTangent":1.03}]}},"dampen":1}}],"_trs":{"__type__":"TypedArray","ctor":"Float64Array","array":[482,320,0,0,0,0,1,1,1,1]},"_is3DNode":true,"_id":"7fwPG7FaJES58BbCG3Krrh"},{"__type__":"cc.Keyframe","value":1,"inTangent":2,"outTangent":-0.91},{"__type__":"cc.Keyframe","time":0.51,"value":0.01,"inTangent":-0.55,"outTangent":-0.55},{"__type__":"cc.Node","_name":"simulation_world_force_world","_parent":{"__id__":1},"_components":[{"__type__":"cc.ParticleSystem3D","node":{"__id__":12},"_materials":[{"__uuid__":"43L6CczwNM/6GGmCYEQIoH"}],"_simulationSpace":0,"startDelay":{"__type__":"cc.CurveRange"},"startLifetime":{"__type__":"cc.CurveRange","constant":5},"startColor":{"__type__":"cc.GradientRange"},"startSize":{"__type__":"cc.CurveRange","constant":2},"startSpeed":{"__type__":"cc.CurveRange","constant":5},"startRotation":{"__type__":"cc.CurveRange"},"gravityModifier":{"__type__":"cc.CurveRange"},"rateOverTime":{"__type__":"cc.CurveRange"},"rateOverDistance":{"__type__":"cc.CurveRange"},"bursts":[{"__type__":"cc.Burst","count":{"__type__":"cc.CurveRange","constant":1}}],"_limitVelocityOvertimeModule":{"__type__":"cc.LimitVelocityOvertimeModule","enable":true,"space":0,"separateAxes":true,"limit":{"__type__":"cc.CurveRange","mode":1,"curve":{"__type__":"cc.AnimationCurve","keyFrames":[{"__id__":13},{"__id__":14},{"__type__":"cc.Keyframe","time":1,"value":0.99}]}},"limitX":{"__type__":"cc.CurveRange"},"limitY":{"__type__":"cc.CurveRange"},"limitZ":{"__type__":"cc.CurveRange","mode":1,"curve":{"__type__":"cc.AnimationCurve","keyFrames":[{"__id__":13},{"__id__":14},{"__type__":"cc.Keyframe","time":1,"value":0.97,"inTangent":-1.5,"outTangent":-1.5}]}},"dampen":1}}],"_trs":{"__type__":"TypedArray","ctor":"Float64Array","array":[484,320,0,0,0,0,1,1,1,1]},"_is3DNode":true,"_id":"09Oc0APglLrZyY0uGnQTxr"},{"__type__":"cc.Keyframe","value":1},{"__type__":"cc.Keyframe","time":0.52,"value":0.01,"inTangent":-0.85,"outTangent":-0.85},{"__type__":"cc.Node","_name":"Canvas","_parent":{"__id__":1},"_children":[{"__id__":16},{"__id__":17},{"__id__":18}],"_components":[{"__type__":"cc.Canvas","node":{"__id__":15}},{"__type__":"cc.Widget","node":{"__id__":15},"_alignFlags":45}],"_contentSize":{"__type__":"cc.Size","width":960,"height":640},"_trs":{"__type__":"TypedArray","ctor":"Float64Array","array":[480,320,0,0,0,0,1,1,1,1]},"_id":"a5esZu+45LA5mBpvttspPD"},{"__type__":"cc.Node","_name":"Main Camera","_parent":{"__id__":15},"_components":[{"__type__":"cc.Camera","node":{"__id__":16},"_cullingMask":0,"_depth":-1}],"_trs":{"__type__":"TypedArray","ctor":"Float64Array","array":[0,0,252.8794179050561,0,0,0,1,1,1,1]}},{"__type__":"cc.Node","_name":"UICamera","_parent":{"__id__":15},"_components":[{"__type__":"cc.Camera","node":{"__id__":17},"_cullingMask":128,"_nearClip":0.1}],"_trs":{"__type__":"TypedArray","ctor":"Float64Array","array":[0,0,252.8794179050561,0,0,0,1,1,1,1]},"_groupIndex":7,"groupIndex":7},{"__type__":"cc.Node","_name":"UIPanel","_parent":{"__id__":15},"_children":[{"__id__":19},{"__id__":24},{"__id__":29},{"__id__":35},{"__id__":41},{"__id__":47},{"__id__":53},{"__id__":66}],"_components":[{"__type__":"cd33cZWBSxM+52OyVSI00UY","node":{"__id__":18},"particle1":{"__id__":3},"particle2":{"__id__":6},"particle3":{"__id__":9},"particle4":{"__id__":12},"check1":{"__id__":34},"check2":{"__id__":40},"check3":{"__id__":46},"check4":{"__id__":52}}],"_prefab":{"__type__":"cc.PrefabInfo","root":{"__id__":18},"asset":{"__uuid__":"34HXuEyX5H4oYfdw9/y7qK"},"fileId":"eajZNfYVhKLaGGf/10fXyV"},"_trs":{"__type__":"TypedArray","ctor":"Float64Array","array":[0,0,0,0,0,0,1,1,1,1]},"_groupIndex":7,"groupIndex":7},{"__type__":"cc.Node","_name":"pingyi","_parent":{"__id__":18},"_children":[{"__id__":20}],"_components":[{"__type__":"e4f88adp3hERoJ48DZ2PSAl","node":{"__id__":19},"_materials":[{"__uuid__":"ecpdLyjvZBwrvm+cedCcQy"}],"_string":"Transform","_N$string":"Transform","_fontSize":28,"_N$textKey":"cases/particle3d.force.transform"}],"_prefab":{"__type__":"cc.PrefabInfo","root":{"__id__":18},"asset":{"__uuid__":"34HXuEyX5H4oYfdw9/y7qK"},"fileId":"6cFhB2q6JLRqGS3PGmReC3"},"_contentSize":{"__type__":"cc.Size","width":126.53,"height":50.4},"_trs":{"__type__":"TypedArray","ctor":"Float64Array","array":[-35.462,253.612,0,0,0,0,1,1,1,1]},"_groupIndex":7,"groupIndex":7},{"__type__":"cc.Node","_name":"New Slider","_parent":{"__id__":19},"_children":[{"__id__":21},{"__id__":22}],"_components":[{"__type__":"cc.Slider","node":{"__id__":20},"slideEvents":[{"__type__":"cc.ClickEvent","target":{"__id__":18},"_componentId":"cd33cZWBSxM+52OyVSI00UY","handler":"onTranslateChanged"}],"_N$handle":{"__id__":23}}],"_prefab":{"__type__":"cc.PrefabInfo","root":{"__id__":18},"asset":{"__uuid__":"34HXuEyX5H4oYfdw9/y7qK"},"fileId":"c78P3FSLJM6YiJYjrRy8PN"},"_contentSize":{"__type__":"cc.Size","width":300,"height":20},"_trs":{"__type__":"TypedArray","ctor":"Float64Array","array":[214,10,0,0,0,0,1,1,1,1]},"_groupIndex":7,"groupIndex":7},{"__type__":"cc.Node","_name":"Background","_parent":{"__id__":20},"_components":[{"__type__":"cc.Sprite","node":{"__id__":21},"_materials":[{"__uuid__":"ecpdLyjvZBwrvm+cedCcQy"}],"_spriteFrame":{"__uuid__":"312JYturtOx74Zjp9UpOqZ"},"_type":1,"_sizeMode":0}],"_prefab":{"__type__":"cc.PrefabInfo","root":{"__id__":18},"asset":{"__uuid__":"34HXuEyX5H4oYfdw9/y7qK"},"fileId":"0dvaJdSm9PyYWXvdgKxRbf"},"_contentSize":{"__type__":"cc.Size","width":300,"height":20},"_trs":{"__type__":"TypedArray","ctor":"Float64Array","array":[0,0,0,0,0,0,1,1,1,1]},"_groupIndex":7,"groupIndex":7},{"__type__":"cc.Node","_name":"Handle","_parent":{"__id__":20},"_components":[{"__type__":"cc.Sprite","node":{"__id__":22},"_materials":[{"__uuid__":"ecpdLyjvZBwrvm+cedCcQy"}],"_spriteFrame":{"__uuid__":"e7q6FL+VZEgLJUjVeDLic/"},"_type":1,"_sizeMode":2},{"__id__":23}],"_prefab":{"__type__":"cc.PrefabInfo","root":{"__id__":18},"asset":{"__uuid__":"34HXuEyX5H4oYfdw9/y7qK"},"fileId":"b7h6PR1d9MobmgkB+8u2tR"},"_contentSize":{"__type__":"cc.Size","width":32,"height":32},"_trs":{"__type__":"TypedArray","ctor":"Float64Array","array":[0,0,0,0,0,0,1,1,1,1]},"_groupIndex":7,"groupIndex":7},{"__type__":"cc.Button","node":{"__id__":22},"zoomScale":1.1,"_N$enableAutoGrayEffect":true,"_N$transition":3,"transition":3,"_N$pressedColor":{"__type__":"cc.Color","r":255,"g":255,"b":255},"pressedColor":{"__type__":"cc.Color","r":255,"g":255,"b":255},"_N$disabledColor":{"__type__":"cc.Color","r":255,"g":255,"b":255},"_N$normalSprite":{"__uuid__":"e7q6FL+VZEgLJUjVeDLic/"},"_N$pressedSprite":{"__uuid__":"e7q6FL+VZEgLJUjVeDLic/"},"pressedSprite":{"__uuid__":"e7q6FL+VZEgLJUjVeDLic/"},"_N$hoverSprite":{"__uuid__":"e7q6FL+VZEgLJUjVeDLic/"},"hoverSprite":{"__uuid__":"e7q6FL+VZEgLJUjVeDLic/"},"_N$disabledSprite":{"__uuid__":"29FYIk+N1GYaeWH/q1NxQO"},"_N$target":{"__id__":22}},{"__type__":"cc.Node","_name":"xuanzhuan","_parent":{"__id__":18},"_children":[{"__id__":25}],"_components":[{"__type__":"e4f88adp3hERoJ48DZ2PSAl","node":{"__id__":24},"_materials":[{"__uuid__":"ecpdLyjvZBwrvm+cedCcQy"}],"_string":"Rotate","_N$string":"Rotate","_fontSize":28,"_N$textKey":"cases/particle3d.force.rotate"}],"_prefab":{"__type__":"cc.PrefabInfo","root":{"__id__":18},"asset":{"__uuid__":"34HXuEyX5H4oYfdw9/y7qK"},"fileId":"4fJPG+wSdNDoA/zfeU2KLl"},"_contentSize":{"__type__":"cc.Size","width":82.5,"height":50.4},"_trs":{"__type__":"TypedArray","ctor":"Float64Array","array":[-33.199,183.424,0,0,0,0,1,1,1,1]},"_groupIndex":7,"groupIndex":7},{"__type__":"cc.Node","_name":"New Slider","_parent":{"__id__":24},"_children":[{"__id__":26},{"__id__":27}],"_components":[{"__type__":"cc.Slider","node":{"__id__":25},"slideEvents":[{"__type__":"cc.ClickEvent","target":{"__id__":18},"_componentId":"cd33cZWBSxM+52OyVSI00UY","handler":"onRotateChanged"}],"_N$handle":{"__id__":28}}],"_prefab":{"__type__":"cc.PrefabInfo","root":{"__id__":18},"asset":{"__uuid__":"34HXuEyX5H4oYfdw9/y7qK"},"fileId":"73k85uL4JJpKv6jtx4W5P5"},"_contentSize":{"__type__":"cc.Size","width":300,"height":20},"_trs":{"__type__":"TypedArray","ctor":"Float64Array","array":[214,10,0,0,0,0,1,1,1,1]},"_groupIndex":7,"groupIndex":7},{"__type__":"cc.Node","_name":"Background","_parent":{"__id__":25},"_components":[{"__type__":"cc.Sprite","node":{"__id__":26},"_materials":[{"__uuid__":"ecpdLyjvZBwrvm+cedCcQy"}],"_spriteFrame":{"__uuid__":"312JYturtOx74Zjp9UpOqZ"},"_type":1,"_sizeMode":0}],"_prefab":{"__type__":"cc.PrefabInfo","root":{"__id__":18},"asset":{"__uuid__":"34HXuEyX5H4oYfdw9/y7qK"},"fileId":"cfKdHR1+tE4b0BZaErbg2H"},"_contentSize":{"__type__":"cc.Size","width":300,"height":20},"_trs":{"__type__":"TypedArray","ctor":"Float64Array","array":[0,0,0,0,0,0,1,1,1,1]},"_groupIndex":7,"groupIndex":7},{"__type__":"cc.Node","_name":"Handle","_parent":{"__id__":25},"_components":[{"__type__":"cc.Sprite","node":{"__id__":27},"_materials":[{"__uuid__":"ecpdLyjvZBwrvm+cedCcQy"}],"_spriteFrame":{"__uuid__":"e7q6FL+VZEgLJUjVeDLic/"},"_type":1,"_sizeMode":2},{"__id__":28}],"_prefab":{"__type__":"cc.PrefabInfo","root":{"__id__":18},"asset":{"__uuid__":"34HXuEyX5H4oYfdw9/y7qK"},"fileId":"11bQBlb8dGFZ3RD5+Jfpng"},"_contentSize":{"__type__":"cc.Size","width":32,"height":32},"_trs":{"__type__":"TypedArray","ctor":"Float64Array","array":[0,0,0,0,0,0,1,1,1,1]},"_groupIndex":7,"groupIndex":7},{"__type__":"cc.Button","node":{"__id__":27},"zoomScale":1.1,"_N$enableAutoGrayEffect":true,"_N$transition":3,"transition":3,"_N$pressedColor":{"__type__":"cc.Color","r":255,"g":255,"b":255},"pressedColor":{"__type__":"cc.Color","r":255,"g":255,"b":255},"_N$disabledColor":{"__type__":"cc.Color","r":255,"g":255,"b":255},"_N$normalSprite":{"__uuid__":"e7q6FL+VZEgLJUjVeDLic/"},"_N$pressedSprite":{"__uuid__":"e7q6FL+VZEgLJUjVeDLic/"},"pressedSprite":{"__uuid__":"e7q6FL+VZEgLJUjVeDLic/"},"_N$hoverSprite":{"__uuid__":"e7q6FL+VZEgLJUjVeDLic/"},"hoverSprite":{"__uuid__":"e7q6FL+VZEgLJUjVeDLic/"},"_N$disabledSprite":{"__uuid__":"29FYIk+N1GYaeWH/q1NxQO"},"_N$target":{"__id__":27}},{"__type__":"cc.Node","_name":"1","_parent":{"__id__":18},"_children":[{"__id__":30},{"__id__":31},{"__id__":33}],"_components":[{"__id__":34}],"_prefab":{"__type__":"cc.PrefabInfo","root":{"__id__":18},"asset":{"__uuid__":"34HXuEyX5H4oYfdw9/y7qK"},"fileId":"8bFslYB8ZJApAuWSW1G2jT"},"_contentSize":{"__type__":"cc.Size","width":28,"height":28},"_trs":{"__type__":"TypedArray","ctor":"Float64Array","array":[-329.373,260.42,0,0,0,0,1,1,1,1]},"_groupIndex":7,"groupIndex":7},{"__type__":"cc.Node","_name":"Background","_parent":{"__id__":29},"_components":[{"__type__":"cc.Sprite","node":{"__id__":30},"_materials":[{"__uuid__":"ecpdLyjvZBwrvm+cedCcQy"}],"_spriteFrame":{"__uuid__":"68J8oyAQdFUrqy37MXmbtE"}}],"_prefab":{"__type__":"cc.PrefabInfo","root":{"__id__":18},"asset":{"__uuid__":"34HXuEyX5H4oYfdw9/y7qK"},"fileId":"0dM5LUsudHvqO4VeAzBFGR"},"_contentSize":{"__type__":"cc.Size","width":28,"height":28},"_trs":{"__type__":"TypedArray","ctor":"Float64Array","array":[0,0,0,0,0,0,1,1,1,1]},"_groupIndex":7,"groupIndex":7},{"__type__":"cc.Node","_name":"checkmark","_parent":{"__id__":29},"_components":[{"__id__":32}],"_prefab":{"__type__":"cc.PrefabInfo","root":{"__id__":18},"asset":{"__uuid__":"34HXuEyX5H4oYfdw9/y7qK"},"fileId":"4a+CF7ybNLJLvdbK9T+l5T"},"_contentSize":{"__type__":"cc.Size","width":28,"height":28},"_trs":{"__type__":"TypedArray","ctor":"Float64Array","array":[0,0,0,0,0,0,1,1,1,1]},"_groupIndex":7,"groupIndex":7},{"__type__":"cc.Sprite","node":{"__id__":31},"_materials":[{"__uuid__":"ecpdLyjvZBwrvm+cedCcQy"}],"_spriteFrame":{"__uuid__":"90AErWL21A4ZPvtxQ3XG8G"},"_sizeMode":2,"_isTrimmedMode":false},{"__type__":"cc.Node","_name":"New Label","_parent":{"__id__":29},"_components":[{"__type__":"cc.Label","node":{"__id__":33},"_materials":[{"__uuid__":"ecpdLyjvZBwrvm+cedCcQy"}],"_useOriginalSize":false,"_string":"1","_N$string":"1","_fontSize":28,"_N$horizontalAlign":1,"_N$verticalAlign":1}],"_prefab":{"__type__":"cc.PrefabInfo","root":{"__id__":18},"asset":{"__uuid__":"34HXuEyX5H4oYfdw9/y7qK"},"fileId":"d40b/aePFCr5nOsDlM3itS"},"_contentSize":{"__type__":"cc.Size","width":15.57,"height":50.4},"_trs":{"__type__":"TypedArray","ctor":"Float64Array","array":[38,2,0,0,0,0,1,1,1,1]},"_groupIndex":7,"groupIndex":7},{"__type__":"cc.Toggle","node":{"__id__":29},"_N$transition":3,"transition":3,"_N$normalColor":{"__type__":"cc.Color","r":214,"g":214,"b":214},"_N$target":{"__id__":30},"checkMark":{"__id__":32}},{"__type__":"cc.Node","_name":"2","_parent":{"__id__":18},"_children":[{"__id__":36},{"__id__":37},{"__id__":39}],"_components":[{"__id__":40}],"_prefab":{"__type__":"cc.PrefabInfo","root":{"__id__":18},"asset":{"__uuid__":"34HXuEyX5H4oYfdw9/y7qK"},"fileId":"371rq6mbhOroISi5ftF/0O"},"_contentSize":{"__type__":"cc.Size","width":28,"height":28},"_trs":{"__type__":"TypedArray","ctor":"Float64Array","array":[-329.373,196.245,0,0,0,0,1,1,1,1]},"_groupIndex":7,"groupIndex":7},{"__type__":"cc.Node","_name":"Background","_parent":{"__id__":35},"_components":[{"__type__":"cc.Sprite","node":{"__id__":36},"_materials":[{"__uuid__":"ecpdLyjvZBwrvm+cedCcQy"}],"_spriteFrame":{"__uuid__":"68J8oyAQdFUrqy37MXmbtE"}}],"_prefab":{"__type__":"cc.PrefabInfo","root":{"__id__":18},"asset":{"__uuid__":"34HXuEyX5H4oYfdw9/y7qK"},"fileId":"eeCouhBadGWrIOlFLYlRjA"},"_contentSize":{"__type__":"cc.Size","width":28,"height":28},"_trs":{"__type__":"TypedArray","ctor":"Float64Array","array":[0,0,0,0,0,0,1,1,1,1]},"_groupIndex":7,"groupIndex":7},{"__type__":"cc.Node","_name":"checkmark","_parent":{"__id__":35},"_components":[{"__id__":38}],"_prefab":{"__type__":"cc.PrefabInfo","root":{"__id__":18},"asset":{"__uuid__":"34HXuEyX5H4oYfdw9/y7qK"},"fileId":"07NlYAhShDyYPfQC0rgjFw"},"_contentSize":{"__type__":"cc.Size","width":28,"height":28},"_trs":{"__type__":"TypedArray","ctor":"Float64Array","array":[0,0,0,0,0,0,1,1,1,1]},"_groupIndex":7,"groupIndex":7},{"__type__":"cc.Sprite","node":{"__id__":37},"_materials":[{"__uuid__":"ecpdLyjvZBwrvm+cedCcQy"}],"_spriteFrame":{"__uuid__":"90AErWL21A4ZPvtxQ3XG8G"},"_sizeMode":2,"_isTrimmedMode":false},{"__type__":"cc.Node","_name":"New Label","_parent":{"__id__":35},"_components":[{"__type__":"cc.Label","node":{"__id__":39},"_materials":[{"__uuid__":"ecpdLyjvZBwrvm+cedCcQy"}],"_useOriginalSize":false,"_string":"2","_N$string":"2","_fontSize":28,"_N$horizontalAlign":1,"_N$verticalAlign":1}],"_prefab":{"__type__":"cc.PrefabInfo","root":{"__id__":18},"asset":{"__uuid__":"34HXuEyX5H4oYfdw9/y7qK"},"fileId":"14aB5bvxtIZZRe/3oMjV9T"},"_contentSize":{"__type__":"cc.Size","width":15.57,"height":50.4},"_trs":{"__type__":"TypedArray","ctor":"Float64Array","array":[38,2,0,0,0,0,1,1,1,1]},"_groupIndex":7,"groupIndex":7},{"__type__":"cc.Toggle","node":{"__id__":35},"_N$transition":3,"transition":3,"_N$normalColor":{"__type__":"cc.Color","r":214,"g":214,"b":214},"_N$target":{"__id__":36},"checkMark":{"__id__":38}},{"__type__":"cc.Node","_name":"3","_parent":{"__id__":18},"_children":[{"__id__":42},{"__id__":43},{"__id__":45}],"_components":[{"__id__":46}],"_prefab":{"__type__":"cc.PrefabInfo","root":{"__id__":18},"asset":{"__uuid__":"34HXuEyX5H4oYfdw9/y7qK"},"fileId":"c3Ngh34DZBZ4PzPwJ4IMoV"},"_contentSize":{"__type__":"cc.Size","width":28,"height":28},"_trs":{"__type__":"TypedArray","ctor":"Float64Array","array":[-329.373,126.722,0,0,0,0,1,1,1,1]},"_groupIndex":7,"groupIndex":7},{"__type__":"cc.Node","_name":"Background","_parent":{"__id__":41},"_components":[{"__type__":"cc.Sprite","node":{"__id__":42},"_materials":[{"__uuid__":"ecpdLyjvZBwrvm+cedCcQy"}],"_spriteFrame":{"__uuid__":"68J8oyAQdFUrqy37MXmbtE"}}],"_prefab":{"__type__":"cc.PrefabInfo","root":{"__id__":18},"asset":{"__uuid__":"34HXuEyX5H4oYfdw9/y7qK"},"fileId":"c3knjMKGhNVrOWp/Yw5jKT"},"_contentSize":{"__type__":"cc.Size","width":28,"height":28},"_trs":{"__type__":"TypedArray","ctor":"Float64Array","array":[0,0,0,0,0,0,1,1,1,1]},"_groupIndex":7,"groupIndex":7},{"__type__":"cc.Node","_name":"checkmark","_parent":{"__id__":41},"_components":[{"__id__":44}],"_prefab":{"__type__":"cc.PrefabInfo","root":{"__id__":18},"asset":{"__uuid__":"34HXuEyX5H4oYfdw9/y7qK"},"fileId":"c92tC6+stJmYNvPXzZtdAo"},"_contentSize":{"__type__":"cc.Size","width":28,"height":28},"_trs":{"__type__":"TypedArray","ctor":"Float64Array","array":[0,0,0,0,0,0,1,1,1,1]},"_groupIndex":7,"groupIndex":7},{"__type__":"cc.Sprite","node":{"__id__":43},"_materials":[{"__uuid__":"ecpdLyjvZBwrvm+cedCcQy"}],"_spriteFrame":{"__uuid__":"90AErWL21A4ZPvtxQ3XG8G"},"_sizeMode":2,"_isTrimmedMode":false},{"__type__":"cc.Node","_name":"New Label","_parent":{"__id__":41},"_components":[{"__type__":"cc.Label","node":{"__id__":45},"_materials":[{"__uuid__":"ecpdLyjvZBwrvm+cedCcQy"}],"_useOriginalSize":false,"_string":"3","_N$string":"3","_fontSize":28,"_N$horizontalAlign":1,"_N$verticalAlign":1}],"_prefab":{"__type__":"cc.PrefabInfo","root":{"__id__":18},"asset":{"__uuid__":"34HXuEyX5H4oYfdw9/y7qK"},"fileId":"30f3LMmoJLqbJaTFShcigK"},"_contentSize":{"__type__":"cc.Size","width":15.57,"height":50.4},"_trs":{"__type__":"TypedArray","ctor":"Float64Array","array":[38,2,0,0,0,0,1,1,1,1]},"_groupIndex":7,"groupIndex":7},{"__type__":"cc.Toggle","node":{"__id__":41},"_N$transition":3,"transition":3,"_N$normalColor":{"__type__":"cc.Color","r":214,"g":214,"b":214},"_N$target":{"__id__":42},"checkMark":{"__id__":44}},{"__type__":"cc.Node","_name":"4","_parent":{"__id__":18},"_children":[{"__id__":48},{"__id__":49},{"__id__":51}],"_components":[{"__id__":52}],"_prefab":{"__type__":"cc.PrefabInfo","root":{"__id__":18},"asset":{"__uuid__":"34HXuEyX5H4oYfdw9/y7qK"},"fileId":"f6/jENcf5Hlo8boE3Z52Xc"},"_contentSize":{"__type__":"cc.Size","width":28,"height":28},"_trs":{"__type__":"TypedArray","ctor":"Float64Array","array":[-329.373,59.874,0,0,0,0,1,1,1,1]},"_groupIndex":7,"groupIndex":7},{"__type__":"cc.Node","_name":"Background","_parent":{"__id__":47},"_components":[{"__type__":"cc.Sprite","node":{"__id__":48},"_materials":[{"__uuid__":"ecpdLyjvZBwrvm+cedCcQy"}],"_spriteFrame":{"__uuid__":"68J8oyAQdFUrqy37MXmbtE"}}],"_prefab":{"__type__":"cc.PrefabInfo","root":{"__id__":18},"asset":{"__uuid__":"34HXuEyX5H4oYfdw9/y7qK"},"fileId":"f9TftLmlNKwrUGH7nLTyTP"},"_contentSize":{"__type__":"cc.Size","width":28,"height":28},"_trs":{"__type__":"TypedArray","ctor":"Float64Array","array":[0,0,0,0,0,0,1,1,1,1]},"_groupIndex":7,"groupIndex":7},{"__type__":"cc.Node","_name":"checkmark","_parent":{"__id__":47},"_components":[{"__id__":50}],"_prefab":{"__type__":"cc.PrefabInfo","root":{"__id__":18},"asset":{"__uuid__":"34HXuEyX5H4oYfdw9/y7qK"},"fileId":"c71jB6or5F75cBO9t4VBYo"},"_contentSize":{"__type__":"cc.Size","width":28,"height":28},"_trs":{"__type__":"TypedArray","ctor":"Float64Array","array":[0,0,0,0,0,0,1,1,1,1]},"_groupIndex":7,"groupIndex":7},{"__type__":"cc.Sprite","node":{"__id__":49},"_materials":[{"__uuid__":"ecpdLyjvZBwrvm+cedCcQy"}],"_spriteFrame":{"__uuid__":"90AErWL21A4ZPvtxQ3XG8G"},"_sizeMode":2,"_isTrimmedMode":false},{"__type__":"cc.Node","_name":"New Label","_parent":{"__id__":47},"_components":[{"__type__":"cc.Label","node":{"__id__":51},"_materials":[{"__uuid__":"ecpdLyjvZBwrvm+cedCcQy"}],"_useOriginalSize":false,"_string":"4","_N$string":"4","_fontSize":28,"_N$horizontalAlign":1,"_N$verticalAlign":1}],"_prefab":{"__type__":"cc.PrefabInfo","root":{"__id__":18},"asset":{"__uuid__":"34HXuEyX5H4oYfdw9/y7qK"},"fileId":"96yc6ayWhCCoItPROYOBbu"},"_contentSize":{"__type__":"cc.Size","width":15.57,"height":50.4},"_trs":{"__type__":"TypedArray","ctor":"Float64Array","array":[38,2,0,0,0,0,1,1,1,1]},"_groupIndex":7,"groupIndex":7},{"__type__":"cc.Toggle","node":{"__id__":47},"_N$transition":3,"transition":3,"_N$normalColor":{"__type__":"cc.Color","r":214,"g":214,"b":214},"_N$target":{"__id__":48},"checkMark":{"__id__":50}},{"__type__":"cc.Node","_name":"Direction","_parent":{"__id__":18},"_children":[{"__id__":54},{"__id__":57},{"__id__":60},{"__id__":63}],"_prefab":{"__type__":"cc.PrefabInfo","root":{"__id__":18},"asset":{"__uuid__":"34HXuEyX5H4oYfdw9/y7qK"},"fileId":"50qy6N5opC1aqNA3rACDsE"},"_trs":{"__type__":"TypedArray","ctor":"Float64Array","array":[-40.109,-13.37,0,0,0,0,1,1,1,1]},"_groupIndex":7,"groupIndex":7},{"__type__":"cc.Node","_name":"P","_parent":{"__id__":53},"_children":[{"__id__":55}],"_components":[{"__type__":"cc.Button","node":{"__id__":54},"_normalMaterial":{"__uuid__":"ecpdLyjvZBwrvm+cedCcQy"},"clickEvents":[{"__type__":"cc.ClickEvent","target":{"__id__":2},"_componentId":"fa80dEAmgNHnLqhex15JFoQ","handler":"onPushJoystick","customEventData":"F"}],"_N$transition":3,"transition":3,"_N$normalColor":{"__type__":"cc.Color","r":230,"g":230,"b":230},"_N$pressedColor":{"__type__":"cc.Color","r":200,"g":200,"b":200},"pressedColor":{"__type__":"cc.Color","r":200,"g":200,"b":200},"_N$disabledColor":{"__type__":"cc.Color","r":120,"g":120,"b":120,"a":200},"_N$normalSprite":{"__uuid__":"f0BIwQ8D5Ml7nTNQbh1YlS"},"_N$pressedSprite":{"__uuid__":"e97GVMl6JHh5Ml5qEDdSGa"},"pressedSprite":{"__uuid__":"e97GVMl6JHh5Ml5qEDdSGa"},"_N$hoverSprite":{"__uuid__":"f0BIwQ8D5Ml7nTNQbh1YlS"},"hoverSprite":{"__uuid__":"f0BIwQ8D5Ml7nTNQbh1YlS"},"_N$disabledSprite":{"__uuid__":"29FYIk+N1GYaeWH/q1NxQO"},"_N$target":{"__id__":55}}],"_prefab":{"__type__":"cc.PrefabInfo","root":{"__id__":18},"asset":{"__uuid__":"34HXuEyX5H4oYfdw9/y7qK"},"fileId":"31d8ubY6ZOBoM4KYpv/5FL"},"_contentSize":{"__type__":"cc.Size","width":60,"height":60},"_trs":{"__type__":"TypedArray","ctor":"Float64Array","array":[-278,-50,0,0,0,0,1,1,1,1]},"_groupIndex":7,"groupIndex":7},{"__type__":"cc.Node","_name":"Background","_parent":{"__id__":54},"_children":[{"__id__":56}],"_components":[{"__type__":"cc.Sprite","node":{"__id__":55},"_materials":[{"__uuid__":"ecpdLyjvZBwrvm+cedCcQy"}],"_spriteFrame":{"__uuid__":"f0BIwQ8D5Ml7nTNQbh1YlS"},"_type":1,"_sizeMode":0},{"__type__":"cc.Widget","node":{"__id__":55},"alignMode":0,"_alignFlags":45,"_originalWidth":100,"_originalHeight":40}],"_prefab":{"__type__":"cc.PrefabInfo","root":{"__id__":18},"asset":{"__uuid__":"34HXuEyX5H4oYfdw9/y7qK"},"fileId":"0ar1rg/e5EhJ9jSPVrQ7VF"},"_contentSize":{"__type__":"cc.Size","width":60,"height":60},"_trs":{"__type__":"TypedArray","ctor":"Float64Array","array":[0,0,0,0,0,0,1,1,1,1]},"_groupIndex":7,"groupIndex":7},{"__type__":"cc.Node","_name":"Label","_parent":{"__id__":55},"_components":[{"__type__":"cc.Label","node":{"__id__":56},"_materials":[{"__uuid__":"ecpdLyjvZBwrvm+cedCcQy"}],"_useOriginalSize":false,"_string":"F","_N$string":"F","_fontSize":20,"_enableWrapText":false,"_N$horizontalAlign":1,"_N$verticalAlign":1,"_N$overflow":1}],"_prefab":{"__type__":"cc.PrefabInfo","root":{"__id__":18},"asset":{"__uuid__":"34HXuEyX5H4oYfdw9/y7qK"},"fileId":"3ayz7Q/LROK5q9abmR75++"},"_color":{"__type__":"cc.Color"},"_contentSize":{"__type__":"cc.Size","width":100,"height":40},"_trs":{"__type__":"TypedArray","ctor":"Float64Array","array":[0,0,0,0,0,0,1,1,1,1]},"_groupIndex":7,"groupIndex":7},{"__type__":"cc.Node","_name":"B","_parent":{"__id__":53},"_children":[{"__id__":58}],"_components":[{"__type__":"cc.Button","node":{"__id__":57},"_normalMaterial":{"__uuid__":"ecpdLyjvZBwrvm+cedCcQy"},"clickEvents":[{"__type__":"cc.ClickEvent","target":{"__id__":2},"_componentId":"fa80dEAmgNHnLqhex15JFoQ","handler":"onPushJoystick","customEventData":"B"}],"_N$transition":3,"transition":3,"_N$normalColor":{"__type__":"cc.Color","r":230,"g":230,"b":230},"_N$pressedColor":{"__type__":"cc.Color","r":200,"g":200,"b":200},"pressedColor":{"__type__":"cc.Color","r":200,"g":200,"b":200},"_N$disabledColor":{"__type__":"cc.Color","r":120,"g":120,"b":120,"a":200},"_N$normalSprite":{"__uuid__":"f0BIwQ8D5Ml7nTNQbh1YlS"},"_N$pressedSprite":{"__uuid__":"e97GVMl6JHh5Ml5qEDdSGa"},"pressedSprite":{"__uuid__":"e97GVMl6JHh5Ml5qEDdSGa"},"_N$hoverSprite":{"__uuid__":"f0BIwQ8D5Ml7nTNQbh1YlS"},"hoverSprite":{"__uuid__":"f0BIwQ8D5Ml7nTNQbh1YlS"},"_N$disabledSprite":{"__uuid__":"29FYIk+N1GYaeWH/q1NxQO"},"_N$target":{"__id__":58}}],"_prefab":{"__type__":"cc.PrefabInfo","root":{"__id__":18},"asset":{"__uuid__":"34HXuEyX5H4oYfdw9/y7qK"},"fileId":"e2EbZ8UUVBWLZkdDa3mDp6"},"_contentSize":{"__type__":"cc.Size","width":60,"height":60},"_trs":{"__type__":"TypedArray","ctor":"Float64Array","array":[-278,-170,0,0,0,0,1,1,1,1]},"_groupIndex":7,"groupIndex":7},{"__type__":"cc.Node","_name":"Background","_parent":{"__id__":57},"_children":[{"__id__":59}],"_components":[{"__type__":"cc.Sprite","node":{"__id__":58},"_materials":[{"__uuid__":"ecpdLyjvZBwrvm+cedCcQy"}],"_spriteFrame":{"__uuid__":"f0BIwQ8D5Ml7nTNQbh1YlS"},"_type":1,"_sizeMode":0},{"__type__":"cc.Widget","node":{"__id__":58},"alignMode":0,"_alignFlags":45,"_originalWidth":100,"_originalHeight":40}],"_prefab":{"__type__":"cc.PrefabInfo","root":{"__id__":18},"asset":{"__uuid__":"34HXuEyX5H4oYfdw9/y7qK"},"fileId":"4cMrBAVb1N+qFeGjfzd10K"},"_contentSize":{"__type__":"cc.Size","width":60,"height":60},"_trs":{"__type__":"TypedArray","ctor":"Float64Array","array":[0,0,0,0,0,0,1,1,1,1]},"_groupIndex":7,"groupIndex":7},{"__type__":"cc.Node","_name":"Label","_parent":{"__id__":58},"_components":[{"__type__":"cc.Label","node":{"__id__":59},"_materials":[{"__uuid__":"ecpdLyjvZBwrvm+cedCcQy"}],"_useOriginalSize":false,"_string":"B","_N$string":"B","_fontSize":20,"_enableWrapText":false,"_N$horizontalAlign":1,"_N$verticalAlign":1,"_N$overflow":1}],"_prefab":{"__type__":"cc.PrefabInfo","root":{"__id__":18},"asset":{"__uuid__":"34HXuEyX5H4oYfdw9/y7qK"},"fileId":"b14U3e+P1OHaWl9JTo0Krq"},"_color":{"__type__":"cc.Color"},"_contentSize":{"__type__":"cc.Size","width":100,"height":40},"_trs":{"__type__":"TypedArray","ctor":"Float64Array","array":[0,0,0,0,0,0,1,1,1,1]},"_groupIndex":7,"groupIndex":7},{"__type__":"cc.Node","_name":"L","_parent":{"__id__":53},"_children":[{"__id__":61}],"_components":[{"__type__":"cc.Button","node":{"__id__":60},"_normalMaterial":{"__uuid__":"ecpdLyjvZBwrvm+cedCcQy"},"clickEvents":[{"__type__":"cc.ClickEvent","target":{"__id__":2},"_componentId":"fa80dEAmgNHnLqhex15JFoQ","handler":"onPushJoystick","customEventData":"L"}],"_N$transition":3,"transition":3,"_N$normalColor":{"__type__":"cc.Color","r":230,"g":230,"b":230},"_N$pressedColor":{"__type__":"cc.Color","r":200,"g":200,"b":200},"pressedColor":{"__type__":"cc.Color","r":200,"g":200,"b":200},"_N$disabledColor":{"__type__":"cc.Color","r":120,"g":120,"b":120,"a":200},"_N$normalSprite":{"__uuid__":"f0BIwQ8D5Ml7nTNQbh1YlS"},"_N$pressedSprite":{"__uuid__":"e97GVMl6JHh5Ml5qEDdSGa"},"pressedSprite":{"__uuid__":"e97GVMl6JHh5Ml5qEDdSGa"},"_N$hoverSprite":{"__uuid__":"f0BIwQ8D5Ml7nTNQbh1YlS"},"hoverSprite":{"__uuid__":"f0BIwQ8D5Ml7nTNQbh1YlS"},"_N$disabledSprite":{"__uuid__":"29FYIk+N1GYaeWH/q1NxQO"},"_N$target":{"__id__":61}}],"_prefab":{"__type__":"cc.PrefabInfo","root":{"__id__":18},"asset":{"__uuid__":"34HXuEyX5H4oYfdw9/y7qK"},"fileId":"89tKSKcklDwqtl3zj48Yxx"},"_contentSize":{"__type__":"cc.Size","width":60,"height":60},"_trs":{"__type__":"TypedArray","ctor":"Float64Array","array":[-338,-110,0,0,0,0,1,1,1,1]},"_groupIndex":7,"groupIndex":7},{"__type__":"cc.Node","_name":"Background","_parent":{"__id__":60},"_children":[{"__id__":62}],"_components":[{"__type__":"cc.Sprite","node":{"__id__":61},"_materials":[{"__uuid__":"ecpdLyjvZBwrvm+cedCcQy"}],"_spriteFrame":{"__uuid__":"f0BIwQ8D5Ml7nTNQbh1YlS"},"_type":1,"_sizeMode":0},{"__type__":"cc.Widget","node":{"__id__":61},"alignMode":0,"_alignFlags":45,"_originalWidth":100,"_originalHeight":40}],"_prefab":{"__type__":"cc.PrefabInfo","root":{"__id__":18},"asset":{"__uuid__":"34HXuEyX5H4oYfdw9/y7qK"},"fileId":"e9ixL1109A5Yrekk7ztx61"},"_contentSize":{"__type__":"cc.Size","width":60,"height":60},"_trs":{"__type__":"TypedArray","ctor":"Float64Array","array":[0,0,0,0,0,0,1,1,1,1]},"_groupIndex":7,"groupIndex":7},{"__type__":"cc.Node","_name":"Label","_parent":{"__id__":61},"_components":[{"__type__":"cc.Label","node":{"__id__":62},"_materials":[{"__uuid__":"ecpdLyjvZBwrvm+cedCcQy"}],"_useOriginalSize":false,"_string":"L","_N$string":"L","_fontSize":20,"_enableWrapText":false,"_N$horizontalAlign":1,"_N$verticalAlign":1,"_N$overflow":1}],"_prefab":{"__type__":"cc.PrefabInfo","root":{"__id__":18},"asset":{"__uuid__":"34HXuEyX5H4oYfdw9/y7qK"},"fileId":"0d2H6tu+NK/7WcmPYt/eDe"},"_color":{"__type__":"cc.Color"},"_contentSize":{"__type__":"cc.Size","width":100,"height":40},"_trs":{"__type__":"TypedArray","ctor":"Float64Array","array":[0,0,0,0,0,0,1,1,1,1]},"_groupIndex":7,"groupIndex":7},{"__type__":"cc.Node","_name":"R","_parent":{"__id__":53},"_children":[{"__id__":64}],"_components":[{"__type__":"cc.Button","node":{"__id__":63},"_normalMaterial":{"__uuid__":"ecpdLyjvZBwrvm+cedCcQy"},"clickEvents":[{"__type__":"cc.ClickEvent","target":{"__id__":2},"_componentId":"fa80dEAmgNHnLqhex15JFoQ","handler":"onPushJoystick","customEventData":"R"}],"_N$transition":3,"transition":3,"_N$normalColor":{"__type__":"cc.Color","r":230,"g":230,"b":230},"_N$pressedColor":{"__type__":"cc.Color","r":200,"g":200,"b":200},"pressedColor":{"__type__":"cc.Color","r":200,"g":200,"b":200},"_N$disabledColor":{"__type__":"cc.Color","r":120,"g":120,"b":120,"a":200},"_N$normalSprite":{"__uuid__":"f0BIwQ8D5Ml7nTNQbh1YlS"},"_N$pressedSprite":{"__uuid__":"e97GVMl6JHh5Ml5qEDdSGa"},"pressedSprite":{"__uuid__":"e97GVMl6JHh5Ml5qEDdSGa"},"_N$hoverSprite":{"__uuid__":"f0BIwQ8D5Ml7nTNQbh1YlS"},"hoverSprite":{"__uuid__":"f0BIwQ8D5Ml7nTNQbh1YlS"},"_N$disabledSprite":{"__uuid__":"29FYIk+N1GYaeWH/q1NxQO"},"_N$target":{"__id__":64}}],"_prefab":{"__type__":"cc.PrefabInfo","root":{"__id__":18},"asset":{"__uuid__":"34HXuEyX5H4oYfdw9/y7qK"},"fileId":"60FUY0pl1AnYqe8jbfuv6e"},"_contentSize":{"__type__":"cc.Size","width":60,"height":60},"_trs":{"__type__":"TypedArray","ctor":"Float64Array","array":[-218,-110,0,0,0,0,1,1,1,1]},"_groupIndex":7,"groupIndex":7},{"__type__":"cc.Node","_name":"Background","_parent":{"__id__":63},"_children":[{"__id__":65}],"_components":[{"__type__":"cc.Sprite","node":{"__id__":64},"_materials":[{"__uuid__":"ecpdLyjvZBwrvm+cedCcQy"}],"_spriteFrame":{"__uuid__":"f0BIwQ8D5Ml7nTNQbh1YlS"},"_type":1,"_sizeMode":0},{"__type__":"cc.Widget","node":{"__id__":64},"alignMode":0,"_alignFlags":45,"_originalWidth":100,"_originalHeight":40}],"_prefab":{"__type__":"cc.PrefabInfo","root":{"__id__":18},"asset":{"__uuid__":"34HXuEyX5H4oYfdw9/y7qK"},"fileId":"909DAUSTBK8bNzz7dChyac"},"_contentSize":{"__type__":"cc.Size","width":60,"height":60},"_trs":{"__type__":"TypedArray","ctor":"Float64Array","array":[0,0,0,0,0,0,1,1,1,1]},"_groupIndex":7,"groupIndex":7},{"__type__":"cc.Node","_name":"Label","_parent":{"__id__":64},"_components":[{"__type__":"cc.Label","node":{"__id__":65},"_materials":[{"__uuid__":"ecpdLyjvZBwrvm+cedCcQy"}],"_useOriginalSize":false,"_string":"R","_N$string":"R","_fontSize":20,"_enableWrapText":false,"_N$horizontalAlign":1,"_N$verticalAlign":1,"_N$overflow":1}],"_prefab":{"__type__":"cc.PrefabInfo","root":{"__id__":18},"asset":{"__uuid__":"34HXuEyX5H4oYfdw9/y7qK"},"fileId":"08EtlO5EtCLJc2wUjOfh9z"},"_color":{"__type__":"cc.Color"},"_contentSize":{"__type__":"cc.Size","width":100,"height":40},"_trs":{"__type__":"TypedArray","ctor":"Float64Array","array":[0,0,0,0,0,0,1,1,1,1]},"_groupIndex":7,"groupIndex":7},{"__type__":"cc.Node","_name":"View","_parent":{"__id__":18},"_children":[{"__id__":67},{"__id__":70},{"__id__":73},{"__id__":76}],"_prefab":{"__type__":"cc.PrefabInfo","root":{"__id__":18},"asset":{"__uuid__":"34HXuEyX5H4oYfdw9/y7qK"},"fileId":"a8FEPDAkxDb7UksZtGnqjc"},"_trs":{"__type__":"TypedArray","ctor":"Float64Array","array":[610.614,-16.263,0,0,0,0,1,1,1,1]},"_groupIndex":7,"groupIndex":7},{"__type__":"cc.Node","_name":"P","_parent":{"__id__":66},"_children":[{"__id__":68}],"_components":[{"__type__":"cc.Button","node":{"__id__":67},"_normalMaterial":{"__uuid__":"ecpdLyjvZBwrvm+cedCcQy"},"clickEvents":[{"__type__":"cc.ClickEvent","target":{"__id__":2},"_componentId":"fa80dEAmgNHnLqhex15JFoQ","handler":"onPushJoystick","customEventData":"U"}],"_N$transition":3,"transition":3,"_N$normalColor":{"__type__":"cc.Color","r":230,"g":230,"b":230},"_N$pressedColor":{"__type__":"cc.Color","r":200,"g":200,"b":200},"pressedColor":{"__type__":"cc.Color","r":200,"g":200,"b":200},"_N$disabledColor":{"__type__":"cc.Color","r":120,"g":120,"b":120,"a":200},"_N$normalSprite":{"__uuid__":"f0BIwQ8D5Ml7nTNQbh1YlS"},"_N$pressedSprite":{"__uuid__":"e97GVMl6JHh5Ml5qEDdSGa"},"pressedSprite":{"__uuid__":"e97GVMl6JHh5Ml5qEDdSGa"},"_N$hoverSprite":{"__uuid__":"f0BIwQ8D5Ml7nTNQbh1YlS"},"hoverSprite":{"__uuid__":"f0BIwQ8D5Ml7nTNQbh1YlS"},"_N$disabledSprite":{"__uuid__":"29FYIk+N1GYaeWH/q1NxQO"},"_N$target":{"__id__":68}}],"_prefab":{"__type__":"cc.PrefabInfo","root":{"__id__":18},"asset":{"__uuid__":"34HXuEyX5H4oYfdw9/y7qK"},"fileId":"e8g/lwNK1NPJfEPZHIRMsY"},"_contentSize":{"__type__":"cc.Size","width":60,"height":60},"_trs":{"__type__":"TypedArray","ctor":"Float64Array","array":[-278,-50,0,0,0,0,1,1,1,1]},"_groupIndex":7,"groupIndex":7},{"__type__":"cc.Node","_name":"Background","_parent":{"__id__":67},"_children":[{"__id__":69}],"_components":[{"__type__":"cc.Sprite","node":{"__id__":68},"_materials":[{"__uuid__":"ecpdLyjvZBwrvm+cedCcQy"}],"_spriteFrame":{"__uuid__":"f0BIwQ8D5Ml7nTNQbh1YlS"},"_type":1,"_sizeMode":0},{"__type__":"cc.Widget","node":{"__id__":68},"alignMode":0,"_alignFlags":45,"_originalWidth":100,"_originalHeight":40}],"_prefab":{"__type__":"cc.PrefabInfo","root":{"__id__":18},"asset":{"__uuid__":"34HXuEyX5H4oYfdw9/y7qK"},"fileId":"35Upoo3OxOB7rUpGkLedCe"},"_contentSize":{"__type__":"cc.Size","width":60,"height":60},"_trs":{"__type__":"TypedArray","ctor":"Float64Array","array":[0,0,0,0,0,0,1,1,1,1]},"_groupIndex":7,"groupIndex":7},{"__type__":"cc.Node","_name":"Label","_parent":{"__id__":68},"_components":[{"__type__":"cc.Label","node":{"__id__":69},"_materials":[{"__uuid__":"ecpdLyjvZBwrvm+cedCcQy"}],"_useOriginalSize":false,"_string":"U","_N$string":"U","_fontSize":20,"_enableWrapText":false,"_N$horizontalAlign":1,"_N$verticalAlign":1,"_N$overflow":1}],"_prefab":{"__type__":"cc.PrefabInfo","root":{"__id__":18},"asset":{"__uuid__":"34HXuEyX5H4oYfdw9/y7qK"},"fileId":"abKp4z4n1NtoPv7xR/O1o7"},"_color":{"__type__":"cc.Color"},"_contentSize":{"__type__":"cc.Size","width":100,"height":40},"_trs":{"__type__":"TypedArray","ctor":"Float64Array","array":[0,0,0,0,0,0,1,1,1,1]},"_groupIndex":7,"groupIndex":7},{"__type__":"cc.Node","_name":"B","_parent":{"__id__":66},"_children":[{"__id__":71}],"_components":[{"__type__":"cc.Button","node":{"__id__":70},"_normalMaterial":{"__uuid__":"ecpdLyjvZBwrvm+cedCcQy"},"clickEvents":[{"__type__":"cc.ClickEvent","target":{"__id__":2},"_componentId":"fa80dEAmgNHnLqhex15JFoQ","handler":"onPushJoystick","customEventData":"D"}],"_N$transition":3,"transition":3,"_N$normalColor":{"__type__":"cc.Color","r":230,"g":230,"b":230},"_N$pressedColor":{"__type__":"cc.Color","r":200,"g":200,"b":200},"pressedColor":{"__type__":"cc.Color","r":200,"g":200,"b":200},"_N$disabledColor":{"__type__":"cc.Color","r":120,"g":120,"b":120,"a":200},"_N$normalSprite":{"__uuid__":"f0BIwQ8D5Ml7nTNQbh1YlS"},"_N$pressedSprite":{"__uuid__":"e97GVMl6JHh5Ml5qEDdSGa"},"pressedSprite":{"__uuid__":"e97GVMl6JHh5Ml5qEDdSGa"},"_N$hoverSprite":{"__uuid__":"f0BIwQ8D5Ml7nTNQbh1YlS"},"hoverSprite":{"__uuid__":"f0BIwQ8D5Ml7nTNQbh1YlS"},"_N$disabledSprite":{"__uuid__":"29FYIk+N1GYaeWH/q1NxQO"},"_N$target":{"__id__":71}}],"_prefab":{"__type__":"cc.PrefabInfo","root":{"__id__":18},"asset":{"__uuid__":"34HXuEyX5H4oYfdw9/y7qK"},"fileId":"70WVIsLWtJMJ2OWp8eDJsK"},"_contentSize":{"__type__":"cc.Size","width":60,"height":60},"_trs":{"__type__":"TypedArray","ctor":"Float64Array","array":[-278,-170,0,0,0,0,1,1,1,1]},"_groupIndex":7,"groupIndex":7},{"__type__":"cc.Node","_name":"Background","_parent":{"__id__":70},"_children":[{"__id__":72}],"_components":[{"__type__":"cc.Sprite","node":{"__id__":71},"_materials":[{"__uuid__":"ecpdLyjvZBwrvm+cedCcQy"}],"_spriteFrame":{"__uuid__":"f0BIwQ8D5Ml7nTNQbh1YlS"},"_type":1,"_sizeMode":0},{"__type__":"cc.Widget","node":{"__id__":71},"alignMode":0,"_alignFlags":45,"_originalWidth":100,"_originalHeight":40}],"_prefab":{"__type__":"cc.PrefabInfo","root":{"__id__":18},"asset":{"__uuid__":"34HXuEyX5H4oYfdw9/y7qK"},"fileId":"8aLmVsjMZAEJF+vtQdgrzb"},"_contentSize":{"__type__":"cc.Size","width":60,"height":60},"_trs":{"__type__":"TypedArray","ctor":"Float64Array","array":[0,0,0,0,0,0,1,1,1,1]},"_groupIndex":7,"groupIndex":7},{"__type__":"cc.Node","_name":"Label","_parent":{"__id__":71},"_components":[{"__type__":"cc.Label","node":{"__id__":72},"_materials":[{"__uuid__":"ecpdLyjvZBwrvm+cedCcQy"}],"_useOriginalSize":false,"_string":"D","_N$string":"D","_fontSize":20,"_enableWrapText":false,"_N$horizontalAlign":1,"_N$verticalAlign":1,"_N$overflow":1}],"_prefab":{"__type__":"cc.PrefabInfo","root":{"__id__":18},"asset":{"__uuid__":"34HXuEyX5H4oYfdw9/y7qK"},"fileId":"ddcx1TYyZBzpxNlMKzLR+/"},"_color":{"__type__":"cc.Color"},"_contentSize":{"__type__":"cc.Size","width":100,"height":40},"_trs":{"__type__":"TypedArray","ctor":"Float64Array","array":[0,0,0,0,0,0,1,1,1,1]},"_groupIndex":7,"groupIndex":7},{"__type__":"cc.Node","_name":"L","_parent":{"__id__":66},"_children":[{"__id__":74}],"_components":[{"__type__":"cc.Button","node":{"__id__":73},"_normalMaterial":{"__uuid__":"ecpdLyjvZBwrvm+cedCcQy"},"clickEvents":[{"__type__":"cc.ClickEvent","target":{"__id__":2},"_componentId":"fa80dEAmgNHnLqhex15JFoQ","handler":"onPushJoystick","customEventData":"RL"}],"_N$transition":3,"transition":3,"_N$normalColor":{"__type__":"cc.Color","r":230,"g":230,"b":230},"_N$pressedColor":{"__type__":"cc.Color","r":200,"g":200,"b":200},"pressedColor":{"__type__":"cc.Color","r":200,"g":200,"b":200},"_N$disabledColor":{"__type__":"cc.Color","r":120,"g":120,"b":120,"a":200},"_N$normalSprite":{"__uuid__":"f0BIwQ8D5Ml7nTNQbh1YlS"},"_N$pressedSprite":{"__uuid__":"e97GVMl6JHh5Ml5qEDdSGa"},"pressedSprite":{"__uuid__":"e97GVMl6JHh5Ml5qEDdSGa"},"_N$hoverSprite":{"__uuid__":"f0BIwQ8D5Ml7nTNQbh1YlS"},"hoverSprite":{"__uuid__":"f0BIwQ8D5Ml7nTNQbh1YlS"},"_N$disabledSprite":{"__uuid__":"29FYIk+N1GYaeWH/q1NxQO"},"_N$target":{"__id__":74}}],"_prefab":{"__type__":"cc.PrefabInfo","root":{"__id__":18},"asset":{"__uuid__":"34HXuEyX5H4oYfdw9/y7qK"},"fileId":"5bNF9hsrxP3Ix78Mi3aBhQ"},"_contentSize":{"__type__":"cc.Size","width":60,"height":60},"_trs":{"__type__":"TypedArray","ctor":"Float64Array","array":[-338,-110,0,0,0,0,1,1,1,1]},"_groupIndex":7,"groupIndex":7},{"__type__":"cc.Node","_name":"Background","_parent":{"__id__":73},"_children":[{"__id__":75}],"_components":[{"__type__":"cc.Sprite","node":{"__id__":74},"_materials":[{"__uuid__":"ecpdLyjvZBwrvm+cedCcQy"}],"_spriteFrame":{"__uuid__":"f0BIwQ8D5Ml7nTNQbh1YlS"},"_type":1,"_sizeMode":0},{"__type__":"cc.Widget","node":{"__id__":74},"alignMode":0,"_alignFlags":45,"_originalWidth":100,"_originalHeight":40}],"_prefab":{"__type__":"cc.PrefabInfo","root":{"__id__":18},"asset":{"__uuid__":"34HXuEyX5H4oYfdw9/y7qK"},"fileId":"714+BGwMhLI4SAeJg4rJwC"},"_contentSize":{"__type__":"cc.Size","width":60,"height":60},"_trs":{"__type__":"TypedArray","ctor":"Float64Array","array":[0,0,0,0,0,0,1,1,1,1]},"_groupIndex":7,"groupIndex":7},{"__type__":"cc.Node","_name":"Label","_parent":{"__id__":74},"_components":[{"__type__":"cc.Label","node":{"__id__":75},"_materials":[{"__uuid__":"ecpdLyjvZBwrvm+cedCcQy"}],"_useOriginalSize":false,"_string":"L","_N$string":"L","_fontSize":20,"_enableWrapText":false,"_N$horizontalAlign":1,"_N$verticalAlign":1,"_N$overflow":1}],"_prefab":{"__type__":"cc.PrefabInfo","root":{"__id__":18},"asset":{"__uuid__":"34HXuEyX5H4oYfdw9/y7qK"},"fileId":"37sWtK3CZC/5LE7iQwLV+L"},"_color":{"__type__":"cc.Color"},"_contentSize":{"__type__":"cc.Size","width":100,"height":40},"_trs":{"__type__":"TypedArray","ctor":"Float64Array","array":[0,0,0,0,0,0,1,1,1,1]},"_groupIndex":7,"groupIndex":7},{"__type__":"cc.Node","_name":"R","_parent":{"__id__":66},"_children":[{"__id__":77}],"_components":[{"__type__":"cc.Button","node":{"__id__":76},"_normalMaterial":{"__uuid__":"ecpdLyjvZBwrvm+cedCcQy"},"clickEvents":[{"__type__":"cc.ClickEvent","target":{"__id__":2},"_componentId":"fa80dEAmgNHnLqhex15JFoQ","handler":"onPushJoystick","customEventData":"RR"}],"_N$transition":3,"transition":3,"_N$normalColor":{"__type__":"cc.Color","r":230,"g":230,"b":230},"_N$pressedColor":{"__type__":"cc.Color","r":200,"g":200,"b":200},"pressedColor":{"__type__":"cc.Color","r":200,"g":200,"b":200},"_N$disabledColor":{"__type__":"cc.Color","r":120,"g":120,"b":120,"a":200},"_N$normalSprite":{"__uuid__":"f0BIwQ8D5Ml7nTNQbh1YlS"},"_N$pressedSprite":{"__uuid__":"e97GVMl6JHh5Ml5qEDdSGa"},"pressedSprite":{"__uuid__":"e97GVMl6JHh5Ml5qEDdSGa"},"_N$hoverSprite":{"__uuid__":"f0BIwQ8D5Ml7nTNQbh1YlS"},"hoverSprite":{"__uuid__":"f0BIwQ8D5Ml7nTNQbh1YlS"},"_N$disabledSprite":{"__uuid__":"29FYIk+N1GYaeWH/q1NxQO"},"_N$target":{"__id__":77}}],"_prefab":{"__type__":"cc.PrefabInfo","root":{"__id__":18},"asset":{"__uuid__":"34HXuEyX5H4oYfdw9/y7qK"},"fileId":"1fTDUliP1DuIwEJYc5VFgc"},"_contentSize":{"__type__":"cc.Size","width":60,"height":60},"_trs":{"__type__":"TypedArray","ctor":"Float64Array","array":[-218,-110,0,0,0,0,1,1,1,1]},"_groupIndex":7,"groupIndex":7},{"__type__":"cc.Node","_name":"Background","_parent":{"__id__":76},"_children":[{"__id__":78}],"_components":[{"__type__":"cc.Sprite","node":{"__id__":77},"_materials":[{"__uuid__":"ecpdLyjvZBwrvm+cedCcQy"}],"_spriteFrame":{"__uuid__":"f0BIwQ8D5Ml7nTNQbh1YlS"},"_type":1,"_sizeMode":0},{"__type__":"cc.Widget","node":{"__id__":77},"alignMode":0,"_alignFlags":45,"_originalWidth":100,"_originalHeight":40}],"_prefab":{"__type__":"cc.PrefabInfo","root":{"__id__":18},"asset":{"__uuid__":"34HXuEyX5H4oYfdw9/y7qK"},"fileId":"00gNpN6SVNZ5LAxT4QORYc"},"_contentSize":{"__type__":"cc.Size","width":60,"height":60},"_trs":{"__type__":"TypedArray","ctor":"Float64Array","array":[0,0,0,0,0,0,1,1,1,1]},"_groupIndex":7,"groupIndex":7},{"__type__":"cc.Node","_name":"Label","_parent":{"__id__":77},"_components":[{"__type__":"cc.Label","node":{"__id__":78},"_materials":[{"__uuid__":"ecpdLyjvZBwrvm+cedCcQy"}],"_useOriginalSize":false,"_string":"R","_N$string":"R","_fontSize":20,"_enableWrapText":false,"_N$horizontalAlign":1,"_N$verticalAlign":1,"_N$overflow":1}],"_prefab":{"__type__":"cc.PrefabInfo","root":{"__id__":18},"asset":{"__uuid__":"34HXuEyX5H4oYfdw9/y7qK"},"fileId":"deNE6CstlC/rt/+qJV5oWq"},"_color":{"__type__":"cc.Color"},"_contentSize":{"__type__":"cc.Size","width":100,"height":40},"_trs":{"__type__":"TypedArray","ctor":"Float64Array","array":[0,0,0,0,0,0,1,1,1,1]},"_groupIndex":7,"groupIndex":7}],{"__type__":"cc.SpriteFrame","content":{"name":"default_radio_button_off","texture":"56fc2Ai/RFNYpaMT8crweK","rect":[3,3,26,26],"offset":[0,0],"originalSize":[32,32],"capInsets":[0,0,0,0]}},{"__type__":"cc.SpriteFrame","content":{"name":"default_btn_pressed","texture":"b4P/PCArtIdIH38t6mlw8Y","rect":[0,0,40,40],"offset":[0,0],"originalSize":[40,40],"capInsets":[12,12,12,12]}},{"__type__":"cc.SpriteFrame","content":{"name":"default_btn_normal","texture":"e8Ueib+qJEhL6mXAHdnwbi","rect":[0,0,40,40],"offset":[0,0],"originalSize":[40,40],"capInsets":[12,12,12,12]}}]