[{"__type__":"cc.SceneAsset","_name":"mesh-texture","scene":{"__id__":1},"asyncLoadAssets":null},{"__type__":"cc.Scene","_name":"New Node","_children":[{"__id__":2}],"_anchorPoint":{"__type__":"cc.Vec2"},"_trs":{"__type__":"TypedArray","ctor":"Float64Array","array":[0,0,0,0,0,0,1,1,1,1]},"autoReleaseAssets":false},{"__type__":"cc.Node","_name":"Canvas","_parent":{"__id__":1},"_children":[{"__id__":3},{"__id__":4},{"__id__":5}],"_components":[{"__type__":"cc.Canvas","node":{"__id__":2}},{"__type__":"cc.Widget","node":{"__id__":2},"_alignFlags":45}],"_contentSize":{"__type__":"cc.Size","width":960,"height":640},"_trs":{"__type__":"TypedArray","ctor":"Float64Array","array":[480,320,0,0,0,0,0,1,1,1]},"_id":"8aR48m/zVFqasq/8pwOQPE"},{"__type__":"cc.Node","_name":"Main Camera","_parent":{"__id__":2},"_components":[{"__type__":"cc.Camera","node":{"__id__":3},"_clearFlags":7,"_backgroundColor":{"__type__":"cc.Color","r":56,"g":59,"b":65},"_depth":-1,"_nearClip":0.1,"_ortho":false}],"_trs":{"__type__":"TypedArray","ctor":"Float64Array","array":[0,0,0,0,0,0,0,1,1,1]}},{"__type__":"cc.Node","_name":"New Node","_parent":{"__id__":2},"_components":[{"__type__":"cc.MeshRenderer","node":{"__id__":4},"_materials":[{"__uuid__":"e3titQGA5LMKAvoKAZXT/B"}],"textures":[{"__uuid__":"6bT67Vq8NKd6+dNe1npaSL"}]},{"__type__":"95a3dIihBlE1bM4psBuANTA","node":{"__id__":4}}],"_trs":{"__type__":"TypedArray","ctor":"Float64Array","array":[155.91700744628906,0.8579999804496765,0,0,0,0,0,1,1,1]}},{"__type__":"cc.Node","_name":"New Node","_parent":{"__id__":2},"_components":[{"__type__":"cc.MeshRenderer","node":{"__id__":5},"_materials":[{"__uuid__":"e3titQGA5LMKAvoKAZXT/B"}],"textures":[{"__uuid__":"6bT67Vq8NKd6+dNe1npaSL"}]},{"__type__":"95a3dIihBlE1bM4psBuANTA","node":{"__id__":5}}],"_trs":{"__type__":"TypedArray","ctor":"Float64Array","array":[0,0,0,0,0,0,0,1,1,1]}}]