[{"__type__":"cc.SceneAsset","_name":"raycast","scene":{"__id__":1},"asyncLoadAssets":null},{"__type__":"cc.Scene","_name":"New Node","_children":[{"__id__":2},{"__id__":3},{"__id__":9}],"_anchorPoint":{"__type__":"cc.Vec2"},"_trs":{"__type__":"TypedArray","ctor":"Float64Array","array":[0,0,0,0,0,0,1,1,1,1]},"autoReleaseAssets":false},{"__type__":"cc.Node","_name":"box","_parent":{"__id__":1},"_components":[{"__type__":"cc.MeshRenderer","node":{"__id__":2},"_materials":[{"__uuid__":"2aKWBXJHxKHLvrBUi2yYZQ"}],"_mesh":{"__uuid__":"04bxcsFXRIi7u4ZBWprblt"}}],"_prefab":{"__type__":"cc.PrefabInfo","root":{"__id__":2},"asset":{"__uuid__":"a8fMFHAbJD+I5Cp8qQsMdX"},"fileId":"04A14e1BZJxrPk6zgr35H5"},"_trs":{"__type__":"TypedArray","ctor":"Float64Array","array":[0,0,0,0,0,0,0,20,20,20]},"_eulerAngles":{"__type__":"cc.Vec3","x":0.000009334666828389458},"_is3DNode":true,"_id":"8aAQSQJJdLf5sYbG9JTtst"},{"__type__":"cc.Node","_name":"Canvas","_parent":{"__id__":1},"_children":[{"__id__":4},{"__id__":5}],"_components":[{"__type__":"cc.Canvas","node":{"__id__":3}},{"__type__":"cc.Widget","node":{"__id__":3},"_alignFlags":45}],"_contentSize":{"__type__":"cc.Size","width":960,"height":640},"_trs":{"__type__":"TypedArray","ctor":"Float64Array","array":[480,320,0,0,0,0,0,1,1,1]},"_is3DNode":true,"_id":"267xVeAZxDX7ARwrkOAOhw"},{"__type__":"cc.Node","_name":"Main Camera","_parent":{"__id__":3},"_components":[{"__type__":"cc.Camera","node":{"__id__":4},"_cullingMask":-1,"_clearFlags":7,"_backgroundColor":{"__type__":"cc.Color","r":56,"g":59,"b":65},"_depth":-1,"_fov":45,"_orthoSize":375,"_nearClip":0.1,"_ortho":false,"_alignWithScreen":false}],"_trs":{"__type__":"TypedArray","ctor":"Float64Array","array":[0,0,1500,0,0,0,0,1,1,1]},"_is3DNode":true},{"__type__":"cc.Node","_name":"root","_parent":{"__id__":3},"_children":[{"__id__":6},{"__id__":7},{"__id__":8}],"_components":[{"__type__":"99487EWEA1JVpLMAPptRiG6","node":{"__id__":5},"mesh":{"__id__":2}}],"_trs":{"__type__":"TypedArray","ctor":"Float64Array","array":[0,0,0,0,0,0,0,1,1,1]},"_eulerAngles":{"__type__":"cc.Vec3","y":29.999999999999993},"_is3DNode":true},{"__type__":"cc.Node","_name":"New Box","_parent":{"__id__":5},"_components":[{"__type__":"cc.MeshRenderer","node":{"__id__":6},"_materials":[{"__uuid__":"a5hJI5OtNB0Yq0rp/qEfl/"}],"_mesh":{"__uuid__":"04bxcsFXRIi7u4ZBWprblt"}}],"_trs":{"__type__":"TypedArray","ctor":"Float64Array","array":[-252.48899841308594,144.177001953125,-145.7740020751953,0,0,0,0,100,100,100]},"_eulerAngles":{"__type__":"cc.Vec3","x":0.000009334666828389458},"_is3DNode":true},{"__type__":"cc.Node","_name":"New Box copy","_parent":{"__id__":5},"_components":[{"__type__":"cc.MeshRenderer","node":{"__id__":7},"_materials":[{"__uuid__":"a5hJI5OtNB0Yq0rp/qEfl/"}],"_mesh":{"__uuid__":"04bxcsFXRIi7u4ZBWprblt"}}],"_trs":{"__type__":"TypedArray","ctor":"Float64Array","array":[119.66899871826172,238.7480010986328,69.09100341796875,0,0,0,0,200,200,200]},"_eulerAngles":{"__type__":"cc.Vec3","x":0.000009334666828389458},"_is3DNode":true},{"__type__":"cc.Node","_name":"New Box copy","_parent":{"__id__":5},"_components":[{"__type__":"cc.MeshRenderer","node":{"__id__":8},"_materials":[{"__uuid__":"a5hJI5OtNB0Yq0rp/qEfl/"}],"_mesh":{"__uuid__":"04bxcsFXRIi7u4ZBWprblt"}}],"_trs":{"__type__":"TypedArray","ctor":"Float64Array","array":[-101.21399688720703,-65.4540023803711,101.21399688720703,0,0,0,0,150,150,150]},"_eulerAngles":{"__type__":"cc.Vec3","x":45,"y":45},"_is3DNode":true},{"__type__":"cc.Node","_name":"New Light","_parent":{"__id__":1},"_components":[{"__type__":"cc.Light","node":{"__id__":9},"_range":1,"_shadowMaxDepth":1000,"_shadowFrustumSize":50}],"_trs":{"__type__":"TypedArray","ctor":"Float64Array","array":[0,0,0,0,0,0,0,1,1,1]},"_is3DNode":true,"_id":"50bmybd0dFlrr/bKg01rtQ"}]