{"__type__":"cc.EffectAsset","_name":"custom_material","techniques":[{"passes":[{"blendState":{"targets":[{"blend":true}]},"rasterizerState":{"cullMode":0},"properties":{"texture":{"value":"white","type":29},"texture2":{"value":"white","type":29},"time":{"value":[0],"type":13}},"program":"custom_material|vs|fs"}]}],"shaders":[{"hash":3647566646,"glsl3":{"vert":"\nprecision highp float;\nuniform CCGlobal {\n  mat4 cc_matView;\n  mat4 cc_matViewInv;\n  mat4 cc_matProj;\n  mat4 cc_matProjInv;\n  mat4 cc_matViewProj;\n  mat4 cc_matViewProjInv;\n  vec4 cc_cameraPos;\n  vec4 cc_time;\n  mediump vec4 cc_screenSize;\n  mediump vec4 cc_screenScale;\n};\nuniform CCLocal {\n  mat4 cc_matWorld;\n  mat4 cc_matWorldIT;\n};\nin vec3 a_position;\nin lowp vec4 a_color;\nin mediump vec2 a_uv0;\nout mediump vec2 v_uv0;\nout lowp vec4 v_color;\nvoid main () {\n  mat4 mvp;\n  mvp = cc_matViewProj;\n  v_uv0 = a_uv0;\n  v_color = a_color;\n  gl_Position = mvp * vec4(a_position, 1);\n}","frag":"\nprecision highp float;\nuniform sampler2D texture;\nuniform sampler2D texture2;\nin mediump vec2 v_uv0;\nuniform Time {\n  float time;\n};\nin lowp vec4 v_color;\nvoid main () {\n  vec4 c = v_color * texture2D(texture, v_uv0) * texture2D(texture2, v_uv0);\n  gl_FragColor = c;\n  float temp = v_uv0.x - time;\n  if (temp <= 0.0) {\n      float temp2 = abs(temp);\n      if (temp2 <= 0.2) {\n          gl_FragColor.a *= 1.0 - temp2/0.2;\n      } else {\n          gl_FragColor.a = 0.0;\n      }\n  }\n}"},"glsl1":{"vert":"\nprecision highp float;\nuniform mat4 cc_matViewProj;\nattribute vec3 a_position;\nattribute lowp vec4 a_color;\nattribute mediump vec2 a_uv0;\nvarying mediump vec2 v_uv0;\nvarying lowp vec4 v_color;\nvoid main () {\n  mat4 mvp;\n  mvp = cc_matViewProj;\n  v_uv0 = a_uv0;\n  v_color = a_color;\n  gl_Position = mvp * vec4(a_position, 1);\n}","frag":"\nprecision highp float;\nuniform sampler2D texture;\nuniform sampler2D texture2;\nvarying mediump vec2 v_uv0;\nuniform float time;\nvarying lowp vec4 v_color;\nvoid main () {\n  vec4 c = v_color * texture2D(texture, v_uv0) * texture2D(texture2, v_uv0);\n  gl_FragColor = c;\n  float temp = v_uv0.x - time;\n  if (temp <= 0.0) {\n      float temp2 = abs(temp);\n      if (temp2 <= 0.2) {\n          gl_FragColor.a *= 1.0 - temp2/0.2;\n      } else {\n          gl_FragColor.a = 0.0;\n      }\n  }\n}"},"builtins":{"globals":{"blocks":[{"name":"CCGlobal","defines":[]}],"samplers":[]},"locals":{"blocks":[{"name":"CCLocal","defines":[]}],"samplers":[]}},"defines":[],"blocks":[{"name":"Time","members":[{"name":"time","type":13,"count":1}],"defines":[],"binding":0}],"samplers":[{"name":"texture","type":29,"count":1,"defines":[],"binding":30},{"name":"texture2","type":29,"count":1,"defines":[],"binding":31}],"record":null,"name":"custom_material|vs|fs"}]}