{"__type__":"cc.TiledMapAsset","_name":"perspective_walls","tmxXmlStr":"<?xml version=\"1.0\" encoding=\"UTF-8\"?>\r\n<map version=\"1.0\" orientation=\"orthogonal\" width=\"32\" height=\"32\" tilewidth=\"31\" tileheight=\"31\">\r\n <tileset firstgid=\"1\" source=\"perspective_walls.tsx\"/>\r\n <layer name=\"Walls\" width=\"32\" height=\"32\">\r\n  <data encoding=\"base64\" compression=\"zlib\">\r\n   eJztlOkKgCAQhLfb7vd/24SUBqMMNevHfDB4LczusihCCCHkTzRay4XaDP7rxf1882ZpzBqTp/Wo4c7ulRy96LUKRx3EFYF5+GpESpA9V845pT/Oxijn+luIw36k8vf1Rpk1xPepx9vczV+O3GL6n4JJ9vkSOf8/Qwb/r+vHP8ZVzFwTQshf2AA5owLB\r\n  </data>\r\n </layer>\r\n <layer name=\"Walls level 2\" width=\"32\" height=\"32\">\r\n  <data encoding=\"base64\" compression=\"zlib\">\r\n   eJztzgEJAAAIA7CD/Tsb4yJbgiUA8MO0AwAAhy0rhAAE\r\n  </data>\r\n </layer>\r\n <layer name=\"Walls level 3\" width=\"32\" height=\"32\">\r\n  <data encoding=\"base64\" compression=\"zlib\">\r\n   eJztzjENAAAIA7Al+PeMgz0cPK2CJgBwN98BAACqBS0QAAQ=\r\n  </data>\r\n </layer>\r\n</map>\r\n","textures":[{"__uuid__":"057JjW/apFoLvaYuCUImuB"}],"textureNames":["perspective_walls.png"],"textureSizes":[{"__type__":"cc.Size","width":256,"height":256}],"tsxFiles":[{"__uuid__":"fcw5TIwEpP+YA3i9DBGb5f"}],"tsxFileNames":["perspective_walls.tsx"]}