[{"__type__":"cc.SceneAsset","_name":"mesh","scene":{"__id__":1},"asyncLoadAssets":null},{"__type__":"cc.Scene","_name":"New Node","_children":[{"__id__":2}],"_active":false,"_anchorPoint":{"__type__":"cc.Vec2"},"_trs":{"__type__":"TypedArray","ctor":"Float64Array","array":[0,0,0,0,0,0,1,1,1,1]},"autoReleaseAssets":false},{"__type__":"cc.Node","_name":"Canvas","_parent":{"__id__":1},"_children":[{"__id__":3},{"__id__":4},{"__id__":7}],"_components":[{"__type__":"cc.Canvas","node":{"__id__":2}},{"__type__":"cc.Widget","node":{"__id__":2},"_alignFlags":45}],"_contentSize":{"__type__":"cc.Size","width":960,"height":640},"_trs":{"__type__":"TypedArray","ctor":"Float64Array","array":[480,320,0,0,0,0,0,1,1,1]},"_id":"6cIqTYu3tD6YFuJV/LoF4g"},{"__type__":"cc.Node","_name":"Main Camera","_parent":{"__id__":2},"_components":[{"__type__":"cc.Camera","node":{"__id__":3},"_clearFlags":7,"_backgroundColor":{"__type__":"cc.Color","r":56,"g":59,"b":65},"_depth":-1,"_nearClip":0.1,"_ortho":false}],"_trs":{"__type__":"TypedArray","ctor":"Float64Array","array":[0,0,279.7261962890625,0,0,0,0,1,1,1]}},{"__type__":"cc.Node","_name":"Rotate","_parent":{"__id__":2},"_children":[{"__id__":5},{"__id__":6}],"_components":[{"__type__":"b8182lpDXBKXKHB4KDgd7AY","node":{"__id__":4}}],"_trs":{"__type__":"TypedArray","ctor":"Float64Array","array":[0,0,0,0,0,0,0,1,1,1]},"_is3DNode":true},{"__type__":"cc.Node","_name":"mesh","_parent":{"__id__":4},"_components":[{"__type__":"85b7cwUbltFwab1+S5HCilZ","node":{"__id__":5}},{"__type__":"cc.MeshRenderer","node":{"__id__":5},"_materials":[{"__uuid__":"2aKWBXJHxKHLvrBUi2yYZQ"}]}],"_trs":{"__type__":"TypedArray","ctor":"Float64Array","array":[-150,0,0,0,0,0,0,1,1,1]},"_eulerAngles":{"__type__":"cc.Vec3","x":45.00000000000001},"_is3DNode":true},{"__type__":"cc.Node","_name":"mesh copy","_parent":{"__id__":4},"_components":[{"__type__":"85b7cwUbltFwab1+S5HCilZ","node":{"__id__":6}},{"__type__":"cc.MeshRenderer","node":{"__id__":6},"_materials":[{"__uuid__":"2aKWBXJHxKHLvrBUi2yYZQ"}]}],"_trs":{"__type__":"TypedArray","ctor":"Float64Array","array":[150,0,0,0,0,0,0,1,1,1]},"_eulerAngles":{"__type__":"cc.Vec3","x":45.00000000000001},"_is3DNode":true},{"__type__":"cc.Node","_name":"3d-support-info","_parent":{"__id__":2},"_components":[{"__type__":"cc.Label","node":{"__id__":7},"_materials":[{"__uuid__":"ecpdLyjvZBwrvm+cedCcQy"}],"_useOriginalSize":false,"_string":"本测试例不支持当前平台","_N$string":"本测试例不支持当前平台","_N$horizontalAlign":1,"_N$verticalAlign":1},{"__type__":"aa6e94UfYREzbFN94D3Gupk","node":{"__id__":7},"displayNode":{"__id__":4}}],"_prefab":{"__type__":"cc.PrefabInfo","root":{"__id__":7},"asset":{"__uuid__":"f8NIQiAltFGIgLtqVpRezo"},"fileId":"0eaDa495tBAJWubgr0rUFE"},"_contentSize":{"__type__":"cc.Size","width":440,"height":50.4},"_trs":{"__type__":"TypedArray","ctor":"Float64Array","array":[0,0,0,0,0,0,0,1,1,1]}}]