[{"__type__":"cc.Prefab","_name":"model","data":{"__id__":1}},{"__type__":"cc.Node","_name":"RootNode","_children":[{"__id__":2},{"__id__":54},{"__id__":55}],"_components":[{"__type__":"cc.SkeletonAnimation","node":{"__id__":1},"_model":{"__uuid__":"d36hX7PClNloySVmJ+8G8S"}}],"_prefab":{"__type__":"cc.PrefabInfo","root":{"__id__":1},"asset":{"__id__":0},"fileId":"d3ea15fb-3c29-4d96-8c92-56627ef06f12"},"_trs":{"__type__":"TypedArray","ctor":"Float64Array","array":[0,0,0,0,0,0,1,300,300,300]},"_is3DNode":true},{"__type__":"cc.Node","_name":"mixamorig:Hips","_parent":{"__id__":1},"_children":[{"__id__":3},{"__id__":46},{"__id__":50}],"_prefab":{"__type__":"cc.PrefabInfo","root":{"__id__":1},"asset":{"__id__":0},"fileId":"mixamorig:Hips"},"_trs":{"__type__":"TypedArray","ctor":"Float64Array","array":[-8.67166070999444e-21,1.039914727211,0.020760765299201,0,0,0,1,1,1,1]},"_is3DNode":true},{"__type__":"cc.Node","_name":"mixamorig:Spine","_parent":{"__id__":2},"_children":[{"__id__":4}],"_prefab":{"__type__":"cc.PrefabInfo","root":{"__id__":1},"asset":{"__id__":0},"fileId":"mixamorig:Hips/mixamorig:Spine"},"_trs":{"__type__":"TypedArray","ctor":"Float64Array","array":[9.23415228726299e-8,0.10181587934494,0.00131520919967443,0,0,0,1,1,1,1]},"_is3DNode":true},{"__type__":"cc.Node","_name":"mixamorig:Spine1","_parent":{"__id__":3},"_children":[{"__id__":5}],"_prefab":{"__type__":"cc.PrefabInfo","root":{"__id__":1},"asset":{"__id__":0},"fileId":"mixamorig:Hips/mixamorig:Spine/mixamorig:Spine1"},"_trs":{"__type__":"TypedArray","ctor":"Float64Array","array":[2.51940290851849e-9,0.100834511220455,-0.010008042678237,0,0,0,1,1,1,1]},"_is3DNode":true},{"__type__":"cc.Node","_name":"mixamorig:Spine2","_parent":{"__id__":4},"_children":[{"__id__":6},{"__id__":8},{"__id__":27}],"_prefab":{"__type__":"cc.PrefabInfo","root":{"__id__":1},"asset":{"__id__":0},"fileId":"mixamorig:Hips/mixamorig:Spine/mixamorig:Spine1/mixamorig:Spine2"},"_trs":{"__type__":"TypedArray","ctor":"Float64Array","array":[3.45748629726472e-9,0.091000109910965,-0.013734171167016,0,0,0,1,1,1,1]},"_is3DNode":true},{"__type__":"cc.Node","_name":"mixamorig:Neck","_parent":{"__id__":5},"_children":[{"__id__":7}],"_prefab":{"__type__":"cc.PrefabInfo","root":{"__id__":1},"asset":{"__id__":0},"fileId":"mixamorig:Hips/mixamorig:Spine/mixamorig:Spine1/mixamorig:Spine2/mixamorig:Neck"},"_trs":{"__type__":"TypedArray","ctor":"Float64Array","array":[6.33428554053239e-9,0.166716679930687,-0.0251616779714823,0,0,0,1,1,1,1]},"_is3DNode":true},{"__type__":"cc.Node","_name":"mixamorig:Head","_parent":{"__id__":6},"_children":[{"__type__":"cc.Node","_name":"mixamorig:HeadTop_End","_parent":{"__id__":7},"_prefab":{"__type__":"cc.PrefabInfo","root":{"__id__":1},"asset":{"__id__":0},"fileId":"mixamorig:Hips/mixamorig:Spine/mixamorig:Spine1/mixamorig:Spine2/mixamorig:Neck/mixamorig:Head/mixamorig:HeadTop_End"},"_trs":{"__type__":"TypedArray","ctor":"Float64Array","array":[-6.5082415012796e-9,0.178151547908783,0.0258498545736074,0,0,0,1,1,1,1]},"_is3DNode":true},{"__type__":"cc.Node","_name":"mixamorig:LeftEye","_parent":{"__id__":7},"_prefab":{"__type__":"cc.PrefabInfo","root":{"__id__":1},"asset":{"__id__":0},"fileId":"mixamorig:Hips/mixamorig:Spine/mixamorig:Spine1/mixamorig:Spine2/mixamorig:Neck/mixamorig:Head/mixamorig:LeftEye"},"_trs":{"__type__":"TypedArray","ctor":"Float64Array","array":[0.0306756068021059,0.0640950724482536,0.0928355380892754,0,0,0,1,1,1,1]},"_is3DNode":true},{"__type__":"cc.Node","_name":"mixamorig:RightEye","_parent":{"__id__":7},"_prefab":{"__type__":"cc.PrefabInfo","root":{"__id__":1},"asset":{"__id__":0},"fileId":"mixamorig:Hips/mixamorig:Spine/mixamorig:Spine1/mixamorig:Spine2/mixamorig:Neck/mixamorig:Head/mixamorig:RightEye"},"_trs":{"__type__":"TypedArray","ctor":"Float64Array","array":[-0.0306755043566227,0.0640949979424477,0.09283547103405,0,0,0,1,1,1,1]},"_is3DNode":true}],"_prefab":{"__type__":"cc.PrefabInfo","root":{"__id__":1},"asset":{"__id__":0},"fileId":"mixamorig:Hips/mixamorig:Spine/mixamorig:Spine1/mixamorig:Spine2/mixamorig:Neck/mixamorig:Head"},"_trs":{"__type__":"TypedArray","ctor":"Float64Array","array":[-4.24231849649459e-9,0.0961787477135658,0.0168500747531652,0,0,0,1,1,1,1]},"_is3DNode":true},{"__type__":"cc.Node","_name":"mixamorig:LeftShoulder","_parent":{"__id__":5},"_children":[{"__id__":9}],"_prefab":{"__type__":"cc.PrefabInfo","root":{"__id__":1},"asset":{"__id__":0},"fileId":"mixamorig:Hips/mixamorig:Spine/mixamorig:Spine1/mixamorig:Spine2/mixamorig:LeftShoulder"},"_trs":{"__type__":"TypedArray","ctor":"Float64Array","array":[0.0457044653594494,0.109459847211838,-0.0262798797339201,0,0,0,1,1,1,1]},"_is3DNode":true},{"__type__":"cc.Node","_name":"mixamorig:LeftArm","_parent":{"__id__":8},"_children":[{"__id__":10}],"_prefab":{"__type__":"cc.PrefabInfo","root":{"__id__":1},"asset":{"__id__":0},"fileId":"mixamorig:Hips/mixamorig:Spine/mixamorig:Spine1/mixamorig:Spine2/mixamorig:LeftShoulder/mixamorig:LeftArm"},"_trs":{"__type__":"TypedArray","ctor":"Float64Array","array":[0.105923697352409,-0.00524582900106907,-0.0223211999982595,0,0,0,1,1,1,1]},"_is3DNode":true},{"__type__":"cc.Node","_name":"mixamorig:LeftForeArm","_parent":{"__id__":9},"_children":[{"__id__":11}],"_prefab":{"__type__":"cc.PrefabInfo","root":{"__id__":1},"asset":{"__id__":0},"fileId":"mixamorig:Hips/mixamorig:Spine/mixamorig:Spine1/mixamorig:Spine2/mixamorig:LeftShoulder/mixamorig:LeftArm/mixamorig:LeftForeArm"},"_trs":{"__type__":"TypedArray","ctor":"Float64Array","array":[0.278415203094482,-8.94286472430394e-7,3.74589092189126e-7,0,0,0,1,1,1,1]},"_is3DNode":true},{"__type__":"cc.Node","_name":"mixamorig:LeftHand","_parent":{"__id__":10},"_children":[{"__id__":12},{"__id__":15},{"__id__":18},{"__id__":21},{"__id__":24}],"_prefab":{"__type__":"cc.PrefabInfo","root":{"__id__":1},"asset":{"__id__":0},"fileId":"mixamorig:Hips/mixamorig:Spine/mixamorig:Spine1/mixamorig:Spine2/mixamorig:LeftShoulder/mixamorig:LeftArm/mixamorig:LeftForeArm/mixamorig:LeftHand"},"_trs":{"__type__":"TypedArray","ctor":"Float64Array","array":[0.283288389444351,-1.74407176700697e-7,3.78045228899282e-7,0,0,0,1,1,1,1]},"_is3DNode":true},{"__type__":"cc.Node","_name":"mixamorig:LeftHandThumb1","_parent":{"__id__":11},"_children":[{"__id__":13}],"_prefab":{"__type__":"cc.PrefabInfo","root":{"__id__":1},"asset":{"__id__":0},"fileId":"mixamorig:Hips/mixamorig:Spine/mixamorig:Spine1/mixamorig:Spine2/mixamorig:LeftShoulder/mixamorig:LeftArm/mixamorig:LeftForeArm/mixamorig:LeftHand/mixamorig:LeftHandThumb1"},"_trs":{"__type__":"TypedArray","ctor":"Float64Array","array":[0.0246614012867212,-0.0157504919916391,0.0268241353332996,0,0,0,1,1,1,1]},"_is3DNode":true},{"__type__":"cc.Node","_name":"mixamorig:LeftHandThumb2","_parent":{"__id__":12},"_children":[{"__id__":14}],"_prefab":{"__type__":"cc.PrefabInfo","root":{"__id__":1},"asset":{"__id__":0},"fileId":"mixamorig:Hips/mixamorig:Spine/mixamorig:Spine1/mixamorig:Spine2/mixamorig:LeftShoulder/mixamorig:LeftArm/mixamorig:LeftForeArm/mixamorig:LeftHand/mixamorig:LeftHandThumb1/mixamorig:LeftHandThumb2"},"_trs":{"__type__":"TypedArray","ctor":"Float64Array","array":[0.0322980359196663,-0.0186469070613384,0.0186468120664358,0,0,0,1,1,1,1]},"_is3DNode":true},{"__type__":"cc.Node","_name":"mixamorig:LeftHandThumb3","_parent":{"__id__":13},"_children":[{"__type__":"cc.Node","_name":"mixamorig:LeftHandThumb4","_parent":{"__id__":14},"_prefab":{"__type__":"cc.PrefabInfo","root":{"__id__":1},"asset":{"__id__":0},"fileId":"mixamorig:Hips/mixamorig:Spine/mixamorig:Spine1/mixamorig:Spine2/mixamorig:LeftShoulder/mixamorig:LeftArm/mixamorig:LeftForeArm/mixamorig:LeftHand/mixamorig:LeftHandThumb1/mixamorig:LeftHandThumb2/mixamorig:LeftHandThumb3/mixamorig:LeftHandThumb4"},"_trs":{"__type__":"TypedArray","ctor":"Float64Array","array":[0.0195456687361002,-0.0112850004807115,0.0112849213182926,0,0,0,1,1,1,1]},"_is3DNode":true}],"_prefab":{"__type__":"cc.PrefabInfo","root":{"__id__":1},"asset":{"__id__":0},"fileId":"mixamorig:Hips/mixamorig:Spine/mixamorig:Spine1/mixamorig:Spine2/mixamorig:LeftShoulder/mixamorig:LeftArm/mixamorig:LeftForeArm/mixamorig:LeftHand/mixamorig:LeftHandThumb1/mixamorig:LeftHandThumb2/mixamorig:LeftHandThumb3"},"_trs":{"__type__":"TypedArray","ctor":"Float64Array","array":[0.0265256501734257,-0.0153149291872978,0.0153147159144282,0,0,0,1,1,1,1]},"_is3DNode":true},{"__type__":"cc.Node","_name":"mixamorig:LeftHandIndex1","_parent":{"__id__":11},"_children":[{"__id__":16}],"_prefab":{"__type__":"cc.PrefabInfo","root":{"__id__":1},"asset":{"__id__":0},"fileId":"mixamorig:Hips/mixamorig:Spine/mixamorig:Spine1/mixamorig:Spine2/mixamorig:LeftShoulder/mixamorig:LeftArm/mixamorig:LeftForeArm/mixamorig:LeftHand/mixamorig:LeftHandIndex1"},"_trs":{"__type__":"TypedArray","ctor":"Float64Array","array":[0.091093011200428,-0.00517083378508687,0.0226007308810949,0,0,0,1,1,1,1]},"_is3DNode":true},{"__type__":"cc.Node","_name":"mixamorig:LeftHandIndex2","_parent":{"__id__":15},"_children":[{"__id__":17}],"_prefab":{"__type__":"cc.PrefabInfo","root":{"__id__":1},"asset":{"__id__":0},"fileId":"mixamorig:Hips/mixamorig:Spine/mixamorig:Spine1/mixamorig:Spine2/mixamorig:LeftShoulder/mixamorig:LeftArm/mixamorig:LeftForeArm/mixamorig:LeftHand/mixamorig:LeftHandIndex1/mixamorig:LeftHandIndex2"},"_trs":{"__type__":"TypedArray","ctor":"Float64Array","array":[0.0367640927433968,-6.93913833060833e-8,2.92425170300703e-7,0,0,0,1,1,1,1]},"_is3DNode":true},{"__type__":"cc.Node","_name":"mixamorig:LeftHandIndex3","_parent":{"__id__":16},"_children":[{"__type__":"cc.Node","_name":"mixamorig:LeftHandIndex4","_parent":{"__id__":17},"_prefab":{"__type__":"cc.PrefabInfo","root":{"__id__":1},"asset":{"__id__":0},"fileId":"mixamorig:Hips/mixamorig:Spine/mixamorig:Spine1/mixamorig:Spine2/mixamorig:LeftShoulder/mixamorig:LeftArm/mixamorig:LeftForeArm/mixamorig:LeftHand/mixamorig:LeftHandIndex1/mixamorig:LeftHandIndex2/mixamorig:LeftHandIndex3/mixamorig:LeftHandIndex4"},"_trs":{"__type__":"TypedArray","ctor":"Float64Array","array":[0.0239271987229586,3.70259073179113e-7,3.35544342533467e-7,0,0,0,1,1,1,1]},"_is3DNode":true}],"_prefab":{"__type__":"cc.PrefabInfo","root":{"__id__":1},"asset":{"__id__":0},"fileId":"mixamorig:Hips/mixamorig:Spine/mixamorig:Spine1/mixamorig:Spine2/mixamorig:LeftShoulder/mixamorig:LeftArm/mixamorig:LeftForeArm/mixamorig:LeftHand/mixamorig:LeftHandIndex1/mixamorig:LeftHandIndex2/mixamorig:LeftHandIndex3"},"_trs":{"__type__":"TypedArray","ctor":"Float64Array","array":[0.0288306251168251,3.85119676593604e-7,-4.27648160439276e-7,0,0,0,1,1,1,1]},"_is3DNode":true},{"__type__":"cc.Node","_name":"mixamorig:LeftHandMiddle1","_parent":{"__id__":11},"_children":[{"__id__":19}],"_prefab":{"__type__":"cc.PrefabInfo","root":{"__id__":1},"asset":{"__id__":0},"fileId":"mixamorig:Hips/mixamorig:Spine/mixamorig:Spine1/mixamorig:Spine2/mixamorig:LeftShoulder/mixamorig:LeftArm/mixamorig:LeftForeArm/mixamorig:LeftHand/mixamorig:LeftHandMiddle1"},"_trs":{"__type__":"TypedArray","ctor":"Float64Array","array":[0.0953340157866478,-3.39240472158053e-7,1.39370257556948e-7,0,0,0,1,1,1,1]},"_is3DNode":true},{"__type__":"cc.Node","_name":"mixamorig:LeftHandMiddle2","_parent":{"__id__":18},"_children":[{"__id__":20}],"_prefab":{"__type__":"cc.PrefabInfo","root":{"__id__":1},"asset":{"__id__":0},"fileId":"mixamorig:Hips/mixamorig:Spine/mixamorig:Spine1/mixamorig:Spine2/mixamorig:LeftShoulder/mixamorig:LeftArm/mixamorig:LeftForeArm/mixamorig:LeftHand/mixamorig:LeftHandMiddle1/mixamorig:LeftHandMiddle2"},"_trs":{"__type__":"TypedArray","ctor":"Float64Array","array":[0.0369823649525642,1.96135907515327e-8,1.79169674652258e-7,0,0,0,1,1,1,1]},"_is3DNode":true},{"__type__":"cc.Node","_name":"mixamorig:LeftHandMiddle3","_parent":{"__id__":19},"_children":[{"__type__":"cc.Node","_name":"mixamorig:LeftHandMiddle4","_parent":{"__id__":20},"_prefab":{"__type__":"cc.PrefabInfo","root":{"__id__":1},"asset":{"__id__":0},"fileId":"mixamorig:Hips/mixamorig:Spine/mixamorig:Spine1/mixamorig:Spine2/mixamorig:LeftShoulder/mixamorig:LeftArm/mixamorig:LeftForeArm/mixamorig:LeftHand/mixamorig:LeftHandMiddle1/mixamorig:LeftHandMiddle2/mixamorig:LeftHandMiddle3/mixamorig:LeftHandMiddle4"},"_trs":{"__type__":"TypedArray","ctor":"Float64Array","array":[0.0283390246331692,-3.8934820167924e-7,-9.50422318624078e-8,0,0,0,1,1,1,1]},"_is3DNode":true}],"_prefab":{"__type__":"cc.PrefabInfo","root":{"__id__":1},"asset":{"__id__":0},"fileId":"mixamorig:Hips/mixamorig:Spine/mixamorig:Spine1/mixamorig:Spine2/mixamorig:LeftShoulder/mixamorig:LeftArm/mixamorig:LeftForeArm/mixamorig:LeftHand/mixamorig:LeftHandMiddle1/mixamorig:LeftHandMiddle2/mixamorig:LeftHandMiddle3"},"_trs":{"__type__":"TypedArray","ctor":"Float64Array","array":[0.0295092146843672,-3.93760842598567e-7,1.64479601494349e-7,0,0,0,1,1,1,1]},"_is3DNode":true},{"__type__":"cc.Node","_name":"mixamorig:LeftHandRing1","_parent":{"__id__":11},"_children":[{"__id__":22}],"_prefab":{"__type__":"cc.PrefabInfo","root":{"__id__":1},"asset":{"__id__":0},"fileId":"mixamorig:Hips/mixamorig:Spine/mixamorig:Spine1/mixamorig:Spine2/mixamorig:LeftShoulder/mixamorig:LeftArm/mixamorig:LeftForeArm/mixamorig:LeftHand/mixamorig:LeftHandRing1"},"_trs":{"__type__":"TypedArray","ctor":"Float64Array","array":[0.0910452753305435,-0.000439395051216707,-0.018650846555829,0,0,0,1,1,1,1]},"_is3DNode":true},{"__type__":"cc.Node","_name":"mixamorig:LeftHandRing2","_parent":{"__id__":21},"_children":[{"__id__":23}],"_prefab":{"__type__":"cc.PrefabInfo","root":{"__id__":1},"asset":{"__id__":0},"fileId":"mixamorig:Hips/mixamorig:Spine/mixamorig:Spine1/mixamorig:Spine2/mixamorig:LeftShoulder/mixamorig:LeftArm/mixamorig:LeftForeArm/mixamorig:LeftHand/mixamorig:LeftHandRing1/mixamorig:LeftHandRing2"},"_trs":{"__type__":"TypedArray","ctor":"Float64Array","array":[0.0315402671694756,-6.55346781286426e-8,1.04257438238164e-7,0,0,0,1,1,1,1]},"_is3DNode":true},{"__type__":"cc.Node","_name":"mixamorig:LeftHandRing3","_parent":{"__id__":22},"_children":[{"__type__":"cc.Node","_name":"mixamorig:LeftHandRing4","_parent":{"__id__":23},"_prefab":{"__type__":"cc.PrefabInfo","root":{"__id__":1},"asset":{"__id__":0},"fileId":"mixamorig:Hips/mixamorig:Spine/mixamorig:Spine1/mixamorig:Spine2/mixamorig:LeftShoulder/mixamorig:LeftArm/mixamorig:LeftForeArm/mixamorig:LeftHand/mixamorig:LeftHandRing1/mixamorig:LeftHandRing2/mixamorig:LeftHandRing3/mixamorig:LeftHandRing4"},"_trs":{"__type__":"TypedArray","ctor":"Float64Array","array":[0.0264745261520147,-4.98044130381459e-7,7.07051528436864e-10,0,0,0,1,1,1,1]},"_is3DNode":true}],"_prefab":{"__type__":"cc.PrefabInfo","root":{"__id__":1},"asset":{"__id__":0},"fileId":"mixamorig:Hips/mixamorig:Spine/mixamorig:Spine1/mixamorig:Spine2/mixamorig:LeftShoulder/mixamorig:LeftArm/mixamorig:LeftForeArm/mixamorig:LeftHand/mixamorig:LeftHandRing1/mixamorig:LeftHandRing2/mixamorig:LeftHandRing3"},"_trs":{"__type__":"TypedArray","ctor":"Float64Array","array":[0.0293767228722572,-4.54586171372284e-7,-6.86475729594349e-8,0,0,0,1,1,1,1]},"_is3DNode":true},{"__type__":"cc.Node","_name":"mixamorig:LeftHandPinky1","_parent":{"__id__":11},"_children":[{"__id__":25}],"_prefab":{"__type__":"cc.PrefabInfo","root":{"__id__":1},"asset":{"__id__":0},"fileId":"mixamorig:Hips/mixamorig:Spine/mixamorig:Spine1/mixamorig:Spine2/mixamorig:LeftShoulder/mixamorig:LeftArm/mixamorig:LeftForeArm/mixamorig:LeftHand/mixamorig:LeftHandPinky1"},"_trs":{"__type__":"TypedArray","ctor":"Float64Array","array":[0.0807777792215347,-0.00488668214529753,-0.0380606688559055,0,0,0,1,1,1,1]},"_is3DNode":true},{"__type__":"cc.Node","_name":"mixamorig:LeftHandPinky2","_parent":{"__id__":24},"_children":[{"__id__":26}],"_prefab":{"__type__":"cc.PrefabInfo","root":{"__id__":1},"asset":{"__id__":0},"fileId":"mixamorig:Hips/mixamorig:Spine/mixamorig:Spine1/mixamorig:Spine2/mixamorig:LeftShoulder/mixamorig:LeftArm/mixamorig:LeftForeArm/mixamorig:LeftHand/mixamorig:LeftHandPinky1/mixamorig:LeftHandPinky2"},"_trs":{"__type__":"TypedArray","ctor":"Float64Array","array":[0.036000344902277,-2.25221512550888e-8,-2.62387942484565e-7,0,0,0,1,1,1,1]},"_is3DNode":true},{"__type__":"cc.Node","_name":"mixamorig:LeftHandPinky3","_parent":{"__id__":25},"_children":[{"__type__":"cc.Node","_name":"mixamorig:LeftHandPinky4","_parent":{"__id__":26},"_prefab":{"__type__":"cc.PrefabInfo","root":{"__id__":1},"asset":{"__id__":0},"fileId":"mixamorig:Hips/mixamorig:Spine/mixamorig:Spine1/mixamorig:Spine2/mixamorig:LeftShoulder/mixamorig:LeftArm/mixamorig:LeftForeArm/mixamorig:LeftHand/mixamorig:LeftHandPinky1/mixamorig:LeftHandPinky2/mixamorig:LeftHandPinky3/mixamorig:LeftHandPinky4"},"_trs":{"__type__":"TypedArray","ctor":"Float64Array","array":[0.0197568256407976,1.24056569461573e-7,-4.4301404500402e-7,0,0,0,1,1,1,1]},"_is3DNode":true}],"_prefab":{"__type__":"cc.PrefabInfo","root":{"__id__":1},"asset":{"__id__":0},"fileId":"mixamorig:Hips/mixamorig:Spine/mixamorig:Spine1/mixamorig:Spine2/mixamorig:LeftShoulder/mixamorig:LeftArm/mixamorig:LeftForeArm/mixamorig:LeftHand/mixamorig:LeftHandPinky1/mixamorig:LeftHandPinky2/mixamorig:LeftHandPinky3"},"_trs":{"__type__":"TypedArray","ctor":"Float64Array","array":[0.021142115816474,1.95382810375122e-7,-2.86441501629042e-8,0,0,0,1,1,1,1]},"_is3DNode":true},{"__type__":"cc.Node","_name":"mixamorig:RightShoulder","_parent":{"__id__":5},"_children":[{"__id__":28}],"_prefab":{"__type__":"cc.PrefabInfo","root":{"__id__":1},"asset":{"__id__":0},"fileId":"mixamorig:Hips/mixamorig:Spine/mixamorig:Spine1/mixamorig:Spine2/mixamorig:RightShoulder"},"_trs":{"__type__":"TypedArray","ctor":"Float64Array","array":[-0.0456996969878674,0.109461762011051,-0.0262801740318537,0,0,0,1,1,1,1]},"_is3DNode":true},{"__type__":"cc.Node","_name":"mixamorig:RightArm","_parent":{"__id__":27},"_children":[{"__id__":29}],"_prefab":{"__type__":"cc.PrefabInfo","root":{"__id__":1},"asset":{"__id__":0},"fileId":"mixamorig:Hips/mixamorig:Spine/mixamorig:Spine1/mixamorig:Spine2/mixamorig:RightShoulder/mixamorig:RightArm"},"_trs":{"__type__":"TypedArray","ctor":"Float64Array","array":[-0.105928435921669,-0.00524798361584544,-0.0223209857940674,0,0,0,1,1,1,1]},"_is3DNode":true},{"__type__":"cc.Node","_name":"mixamorig:RightForeArm","_parent":{"__id__":28},"_children":[{"__id__":30}],"_prefab":{"__type__":"cc.PrefabInfo","root":{"__id__":1},"asset":{"__id__":0},"fileId":"mixamorig:Hips/mixamorig:Spine/mixamorig:Spine1/mixamorig:Spine2/mixamorig:RightShoulder/mixamorig:RightArm/mixamorig:RightForeArm"},"_trs":{"__type__":"TypedArray","ctor":"Float64Array","array":[-0.278415203094482,-3.30792175873285e-7,1.1676310407438e-7,0,0,0,1,1,1,1]},"_is3DNode":true},{"__type__":"cc.Node","_name":"mixamorig:RightHand","_parent":{"__id__":29},"_children":[{"__id__":31},{"__id__":34},{"__id__":37},{"__id__":40},{"__id__":43}],"_prefab":{"__type__":"cc.PrefabInfo","root":{"__id__":1},"asset":{"__id__":0},"fileId":"mixamorig:Hips/mixamorig:Spine/mixamorig:Spine1/mixamorig:Spine2/mixamorig:RightShoulder/mixamorig:RightArm/mixamorig:RightForeArm/mixamorig:RightHand"},"_trs":{"__type__":"TypedArray","ctor":"Float64Array","array":[-0.283288389444351,-1.58141710837612e-9,5.58160138552921e-7,0,0,0,1,1,1,1]},"_is3DNode":true},{"__type__":"cc.Node","_name":"mixamorig:RightHandPinky1","_parent":{"__id__":30},"_children":[{"__id__":32}],"_prefab":{"__type__":"cc.PrefabInfo","root":{"__id__":1},"asset":{"__id__":0},"fileId":"mixamorig:Hips/mixamorig:Spine/mixamorig:Spine1/mixamorig:Spine2/mixamorig:RightShoulder/mixamorig:RightArm/mixamorig:RightForeArm/mixamorig:RightHand/mixamorig:RightHandPinky1"},"_trs":{"__type__":"TypedArray","ctor":"Float64Array","array":[-0.0807667449116707,-0.00488459272310138,-0.0380601026117802,0,0,0,1,1,1,1]},"_is3DNode":true},{"__type__":"cc.Node","_name":"mixamorig:RightHandPinky2","_parent":{"__id__":31},"_children":[{"__id__":33}],"_prefab":{"__type__":"cc.PrefabInfo","root":{"__id__":1},"asset":{"__id__":0},"fileId":"mixamorig:Hips/mixamorig:Spine/mixamorig:Spine1/mixamorig:Spine2/mixamorig:RightShoulder/mixamorig:RightArm/mixamorig:RightForeArm/mixamorig:RightHand/mixamorig:RightHandPinky1/mixamorig:RightHandPinky2"},"_trs":{"__type__":"TypedArray","ctor":"Float64Array","array":[-0.036000344902277,3.9676655205767e-7,5.08144182731485e-7,0,0,0,1,1,1,1]},"_is3DNode":true},{"__type__":"cc.Node","_name":"mixamorig:RightHandPinky3","_parent":{"__id__":32},"_children":[{"__type__":"cc.Node","_name":"mixamorig:RightHandPinky4","_parent":{"__id__":33},"_prefab":{"__type__":"cc.PrefabInfo","root":{"__id__":1},"asset":{"__id__":0},"fileId":"mixamorig:Hips/mixamorig:Spine/mixamorig:Spine1/mixamorig:Spine2/mixamorig:RightShoulder/mixamorig:RightArm/mixamorig:RightForeArm/mixamorig:RightHand/mixamorig:RightHandPinky1/mixamorig:RightHandPinky2/mixamorig:RightHandPinky3/mixamorig:RightHandPinky4"},"_trs":{"__type__":"TypedArray","ctor":"Float64Array","array":[-0.0197568256407976,-1.85219576565032e-7,-9.8398409420497e-9,0,0,0,1,1,1,1]},"_is3DNode":true}],"_prefab":{"__type__":"cc.PrefabInfo","root":{"__id__":1},"asset":{"__id__":0},"fileId":"mixamorig:Hips/mixamorig:Spine/mixamorig:Spine1/mixamorig:Spine2/mixamorig:RightShoulder/mixamorig:RightArm/mixamorig:RightForeArm/mixamorig:RightHand/mixamorig:RightHandPinky1/mixamorig:RightHandPinky2/mixamorig:RightHandPinky3"},"_trs":{"__type__":"TypedArray","ctor":"Float64Array","array":[-0.021142115816474,1.51379254020867e-7,1.47937683436794e-7,0,0,0,1,1,1,1]},"_is3DNode":true},{"__type__":"cc.Node","_name":"mixamorig:RightHandRing1","_parent":{"__id__":30},"_children":[{"__id__":35}],"_prefab":{"__type__":"cc.PrefabInfo","root":{"__id__":1},"asset":{"__id__":0},"fileId":"mixamorig:Hips/mixamorig:Spine/mixamorig:Spine1/mixamorig:Spine2/mixamorig:RightShoulder/mixamorig:RightArm/mixamorig:RightForeArm/mixamorig:RightHand/mixamorig:RightHandRing1"},"_trs":{"__type__":"TypedArray","ctor":"Float64Array","array":[-0.0910358801484108,-0.000439143477706239,-0.0186507236212492,0,0,0,1,1,1,1]},"_is3DNode":true},{"__type__":"cc.Node","_name":"mixamorig:RightHandRing2","_parent":{"__id__":34},"_children":[{"__id__":36}],"_prefab":{"__type__":"cc.PrefabInfo","root":{"__id__":1},"asset":{"__id__":0},"fileId":"mixamorig:Hips/mixamorig:Spine/mixamorig:Spine1/mixamorig:Spine2/mixamorig:RightShoulder/mixamorig:RightArm/mixamorig:RightForeArm/mixamorig:RightHand/mixamorig:RightHandRing1/mixamorig:RightHandRing2"},"_trs":{"__type__":"TypedArray","ctor":"Float64Array","array":[-0.0315402671694756,2.39972962390311e-7,4.88512114316109e-7,0,0,0,1,1,1,1]},"_is3DNode":true},{"__type__":"cc.Node","_name":"mixamorig:RightHandRing3","_parent":{"__id__":35},"_children":[{"__type__":"cc.Node","_name":"mixamorig:RightHandRing4","_parent":{"__id__":36},"_prefab":{"__type__":"cc.PrefabInfo","root":{"__id__":1},"asset":{"__id__":0},"fileId":"mixamorig:Hips/mixamorig:Spine/mixamorig:Spine1/mixamorig:Spine2/mixamorig:RightShoulder/mixamorig:RightArm/mixamorig:RightForeArm/mixamorig:RightHand/mixamorig:RightHandRing1/mixamorig:RightHandRing2/mixamorig:RightHandRing3/mixamorig:RightHandRing4"},"_trs":{"__type__":"TypedArray","ctor":"Float64Array","array":[-0.0264745261520147,2.46082123567248e-7,-2.29492336245585e-8,0,0,0,1,1,1,1]},"_is3DNode":true}],"_prefab":{"__type__":"cc.PrefabInfo","root":{"__id__":1},"asset":{"__id__":0},"fileId":"mixamorig:Hips/mixamorig:Spine/mixamorig:Spine1/mixamorig:Spine2/mixamorig:RightShoulder/mixamorig:RightArm/mixamorig:RightForeArm/mixamorig:RightHand/mixamorig:RightHandRing1/mixamorig:RightHandRing2/mixamorig:RightHandRing3"},"_trs":{"__type__":"TypedArray","ctor":"Float64Array","array":[-0.0293767228722572,-4.16006542991454e-7,-3.96606338881611e-7,0,0,0,1,1,1,1]},"_is3DNode":true},{"__type__":"cc.Node","_name":"mixamorig:RightHandMiddle1","_parent":{"__id__":30},"_children":[{"__id__":38}],"_prefab":{"__type__":"cc.PrefabInfo","root":{"__id__":1},"asset":{"__id__":0},"fileId":"mixamorig:Hips/mixamorig:Spine/mixamorig:Spine1/mixamorig:Spine2/mixamorig:RightShoulder/mixamorig:RightArm/mixamorig:RightForeArm/mixamorig:RightHand/mixamorig:RightHandMiddle1"},"_trs":{"__type__":"TypedArray","ctor":"Float64Array","array":[-0.0953250303864479,-1.63123019092382e-7,1.67918415172608e-7,0,0,0,1,1,1,1]},"_is3DNode":true},{"__type__":"cc.Node","_name":"mixamorig:RightHandMiddle2","_parent":{"__id__":37},"_children":[{"__id__":39}],"_prefab":{"__type__":"cc.PrefabInfo","root":{"__id__":1},"asset":{"__id__":0},"fileId":"mixamorig:Hips/mixamorig:Spine/mixamorig:Spine1/mixamorig:Spine2/mixamorig:RightShoulder/mixamorig:RightArm/mixamorig:RightForeArm/mixamorig:RightHand/mixamorig:RightHandMiddle1/mixamorig:RightHandMiddle2"},"_trs":{"__type__":"TypedArray","ctor":"Float64Array","array":[-0.0369823649525642,1.50669592358099e-7,-2.25455238478389e-7,0,0,0,1,1,1,1]},"_is3DNode":true},{"__type__":"cc.Node","_name":"mixamorig:RightHandMiddle3","_parent":{"__id__":38},"_children":[{"__type__":"cc.Node","_name":"mixamorig:RightHandMiddle4","_parent":{"__id__":39},"_prefab":{"__type__":"cc.PrefabInfo","root":{"__id__":1},"asset":{"__id__":0},"fileId":"mixamorig:Hips/mixamorig:Spine/mixamorig:Spine1/mixamorig:Spine2/mixamorig:RightShoulder/mixamorig:RightArm/mixamorig:RightForeArm/mixamorig:RightHand/mixamorig:RightHandMiddle1/mixamorig:RightHandMiddle2/mixamorig:RightHandMiddle3/mixamorig:RightHandMiddle4"},"_trs":{"__type__":"TypedArray","ctor":"Float64Array","array":[-0.0283390246331692,8.05324091857074e-8,5.37877042461332e-7,0,0,0,1,1,1,1]},"_is3DNode":true}],"_prefab":{"__type__":"cc.PrefabInfo","root":{"__id__":1},"asset":{"__id__":0},"fileId":"mixamorig:Hips/mixamorig:Spine/mixamorig:Spine1/mixamorig:Spine2/mixamorig:RightShoulder/mixamorig:RightArm/mixamorig:RightForeArm/mixamorig:RightHand/mixamorig:RightHandMiddle1/mixamorig:RightHandMiddle2/mixamorig:RightHandMiddle3"},"_trs":{"__type__":"TypedArray","ctor":"Float64Array","array":[-0.0295092146843672,-3.11324499513432e-9,-3.03402547530141e-9,0,0,0,1,1,1,1]},"_is3DNode":true},{"__type__":"cc.Node","_name":"mixamorig:RightHandIndex1","_parent":{"__id__":30},"_children":[{"__id__":41}],"_prefab":{"__type__":"cc.PrefabInfo","root":{"__id__":1},"asset":{"__id__":0},"fileId":"mixamorig:Hips/mixamorig:Spine/mixamorig:Spine1/mixamorig:Spine2/mixamorig:RightShoulder/mixamorig:RightArm/mixamorig:RightForeArm/mixamorig:RightHand/mixamorig:RightHandIndex1"},"_trs":{"__type__":"TypedArray","ctor":"Float64Array","array":[-0.0910828113555908,-0.00516788940876722,0.0226011630147696,0,0,0,1,1,1,1]},"_is3DNode":true},{"__type__":"cc.Node","_name":"mixamorig:RightHandIndex2","_parent":{"__id__":40},"_children":[{"__id__":42}],"_prefab":{"__type__":"cc.PrefabInfo","root":{"__id__":1},"asset":{"__id__":0},"fileId":"mixamorig:Hips/mixamorig:Spine/mixamorig:Spine1/mixamorig:Spine2/mixamorig:RightShoulder/mixamorig:RightArm/mixamorig:RightForeArm/mixamorig:RightHand/mixamorig:RightHandIndex1/mixamorig:RightHandIndex2"},"_trs":{"__type__":"TypedArray","ctor":"Float64Array","array":[-0.0367640927433968,1.92271556898049e-7,3.2355669077333e-7,0,0,0,1,1,1,1]},"_is3DNode":true},{"__type__":"cc.Node","_name":"mixamorig:RightHandIndex3","_parent":{"__id__":41},"_children":[{"__type__":"cc.Node","_name":"mixamorig:RightHandIndex4","_parent":{"__id__":42},"_prefab":{"__type__":"cc.PrefabInfo","root":{"__id__":1},"asset":{"__id__":0},"fileId":"mixamorig:Hips/mixamorig:Spine/mixamorig:Spine1/mixamorig:Spine2/mixamorig:RightShoulder/mixamorig:RightArm/mixamorig:RightForeArm/mixamorig:RightHand/mixamorig:RightHandIndex1/mixamorig:RightHandIndex2/mixamorig:RightHandIndex3/mixamorig:RightHandIndex4"},"_trs":{"__type__":"TypedArray","ctor":"Float64Array","array":[-0.0239271987229586,2.68147005044739e-7,2.80201334135199e-7,0,0,0,1,1,1,1]},"_is3DNode":true}],"_prefab":{"__type__":"cc.PrefabInfo","root":{"__id__":1},"asset":{"__id__":0},"fileId":"mixamorig:Hips/mixamorig:Spine/mixamorig:Spine1/mixamorig:Spine2/mixamorig:RightShoulder/mixamorig:RightArm/mixamorig:RightForeArm/mixamorig:RightHand/mixamorig:RightHandIndex1/mixamorig:RightHandIndex2/mixamorig:RightHandIndex3"},"_trs":{"__type__":"TypedArray","ctor":"Float64Array","array":[-0.0288306251168251,-4.96012148687441e-7,4.0448975369145e-7,0,0,0,1,1,1,1]},"_is3DNode":true},{"__type__":"cc.Node","_name":"mixamorig:RightHandThumb1","_parent":{"__id__":30},"_children":[{"__id__":44}],"_prefab":{"__type__":"cc.PrefabInfo","root":{"__id__":1},"asset":{"__id__":0},"fileId":"mixamorig:Hips/mixamorig:Spine/mixamorig:Spine1/mixamorig:Spine2/mixamorig:RightShoulder/mixamorig:RightArm/mixamorig:RightForeArm/mixamorig:RightHand/mixamorig:RightHandThumb1"},"_trs":{"__type__":"TypedArray","ctor":"Float64Array","array":[-0.0246480610221624,-0.0157271418720484,0.0268262643367052,0,0,0,1,1,1,1]},"_is3DNode":true},{"__type__":"cc.Node","_name":"mixamorig:RightHandThumb2","_parent":{"__id__":43},"_children":[{"__id__":45}],"_prefab":{"__type__":"cc.PrefabInfo","root":{"__id__":1},"asset":{"__id__":0},"fileId":"mixamorig:Hips/mixamorig:Spine/mixamorig:Spine1/mixamorig:Spine2/mixamorig:RightShoulder/mixamorig:RightArm/mixamorig:RightForeArm/mixamorig:RightHand/mixamorig:RightHandThumb1/mixamorig:RightHandThumb2"},"_trs":{"__type__":"TypedArray","ctor":"Float64Array","array":[-0.0322977192699909,-0.0186470877379179,0.0186471845954657,0,0,0,1,1,1,1]},"_is3DNode":true},{"__type__":"cc.Node","_name":"mixamorig:RightHandThumb3","_parent":{"__id__":44},"_children":[{"__type__":"cc.Node","_name":"mixamorig:RightHandThumb4","_parent":{"__id__":45},"_prefab":{"__type__":"cc.PrefabInfo","root":{"__id__":1},"asset":{"__id__":0},"fileId":"mixamorig:Hips/mixamorig:Spine/mixamorig:Spine1/mixamorig:Spine2/mixamorig:RightShoulder/mixamorig:RightArm/mixamorig:RightForeArm/mixamorig:RightHand/mixamorig:RightHandThumb1/mixamorig:RightHandThumb2/mixamorig:RightHandThumb3/mixamorig:RightHandThumb4"},"_trs":{"__type__":"TypedArray","ctor":"Float64Array","array":[-0.0195458047091961,-0.0112846167758107,0.0112850703299046,0,0,0,1,1,1,1]},"_is3DNode":true}],"_prefab":{"__type__":"cc.PrefabInfo","root":{"__id__":1},"asset":{"__id__":0},"fileId":"mixamorig:Hips/mixamorig:Spine/mixamorig:Spine1/mixamorig:Spine2/mixamorig:RightShoulder/mixamorig:RightArm/mixamorig:RightForeArm/mixamorig:RightHand/mixamorig:RightHandThumb1/mixamorig:RightHandThumb2/mixamorig:RightHandThumb3"},"_trs":{"__type__":"TypedArray","ctor":"Float64Array","array":[-0.0265260506421328,-0.0153144923970103,0.0153144560754299,0,0,0,1,1,1,1]},"_is3DNode":true},{"__type__":"cc.Node","_name":"mixamorig:LeftUpLeg","_parent":{"__id__":2},"_children":[{"__id__":47}],"_prefab":{"__type__":"cc.PrefabInfo","root":{"__id__":1},"asset":{"__id__":0},"fileId":"mixamorig:Hips/mixamorig:LeftUpLeg"},"_trs":{"__type__":"TypedArray","ctor":"Float64Array","array":[0.0820778161287308,-0.0675171390175819,-0.0159955564886332,0,0,0,1,1,1,1]},"_is3DNode":true},{"__type__":"cc.Node","_name":"mixamorig:LeftLeg","_parent":{"__id__":46},"_children":[{"__id__":48}],"_prefab":{"__type__":"cc.PrefabInfo","root":{"__id__":1},"asset":{"__id__":0},"fileId":"mixamorig:Hips/mixamorig:LeftUpLeg/mixamorig:LeftLeg"},"_trs":{"__type__":"TypedArray","ctor":"Float64Array","array":[-4.11015799173242e-9,-0.443704724311829,0.0028464263305068,0,0,0,1,1,1,1]},"_is3DNode":true},{"__type__":"cc.Node","_name":"mixamorig:LeftFoot","_parent":{"__id__":47},"_children":[{"__id__":49}],"_prefab":{"__type__":"cc.PrefabInfo","root":{"__id__":1},"asset":{"__id__":0},"fileId":"mixamorig:Hips/mixamorig:LeftUpLeg/mixamorig:LeftLeg/mixamorig:LeftFoot"},"_trs":{"__type__":"TypedArray","ctor":"Float64Array","array":[4.71639349797215e-9,-0.444278717041016,-0.0298219062387943,0,0,0,1,1,1,1]},"_is3DNode":true},{"__type__":"cc.Node","_name":"mixamorig:LeftToeBase","_parent":{"__id__":48},"_children":[{"__type__":"cc.Node","_name":"mixamorig:LeftToe_End","_parent":{"__id__":49},"_prefab":{"__type__":"cc.PrefabInfo","root":{"__id__":1},"asset":{"__id__":0},"fileId":"mixamorig:Hips/mixamorig:LeftUpLeg/mixamorig:LeftLeg/mixamorig:LeftFoot/mixamorig:LeftToeBase/mixamorig:LeftToe_End"},"_trs":{"__type__":"TypedArray","ctor":"Float64Array","array":[-2.50806184709518e-8,-0.00000676682975608855,0.0927813574671745,0,0,0,1,1,1,1]},"_is3DNode":true}],"_prefab":{"__type__":"cc.PrefabInfo","root":{"__id__":1},"asset":{"__id__":0},"fileId":"mixamorig:Hips/mixamorig:LeftUpLeg/mixamorig:LeftLeg/mixamorig:LeftFoot/mixamorig:LeftToeBase"},"_trs":{"__type__":"TypedArray","ctor":"Float64Array","array":[-2.9609878993142e-8,-0.0872866958379745,0.107105597853661,0,0,0,1,1,1,1]},"_is3DNode":true},{"__type__":"cc.Node","_name":"mixamorig:RightUpLeg","_parent":{"__id__":2},"_children":[{"__id__":51}],"_prefab":{"__type__":"cc.PrefabInfo","root":{"__id__":1},"asset":{"__id__":0},"fileId":"mixamorig:Hips/mixamorig:RightUpLeg"},"_trs":{"__type__":"TypedArray","ctor":"Float64Array","array":[-0.0820779576897621,-0.0675166174769402,-0.0159955937415361,0,0,0,1,1,1,1]},"_is3DNode":true},{"__type__":"cc.Node","_name":"mixamorig:RightLeg","_parent":{"__id__":50},"_children":[{"__id__":52}],"_prefab":{"__type__":"cc.PrefabInfo","root":{"__id__":1},"asset":{"__id__":0},"fileId":"mixamorig:Hips/mixamorig:RightUpLeg/mixamorig:RightLeg"},"_trs":{"__type__":"TypedArray","ctor":"Float64Array","array":[8.43557224072811e-10,-0.443705350160599,0.00286156381480396,0,0,0,1,1,1,1]},"_is3DNode":true},{"__type__":"cc.Node","_name":"mixamorig:RightFoot","_parent":{"__id__":51},"_children":[{"__id__":53}],"_prefab":{"__type__":"cc.PrefabInfo","root":{"__id__":1},"asset":{"__id__":0},"fileId":"mixamorig:Hips/mixamorig:RightUpLeg/mixamorig:RightLeg/mixamorig:RightFoot"},"_trs":{"__type__":"TypedArray","ctor":"Float64Array","array":[9.64458202190599e-9,-0.444277286529541,-0.0298378895968199,0,0,0,1,1,1,1]},"_is3DNode":true},{"__type__":"cc.Node","_name":"mixamorig:RightToeBase","_parent":{"__id__":52},"_children":[{"__type__":"cc.Node","_name":"mixamorig:RightToe_End","_parent":{"__id__":53},"_prefab":{"__type__":"cc.PrefabInfo","root":{"__id__":1},"asset":{"__id__":0},"fileId":"mixamorig:Hips/mixamorig:RightUpLeg/mixamorig:RightLeg/mixamorig:RightFoot/mixamorig:RightToeBase/mixamorig:RightToe_End"},"_trs":{"__type__":"TypedArray","ctor":"Float64Array","array":[-2.09426449515604e-8,-0.00000676369381835684,0.092781201004982,0,0,0,1,1,1,1]},"_is3DNode":true}],"_prefab":{"__type__":"cc.PrefabInfo","root":{"__id__":1},"asset":{"__id__":0},"fileId":"mixamorig:Hips/mixamorig:RightUpLeg/mixamorig:RightLeg/mixamorig:RightFoot/mixamorig:RightToeBase"},"_trs":{"__type__":"TypedArray","ctor":"Float64Array","array":[-2.36043806722819e-8,-0.087286688387394,0.107105605304241,0,0,0,1,1,1,1]},"_is3DNode":true},{"__type__":"cc.Node","_name":"Beta_Joints","_parent":{"__id__":1},"_components":[{"__type__":"cc.SkinnedMeshRenderer","node":{"__id__":54},"_materials":[{"__uuid__":"3aLWkfAnJKyLv7foBZ9DS9"}],"_mesh":{"__uuid__":"1frCjeW5FOIZXcN8mbC3rU"},"_skeleton":{"__uuid__":"26c3yrQqVJ3IRdIeux1znk"},"_rootBone":{"__id__":1}}],"_prefab":{"__type__":"cc.PrefabInfo","root":{"__id__":1},"asset":{"__id__":0},"fileId":"Beta_Joints"},"_trs":{"__type__":"TypedArray","ctor":"Float64Array","array":[0,0,0,0,0,0,1,1,1,1]},"_is3DNode":true},{"__type__":"cc.Node","_name":"Beta_Surface","_parent":{"__id__":1},"_components":[{"__type__":"cc.SkinnedMeshRenderer","node":{"__id__":55},"_materials":[{"__uuid__":"6dQLa2yY1H5Kp00P/pCN0/"}],"_mesh":{"__uuid__":"0aeS4lHPhF+JNwt+ijiuBK"},"_skeleton":{"__uuid__":"67kYPMNdxKzrH6jWpZBs3i"},"_rootBone":{"__id__":1}}],"_prefab":{"__type__":"cc.PrefabInfo","root":{"__id__":1},"asset":{"__id__":0},"fileId":"Beta_Surface"},"_trs":{"__type__":"TypedArray","ctor":"Float64Array","array":[0,0,0,0,0,0,1,1,1,1]},"_is3DNode":true}]