[{"__type__":"cc.SpriteFrame","content":{"name":"singleColor","texture":"1bags8Kg5BCpWrU9yaA6Ng","rect":[0,0,2,2],"offset":[0,0],"originalSize":[2,2],"capInsets":[0,0,0,0]}},{"__type__":"cc.SpriteFrame","content":{"name":"sheep_run_0","texture":"1b61ea479","rect":[121,171,167,112],"offset":[-3.5,-0.5],"originalSize":[228,159],"rotated":1,"capInsets":[0,0,0,0]}},[{"__type__":"cc.SceneAsset","_name":"AtlasSprite","scene":{"__id__":1},"asyncLoadAssets":null},{"__type__":"cc.Scene","_name":"New Node","_children":[{"__id__":2},{"__id__":9}],"_contentSize":{"__type__":"cc.Size","width":100,"height":100},"_anchorPoint":{"__type__":"cc.Vec2"},"_trs":{"__type__":"TypedArray","ctor":"Float64Array","array":[0,0,0,0,0,0,1,0.7109130859375,0.7109130859375,1]},"_zIndex":0,"autoReleaseAssets":true},{"__type__":"cc.Node","_name":"Canvas","_parent":{"__id__":1},"_children":[{"__id__":3},{"__id__":4},{"__id__":5},{"__id__":7}],"_components":[{"__type__":"cc.Canvas","node":{"__id__":2}},{"__type__":"cc.Widget","node":{"__id__":2},"_alignFlags":45}],"_contentSize":{"__type__":"cc.Size","width":960,"height":640},"_trs":{"__type__":"TypedArray","ctor":"Float64Array","array":[480,320,0,0,0,0,0,1,1,1]},"_zIndex":0,"_id":"71edbel3TRPe5aECV9Y39xt"},{"__type__":"cc.Node","_name":"Main Camera","_parent":{"__id__":2},"_components":[{"__type__":"cc.Camera","node":{"__id__":3},"_clearFlags":7,"_depth":-1}],"_trs":{"__type__":"TypedArray","ctor":"Float64Array","array":[0,0,0,0,0,0,0,1,1,1]},"_zIndex":0},{"__type__":"cc.Node","_name":"Background","_parent":{"__id__":2},"_components":[{"__type__":"cc.Sprite","node":{"__id__":4},"_spriteFrame":{"__uuid__":"0aoLNsxKlM4qs77+3nCObU"},"_sizeMode":0},{"__type__":"cc.Widget","node":{"__id__":4},"alignMode":2,"_alignFlags":45,"_originalWidth":960,"_originalHeight":640}],"_prefab":{"__type__":"cc.PrefabInfo","root":{"__id__":4},"asset":{"__uuid__":"b8OSNRvpdPAZhePn0hGPPJ"},"fileId":"78fd70+ls5GgJcFkzvLSRk8"},"_color":{"__type__":"cc.Color","r":57,"g":61,"b":64},"_contentSize":{"__type__":"cc.Size","width":960,"height":640},"_trs":{"__type__":"TypedArray","ctor":"Float64Array","array":[0,0,0,0,0,0,0,1,1,1]},"_zIndex":0},{"__type__":"cc.Node","_name":"Single","_parent":{"__id__":2},"_children":[{"__id__":6}],"_components":[{"__type__":"cc.Sprite","node":{"__id__":5},"_spriteFrame":{"__uuid__":"2364OHyklBIb5oVgVO5TnY"}}],"_contentSize":{"__type__":"cc.Size","width":167,"height":112},"_trs":{"__type__":"TypedArray","ctor":"Float64Array","array":[-2,183,0,0,0,0,0,1,1,1]},"_zIndex":0},{"__type__":"cc.Node","_name":"Tips","_parent":{"__id__":5},"_components":[{"__type__":"e4f88adp3hERoJ48DZ2PSAl","node":{"__id__":6},"_useOriginalSize":false,"_string":"这个精灵来自单张图片","_N$string":"这个精灵来自单张图片","_N$horizontalAlign":1,"_N$verticalAlign":1,"_N$textKey":"cases/01_graphics/01_sprite/AtlasSprite.fire.7"}],"_contentSize":{"__type__":"cc.Size","width":400,"height":40},"_trs":{"__type__":"TypedArray","ctor":"Float64Array","array":[2,-86,0,0,0,0,0,1,1,1]},"_zIndex":0},{"__type__":"cc.Node","_name":"Atlas","_parent":{"__id__":2},"_children":[{"__id__":8}],"_components":[{"__type__":"cc.Sprite","node":{"__id__":7},"_spriteFrame":{"__uuid__":"7cy3hPfFFKC6We6V2kDzAT"}}],"_contentSize":{"__type__":"cc.Size","width":168,"height":113},"_trs":{"__type__":"TypedArray","ctor":"Float64Array","array":[0,-100,0,0,0,0,0,1,1,1]},"_zIndex":0},{"__type__":"cc.Node","_name":"Tips","_parent":{"__id__":7},"_components":[{"__type__":"e4f88adp3hERoJ48DZ2PSAl","node":{"__id__":8},"_useOriginalSize":false,"_string":"这个精灵来自图集","_N$string":"这个精灵来自图集","_N$horizontalAlign":1,"_N$verticalAlign":1,"_N$textKey":"cases/01_graphics/01_sprite/AtlasSprite.fire.11"}],"_contentSize":{"__type__":"cc.Size","width":320,"height":40},"_trs":{"__type__":"TypedArray","ctor":"Float64Array","array":[0,-102,0,0,0,0,0,1,1,1]},"_zIndex":0},{"__type__":"cc.Node","_name":"Instruction","_parent":{"__id__":1},"_components":[{"__type__":"6a871gy73FDLap3Eje/2h6i","node":{"__id__":9},"text":"## 图集 Sprite 使用说明\n\n1. 场景中显示两个绵羊 Sprite。名为 Sprite_From_Atlas 的绵羊图像来自图集中的资源\n2. 选中`Canvas/Sprite_From_Atlas`，在属性检查器中的Sprite组件的Sprite属性可以看到引用的资源是 `res/atlas/sheep` 这个 atlas 下的某个 SpriteFrame。\n3. 拖拽另一个 `res/atlas/sheep` 下的 SpriteFrame 到 Sprite 属性中，可以看到绵羊的图像发生变化。\n\n## 补充说明\n\n图集文件可以通过 TexturePacker 等图集工具生成。"}],"_trs":{"__type__":"TypedArray","ctor":"Float64Array","array":[480,320,0,0,0,0,0,1,1,1]},"_zIndex":0,"_id":"026a3ricONKGbyE6fVosTpn"}],{"__type__":"cc.SpriteFrame","content":{"name":"sheep_run_0","texture":"834FFm1hFFKqwvTL9cPVoG","rect":[178,236,168,113],"offset":[-4,0],"originalSize":[228,159],"capInsets":[0,0,0,0]}}]