{"__type__":"cc.Model","_name":"model","_nodes":[{"name":"RootNode","scale":[1,1,1],"children":[1,68,69],"position":[0,0,0],"quat":[0,0,0,1],"path":""},{"name":"mixamorig:Hips","scale":[1,1,1],"children":[2,58,63],"parent":null,"position":[-8.67166070999444e-21,1.039914727211,0.020760765299201],"quat":[0,0,0,1],"path":"mixamorig:Hips","uniqueBindPose":[1,0,0,0,0,1,0,0,0,0,1,0,8.671660709994435e-21,-1.0399147272109985,-0.02076076529920101,1]},{"name":"mixamorig:Spine","scale":[1,1,1],"children":[3],"parent":null,"position":[9.23415228726299e-8,0.10181587934494,0.00131520919967443],"quat":[0,0,0,1],"path":"mixamorig:Hips/mixamorig:Spine","uniqueBindPose":[1,0,0,0,0,1,0,0,0,0,1,0,-9.234152287262987e-8,-1.141730546951294,-0.022075975313782692,1]},{"name":"mixamorig:Spine1","scale":[1,1,1],"children":[4],"parent":null,"position":[2.51940290851849e-9,0.100834511220455,-0.010008042678237],"quat":[0,0,0,1],"path":"mixamorig:Hips/mixamorig:Spine/mixamorig:Spine1","uniqueBindPose":[1,0,0,0,0,1,0,0,0,0,1,0,-9.486092267252388e-8,-1.2425650358200073,-0.01206793263554573,1]},{"name":"mixamorig:Spine2","scale":[1,1,1],"children":[5,10,34],"parent":null,"position":[3.45748629726472e-9,0.091000109910965,-0.013734171167016],"quat":[0,0,0,1],"path":"mixamorig:Hips/mixamorig:Spine/mixamorig:Spine1/mixamorig:Spine2","uniqueBindPose":[1,0,0,0,0,1,0,0,0,0,1,0,-9.831840941387782e-8,-1.3335652351379395,0.0016662382986396551,1]},{"name":"mixamorig:Neck","scale":[1,1,1],"children":[6],"parent":null,"position":[6.33428554053239e-9,0.166716679930687,-0.0251616779714823],"quat":[0,0,0,1],"path":"mixamorig:Hips/mixamorig:Spine/mixamorig:Spine1/mixamorig:Spine2/mixamorig:Neck","uniqueBindPose":[1,0,0,0,0,1,0,0,0,0,1,0,-1.046526989512131e-7,-1.500281810760498,0.026827916502952576,1]},{"name":"mixamorig:Head","scale":[1,1,1],"children":[7,8,9],"parent":null,"position":[-4.24231849649459e-9,0.0961787477135658,0.0168500747531652],"quat":[0,0,0,1],"path":"mixamorig:Hips/mixamorig:Spine/mixamorig:Spine1/mixamorig:Spine2/mixamorig:Neck/mixamorig:Head","uniqueBindPose":[1,0,0,0,0,1,0,0,0,0,1,0,-1.0041037512564799e-7,-1.5964607000350952,0.009977839887142181,1]},{"name":"mixamorig:HeadTop_End","scale":[1,1,1],"parent":null,"position":[-6.5082415012796e-9,0.178151547908783,0.0258498545736074],"quat":[0,0,0,1],"path":"mixamorig:Hips/mixamorig:Spine/mixamorig:Spine1/mixamorig:Spine2/mixamorig:Neck/mixamorig:Head/mixamorig:HeadTop_End"},{"name":"mixamorig:LeftEye","scale":[1,1,1],"parent":null,"position":[0.0306756068021059,0.0640950724482536,0.0928355380892754],"quat":[0,0,0,1],"path":"mixamorig:Hips/mixamorig:Spine/mixamorig:Spine1/mixamorig:Spine2/mixamorig:Neck/mixamorig:Head/mixamorig:LeftEye"},{"name":"mixamorig:RightEye","scale":[1,1,1],"parent":null,"position":[-0.0306755043566227,0.0640949979424477,0.09283547103405],"quat":[0,0,0,1],"path":"mixamorig:Hips/mixamorig:Spine/mixamorig:Spine1/mixamorig:Spine2/mixamorig:Neck/mixamorig:Head/mixamorig:RightEye"},{"name":"mixamorig:LeftShoulder","scale":[1,1,1],"children":[11],"parent":null,"position":[0.0457044653594494,0.109459847211838,-0.0262798797339201],"quat":[0,0,0,1],"path":"mixamorig:Hips/mixamorig:Spine/mixamorig:Spine1/mixamorig:Spine2/mixamorig:LeftShoulder","uniqueBindPose":[1,0,0,0,0,1,0,0,0,0,1,0,-0.04570455849170685,-1.44302499294281,0.027946118265390396,1]},{"name":"mixamorig:LeftArm","scale":[1,1,1],"children":[12],"parent":null,"position":[0.105923697352409,-0.00524582900106907,-0.0223211999982595],"quat":[0,0,0,1],"path":"mixamorig:Hips/mixamorig:Spine/mixamorig:Spine1/mixamorig:Spine2/mixamorig:LeftShoulder/mixamorig:LeftArm","uniqueBindPose":[1,0,0,0,0,1,0,0,0,0,1,0,-0.1516282558441162,-1.437779188156128,0.05026732012629509,1]},{"name":"mixamorig:LeftForeArm","scale":[1,1,1],"children":[13],"parent":null,"position":[0.278415203094482,-8.94286472430394e-7,3.74589092189126e-7],"quat":[0,0,0,1],"path":"mixamorig:Hips/mixamorig:Spine/mixamorig:Spine1/mixamorig:Spine2/mixamorig:LeftShoulder/mixamorig:LeftArm/mixamorig:LeftForeArm","uniqueBindPose":[1,0,0,0,0,1,0,0,0,0,1,0,-0.430043488740921,-1.4377782344818115,0.05026694014668465,1]},{"name":"mixamorig:LeftHand","scale":[1,1,1],"children":[14,18,22,26,30],"parent":null,"position":[0.283288389444351,-1.74407176700697e-7,3.78045228899282e-7],"quat":[0,0,0,1],"path":"mixamorig:Hips/mixamorig:Spine/mixamorig:Spine1/mixamorig:Spine2/mixamorig:LeftShoulder/mixamorig:LeftArm/mixamorig:LeftForeArm/mixamorig:LeftHand","uniqueBindPose":[1,0,0,0,0,1,0,0,0,0,1,0,-0.7133318185806274,-1.437778115272522,0.0502665638923645,1]},{"name":"mixamorig:LeftHandThumb1","scale":[1,1,1],"children":[15],"parent":null,"position":[0.0246614012867212,-0.0157504919916391,0.0268241353332996],"quat":[0,0,0,1],"path":"mixamorig:Hips/mixamorig:Spine/mixamorig:Spine1/mixamorig:Spine2/mixamorig:LeftShoulder/mixamorig:LeftArm/mixamorig:LeftForeArm/mixamorig:LeftHand/mixamorig:LeftHandThumb1","uniqueBindPose":[1,0,0,0,0,1,0,0,0,0,1,0,-0.7379932403564453,-1.422027587890625,0.023442430421710014,1]},{"name":"mixamorig:LeftHandThumb2","scale":[1,1,1],"children":[16],"parent":null,"position":[0.0322980359196663,-0.0186469070613384,0.0186468120664358],"quat":[0,0,0,1],"path":"mixamorig:Hips/mixamorig:Spine/mixamorig:Spine1/mixamorig:Spine2/mixamorig:LeftShoulder/mixamorig:LeftArm/mixamorig:LeftForeArm/mixamorig:LeftHand/mixamorig:LeftHandThumb1/mixamorig:LeftHandThumb2","uniqueBindPose":[1,0,0,0,0,1,0,0,0,0,1,0,-0.770291268825531,-1.4033807516098022,0.004795616492629051,1]},{"name":"mixamorig:LeftHandThumb3","scale":[1,1,1],"children":[17],"parent":null,"position":[0.0265256501734257,-0.0153149291872978,0.0153147159144282],"quat":[0,0,0,1],"path":"mixamorig:Hips/mixamorig:Spine/mixamorig:Spine1/mixamorig:Spine2/mixamorig:LeftShoulder/mixamorig:LeftArm/mixamorig:LeftForeArm/mixamorig:LeftHand/mixamorig:LeftHandThumb1/mixamorig:LeftHandThumb2/mixamorig:LeftHandThumb3","uniqueBindPose":[1,0,0,0,0,1,0,0,0,0,1,0,-0.7968169450759888,-1.3880658149719238,-0.010519100353121758,1]},{"name":"mixamorig:LeftHandThumb4","scale":[1,1,1],"parent":null,"position":[0.0195456687361002,-0.0112850004807115,0.0112849213182926],"quat":[0,0,0,1],"path":"mixamorig:Hips/mixamorig:Spine/mixamorig:Spine1/mixamorig:Spine2/mixamorig:LeftShoulder/mixamorig:LeftArm/mixamorig:LeftForeArm/mixamorig:LeftHand/mixamorig:LeftHandThumb1/mixamorig:LeftHandThumb2/mixamorig:LeftHandThumb3/mixamorig:LeftHandThumb4"},{"name":"mixamorig:LeftHandIndex1","scale":[1,1,1],"children":[19],"parent":null,"position":[0.091093011200428,-0.00517083378508687,0.0226007308810949],"quat":[0,0,0,1],"path":"mixamorig:Hips/mixamorig:Spine/mixamorig:Spine1/mixamorig:Spine2/mixamorig:LeftShoulder/mixamorig:LeftArm/mixamorig:LeftForeArm/mixamorig:LeftHand/mixamorig:LeftHandIndex1","uniqueBindPose":[1,0,0,0,0,1,0,0,0,0,1,0,-0.8044248819351196,-1.4326072931289673,0.02766583301126957,1]},{"name":"mixamorig:LeftHandIndex2","scale":[1,1,1],"children":[20],"parent":null,"position":[0.0367640927433968,-6.93913833060833e-8,2.92425170300703e-7],"quat":[0,0,0,1],"path":"mixamorig:Hips/mixamorig:Spine/mixamorig:Spine1/mixamorig:Spine2/mixamorig:LeftShoulder/mixamorig:LeftArm/mixamorig:LeftForeArm/mixamorig:LeftHand/mixamorig:LeftHandIndex1/mixamorig:LeftHandIndex2","uniqueBindPose":[1,0,0,0,0,1,0,0,0,0,1,0,-0.8411889672279358,-1.4326072931289673,0.02766554057598114,1]},{"name":"mixamorig:LeftHandIndex3","scale":[1,1,1],"children":[21],"parent":null,"position":[0.0288306251168251,3.85119676593604e-7,-4.27648160439276e-7],"quat":[0,0,0,1],"path":"mixamorig:Hips/mixamorig:Spine/mixamorig:Spine1/mixamorig:Spine2/mixamorig:LeftShoulder/mixamorig:LeftArm/mixamorig:LeftForeArm/mixamorig:LeftHand/mixamorig:LeftHandIndex1/mixamorig:LeftHandIndex2/mixamorig:LeftHandIndex3","uniqueBindPose":[1,0,0,0,0,1,0,0,0,0,1,0,-0.8700196146965027,-1.4326075315475464,0.027665968984365463,1]},{"name":"mixamorig:LeftHandIndex4","scale":[1,1,1],"parent":null,"position":[0.0239271987229586,3.70259073179113e-7,3.35544342533467e-7],"quat":[0,0,0,1],"path":"mixamorig:Hips/mixamorig:Spine/mixamorig:Spine1/mixamorig:Spine2/mixamorig:LeftShoulder/mixamorig:LeftArm/mixamorig:LeftForeArm/mixamorig:LeftHand/mixamorig:LeftHandIndex1/mixamorig:LeftHandIndex2/mixamorig:LeftHandIndex3/mixamorig:LeftHandIndex4"},{"name":"mixamorig:LeftHandMiddle1","scale":[1,1,1],"children":[23],"parent":null,"position":[0.0953340157866478,-3.39240472158053e-7,1.39370257556948e-7],"quat":[0,0,0,1],"path":"mixamorig:Hips/mixamorig:Spine/mixamorig:Spine1/mixamorig:Spine2/mixamorig:LeftShoulder/mixamorig:LeftArm/mixamorig:LeftForeArm/mixamorig:LeftHand/mixamorig:LeftHandMiddle1","uniqueBindPose":[1,0,0,0,0,1,0,0,0,0,1,0,-0.8086658120155334,-1.4377778768539429,0.05026642605662346,1]},{"name":"mixamorig:LeftHandMiddle2","scale":[1,1,1],"children":[24],"parent":null,"position":[0.0369823649525642,1.96135907515327e-8,1.79169674652258e-7],"quat":[0,0,0,1],"path":"mixamorig:Hips/mixamorig:Spine/mixamorig:Spine1/mixamorig:Spine2/mixamorig:LeftShoulder/mixamorig:LeftArm/mixamorig:LeftForeArm/mixamorig:LeftHand/mixamorig:LeftHandMiddle1/mixamorig:LeftHandMiddle2","uniqueBindPose":[1,0,0,0,0,1,0,0,0,0,1,0,-0.8456481695175171,-1.4377778768539429,0.05026624724268913,1]},{"name":"mixamorig:LeftHandMiddle3","scale":[1,1,1],"children":[25],"parent":null,"position":[0.0295092146843672,-3.93760842598567e-7,1.64479601494349e-7],"quat":[0,0,0,1],"path":"mixamorig:Hips/mixamorig:Spine/mixamorig:Spine1/mixamorig:Spine2/mixamorig:LeftShoulder/mixamorig:LeftArm/mixamorig:LeftForeArm/mixamorig:LeftHand/mixamorig:LeftHandMiddle1/mixamorig:LeftHandMiddle2/mixamorig:LeftHandMiddle3","uniqueBindPose":[1,0,0,0,0,1,0,0,0,0,1,0,-0.8751574754714966,-1.4377774000167847,0.050266083329916,1]},{"name":"mixamorig:LeftHandMiddle4","scale":[1,1,1],"parent":null,"position":[0.0283390246331692,-3.8934820167924e-7,-9.50422318624078e-8],"quat":[0,0,0,1],"path":"mixamorig:Hips/mixamorig:Spine/mixamorig:Spine1/mixamorig:Spine2/mixamorig:LeftShoulder/mixamorig:LeftArm/mixamorig:LeftForeArm/mixamorig:LeftHand/mixamorig:LeftHandMiddle1/mixamorig:LeftHandMiddle2/mixamorig:LeftHandMiddle3/mixamorig:LeftHandMiddle4"},{"name":"mixamorig:LeftHandRing1","scale":[1,1,1],"children":[27],"parent":null,"position":[0.0910452753305435,-0.000439395051216707,-0.018650846555829],"quat":[0,0,0,1],"path":"mixamorig:Hips/mixamorig:Spine/mixamorig:Spine1/mixamorig:Spine2/mixamorig:LeftShoulder/mixamorig:LeftArm/mixamorig:LeftForeArm/mixamorig:LeftHand/mixamorig:LeftHandRing1","uniqueBindPose":[1,0,0,0,0,1,0,0,0,0,1,0,-0.8043771386146545,-1.4373387098312378,0.0689174085855484,1]},{"name":"mixamorig:LeftHandRing2","scale":[1,1,1],"children":[28],"parent":null,"position":[0.0315402671694756,-6.55346781286426e-8,1.04257438238164e-7],"quat":[0,0,0,1],"path":"mixamorig:Hips/mixamorig:Spine/mixamorig:Spine1/mixamorig:Spine2/mixamorig:LeftShoulder/mixamorig:LeftArm/mixamorig:LeftForeArm/mixamorig:LeftHand/mixamorig:LeftHandRing1/mixamorig:LeftHandRing2","uniqueBindPose":[1,0,0,0,0,1,0,0,0,0,1,0,-0.8359173536300659,-1.4373387098312378,0.06891730427742004,1]},{"name":"mixamorig:LeftHandRing3","scale":[1,1,1],"children":[29],"parent":null,"position":[0.0293767228722572,-4.54586171372284e-7,-6.86475729594349e-8],"quat":[0,0,0,1],"path":"mixamorig:Hips/mixamorig:Spine/mixamorig:Spine1/mixamorig:Spine2/mixamorig:LeftShoulder/mixamorig:LeftArm/mixamorig:LeftForeArm/mixamorig:LeftHand/mixamorig:LeftHandRing1/mixamorig:LeftHandRing2/mixamorig:LeftHandRing3","uniqueBindPose":[1,0,0,0,0,1,0,0,0,0,1,0,-0.8652940988540649,-1.4373382329940796,0.06891737878322601,1]},{"name":"mixamorig:LeftHandRing4","scale":[1,1,1],"parent":null,"position":[0.0264745261520147,-4.98044130381459e-7,7.07051528436864e-10],"quat":[0,0,0,1],"path":"mixamorig:Hips/mixamorig:Spine/mixamorig:Spine1/mixamorig:Spine2/mixamorig:LeftShoulder/mixamorig:LeftArm/mixamorig:LeftForeArm/mixamorig:LeftHand/mixamorig:LeftHandRing1/mixamorig:LeftHandRing2/mixamorig:LeftHandRing3/mixamorig:LeftHandRing4"},{"name":"mixamorig:LeftHandPinky1","scale":[1,1,1],"children":[31],"parent":null,"position":[0.0807777792215347,-0.00488668214529753,-0.0380606688559055],"quat":[0,0,0,1],"path":"mixamorig:Hips/mixamorig:Spine/mixamorig:Spine1/mixamorig:Spine2/mixamorig:LeftShoulder/mixamorig:LeftArm/mixamorig:LeftForeArm/mixamorig:LeftHand/mixamorig:LeftHandPinky1","uniqueBindPose":[1,0,0,0,0,1,0,0,0,0,1,0,-0.7941096425056458,-1.4328914880752563,0.08832723647356033,1]},{"name":"mixamorig:LeftHandPinky2","scale":[1,1,1],"children":[32],"parent":null,"position":[0.036000344902277,-2.25221512550888e-8,-2.62387942484565e-7],"quat":[0,0,0,1],"path":"mixamorig:Hips/mixamorig:Spine/mixamorig:Spine1/mixamorig:Spine2/mixamorig:LeftShoulder/mixamorig:LeftArm/mixamorig:LeftForeArm/mixamorig:LeftHand/mixamorig:LeftHandPinky1/mixamorig:LeftHandPinky2","uniqueBindPose":[1,0,0,0,0,1,0,0,0,0,1,0,-0.8301098942756653,-1.4328913688659668,0.08832750469446182,1]},{"name":"mixamorig:LeftHandPinky3","scale":[1,1,1],"children":[33],"parent":null,"position":[0.021142115816474,1.95382810375122e-7,-2.86441501629042e-8],"quat":[0,0,0,1],"path":"mixamorig:Hips/mixamorig:Spine/mixamorig:Spine1/mixamorig:Spine2/mixamorig:LeftShoulder/mixamorig:LeftArm/mixamorig:LeftForeArm/mixamorig:LeftHand/mixamorig:LeftHandPinky1/mixamorig:LeftHandPinky2/mixamorig:LeftHandPinky3","uniqueBindPose":[1,0,0,0,0,1,0,0,0,0,1,0,-0.851252019405365,-1.432891607284546,0.08832752704620361,1]},{"name":"mixamorig:LeftHandPinky4","scale":[1,1,1],"parent":null,"position":[0.0197568256407976,1.24056569461573e-7,-4.4301404500402e-7],"quat":[0,0,0,1],"path":"mixamorig:Hips/mixamorig:Spine/mixamorig:Spine1/mixamorig:Spine2/mixamorig:LeftShoulder/mixamorig:LeftArm/mixamorig:LeftForeArm/mixamorig:LeftHand/mixamorig:LeftHandPinky1/mixamorig:LeftHandPinky2/mixamorig:LeftHandPinky3/mixamorig:LeftHandPinky4"},{"name":"mixamorig:RightShoulder","scale":[1,1,1],"children":[35],"parent":null,"position":[-0.0456996969878674,0.109461762011051,-0.0262801740318537],"quat":[0,0,0,1],"path":"mixamorig:Hips/mixamorig:Spine/mixamorig:Spine1/mixamorig:Spine2/mixamorig:RightShoulder","uniqueBindPose":[1,0,0,0,0,1,0,0,0,0,1,0,0.0456995964050293,-1.4430270195007324,0.027946412563323975,1]},{"name":"mixamorig:RightArm","scale":[1,1,1],"children":[36],"parent":null,"position":[-0.105928435921669,-0.00524798361584544,-0.0223209857940674],"quat":[0,0,0,1],"path":"mixamorig:Hips/mixamorig:Spine/mixamorig:Spine1/mixamorig:Spine2/mixamorig:RightShoulder/mixamorig:RightArm","uniqueBindPose":[1,0,0,0,0,1,0,0,0,0,1,0,0.1516280323266983,-1.4377789497375488,0.05026739835739136,1]},{"name":"mixamorig:RightForeArm","scale":[1,1,1],"children":[37],"parent":null,"position":[-0.278415203094482,-3.30792175873285e-7,1.1676310407438e-7],"quat":[0,0,0,1],"path":"mixamorig:Hips/mixamorig:Spine/mixamorig:Spine1/mixamorig:Spine2/mixamorig:RightShoulder/mixamorig:RightArm/mixamorig:RightForeArm","uniqueBindPose":[1,0,0,0,0,1,0,0,0,0,1,0,0.4300432503223419,-1.4377785921096802,0.05026727914810181,1]},{"name":"mixamorig:RightHand","scale":[1,1,1],"children":[38,42,46,50,54],"parent":null,"position":[-0.283288389444351,-1.58141710837612e-9,5.58160138552921e-7],"quat":[0,0,0,1],"path":"mixamorig:Hips/mixamorig:Spine/mixamorig:Spine1/mixamorig:Spine2/mixamorig:RightShoulder/mixamorig:RightArm/mixamorig:RightForeArm/mixamorig:RightHand","uniqueBindPose":[1,0,0,0,0,1,0,0,0,0,1,0,0.7133315801620483,-1.4377785921096802,0.050266724079847336,1]},{"name":"mixamorig:RightHandPinky1","scale":[1,1,1],"children":[39],"parent":null,"position":[-0.0807667449116707,-0.00488459272310138,-0.0380601026117802],"quat":[0,0,0,1],"path":"mixamorig:Hips/mixamorig:Spine/mixamorig:Spine1/mixamorig:Spine2/mixamorig:RightShoulder/mixamorig:RightArm/mixamorig:RightForeArm/mixamorig:RightHand/mixamorig:RightHandPinky1","uniqueBindPose":[1,0,0,0,0,1,0,0,0,0,1,0,0.7940983176231384,-1.4328941106796265,0.0883268266916275,1]},{"name":"mixamorig:RightHandPinky2","scale":[1,1,1],"children":[40],"parent":null,"position":[-0.036000344902277,3.9676655205767e-7,5.08144182731485e-7],"quat":[0,0,0,1],"path":"mixamorig:Hips/mixamorig:Spine/mixamorig:Spine1/mixamorig:Spine2/mixamorig:RightShoulder/mixamorig:RightArm/mixamorig:RightForeArm/mixamorig:RightHand/mixamorig:RightHandPinky1/mixamorig:RightHandPinky2","uniqueBindPose":[1,0,0,0,0,1,0,0,0,0,1,0,0.8300986886024475,-1.4328943490982056,0.08832632005214691,1]},{"name":"mixamorig:RightHandPinky3","scale":[1,1,1],"children":[41],"parent":null,"position":[-0.021142115816474,1.51379254020867e-7,1.47937683436794e-7],"quat":[0,0,0,1],"path":"mixamorig:Hips/mixamorig:Spine/mixamorig:Spine1/mixamorig:Spine2/mixamorig:RightShoulder/mixamorig:RightArm/mixamorig:RightForeArm/mixamorig:RightHand/mixamorig:RightHandPinky1/mixamorig:RightHandPinky2/mixamorig:RightHandPinky3","uniqueBindPose":[1,0,0,0,0,1,0,0,0,0,1,0,0.8512408137321472,-1.4328945875167847,0.08832616358995438,1]},{"name":"mixamorig:RightHandPinky4","scale":[1,1,1],"parent":null,"position":[-0.0197568256407976,-1.85219576565032e-7,-9.8398409420497e-9],"quat":[0,0,0,1],"path":"mixamorig:Hips/mixamorig:Spine/mixamorig:Spine1/mixamorig:Spine2/mixamorig:RightShoulder/mixamorig:RightArm/mixamorig:RightForeArm/mixamorig:RightHand/mixamorig:RightHandPinky1/mixamorig:RightHandPinky2/mixamorig:RightHandPinky3/mixamorig:RightHandPinky4"},{"name":"mixamorig:RightHandRing1","scale":[1,1,1],"children":[43],"parent":null,"position":[-0.0910358801484108,-0.000439143477706239,-0.0186507236212492],"quat":[0,0,0,1],"path":"mixamorig:Hips/mixamorig:Spine/mixamorig:Spine1/mixamorig:Spine2/mixamorig:RightShoulder/mixamorig:RightArm/mixamorig:RightForeArm/mixamorig:RightHand/mixamorig:RightHandRing1","uniqueBindPose":[1,0,0,0,0,1,0,0,0,0,1,0,0.8043674826622009,-1.437339425086975,0.06891744583845139,1]},{"name":"mixamorig:RightHandRing2","scale":[1,1,1],"children":[44],"parent":null,"position":[-0.0315402671694756,2.39972962390311e-7,4.88512114316109e-7],"quat":[0,0,0,1],"path":"mixamorig:Hips/mixamorig:Spine/mixamorig:Spine1/mixamorig:Spine2/mixamorig:RightShoulder/mixamorig:RightArm/mixamorig:RightForeArm/mixamorig:RightHand/mixamorig:RightHandRing1/mixamorig:RightHandRing2","uniqueBindPose":[1,0,0,0,0,1,0,0,0,0,1,0,0.8359076976776123,-1.4373397827148438,0.06891696155071259,1]},{"name":"mixamorig:RightHandRing3","scale":[1,1,1],"children":[45],"parent":null,"position":[-0.0293767228722572,-4.16006542991454e-7,-3.96606338881611e-7],"quat":[0,0,0,1],"path":"mixamorig:Hips/mixamorig:Spine/mixamorig:Spine1/mixamorig:Spine2/mixamorig:RightShoulder/mixamorig:RightArm/mixamorig:RightForeArm/mixamorig:RightHand/mixamorig:RightHandRing1/mixamorig:RightHandRing2/mixamorig:RightHandRing3","uniqueBindPose":[1,0,0,0,0,1,0,0,0,0,1,0,0.8652845025062561,-1.4373393058776855,0.06891735643148422,1]},{"name":"mixamorig:RightHandRing4","scale":[1,1,1],"parent":null,"position":[-0.0264745261520147,2.46082123567248e-7,-2.29492336245585e-8],"quat":[0,0,0,1],"path":"mixamorig:Hips/mixamorig:Spine/mixamorig:Spine1/mixamorig:Spine2/mixamorig:RightShoulder/mixamorig:RightArm/mixamorig:RightForeArm/mixamorig:RightHand/mixamorig:RightHandRing1/mixamorig:RightHandRing2/mixamorig:RightHandRing3/mixamorig:RightHandRing4"},{"name":"mixamorig:RightHandMiddle1","scale":[1,1,1],"children":[47],"parent":null,"position":[-0.0953250303864479,-1.63123019092382e-7,1.67918415172608e-7],"quat":[0,0,0,1],"path":"mixamorig:Hips/mixamorig:Spine/mixamorig:Spine1/mixamorig:Spine2/mixamorig:RightShoulder/mixamorig:RightArm/mixamorig:RightForeArm/mixamorig:RightHand/mixamorig:RightHandMiddle1","uniqueBindPose":[1,0,0,0,0,1,0,0,0,0,1,0,0.8086566925048828,-1.4377784729003906,0.050266556441783905,1]},{"name":"mixamorig:RightHandMiddle2","scale":[1,1,1],"children":[48],"parent":null,"position":[-0.0369823649525642,1.50669592358099e-7,-2.25455238478389e-7],"quat":[0,0,0,1],"path":"mixamorig:Hips/mixamorig:Spine/mixamorig:Spine1/mixamorig:Spine2/mixamorig:RightShoulder/mixamorig:RightArm/mixamorig:RightForeArm/mixamorig:RightHand/mixamorig:RightHandMiddle1/mixamorig:RightHandMiddle2","uniqueBindPose":[1,0,0,0,0,1,0,0,0,0,1,0,0.8456389904022217,-1.4377785921096802,0.05026677995920181,1]},{"name":"mixamorig:RightHandMiddle3","scale":[1,1,1],"children":[49],"parent":null,"position":[-0.0295092146843672,-3.11324499513432e-9,-3.03402547530141e-9],"quat":[0,0,0,1],"path":"mixamorig:Hips/mixamorig:Spine/mixamorig:Spine1/mixamorig:Spine2/mixamorig:RightShoulder/mixamorig:RightArm/mixamorig:RightForeArm/mixamorig:RightHand/mixamorig:RightHandMiddle1/mixamorig:RightHandMiddle2/mixamorig:RightHandMiddle3","uniqueBindPose":[1,0,0,0,0,1,0,0,0,0,1,0,0.8751482367515564,-1.4377785921096802,0.05026678368449211,1]},{"name":"mixamorig:RightHandMiddle4","scale":[1,1,1],"parent":null,"position":[-0.0283390246331692,8.05324091857074e-8,5.37877042461332e-7],"quat":[0,0,0,1],"path":"mixamorig:Hips/mixamorig:Spine/mixamorig:Spine1/mixamorig:Spine2/mixamorig:RightShoulder/mixamorig:RightArm/mixamorig:RightForeArm/mixamorig:RightHand/mixamorig:RightHandMiddle1/mixamorig:RightHandMiddle2/mixamorig:RightHandMiddle3/mixamorig:RightHandMiddle4"},{"name":"mixamorig:RightHandIndex1","scale":[1,1,1],"children":[51],"parent":null,"position":[-0.0910828113555908,-0.00516788940876722,0.0226011630147696],"quat":[0,0,0,1],"path":"mixamorig:Hips/mixamorig:Spine/mixamorig:Spine1/mixamorig:Spine2/mixamorig:RightShoulder/mixamorig:RightArm/mixamorig:RightForeArm/mixamorig:RightHand/mixamorig:RightHandIndex1","uniqueBindPose":[1,0,0,0,0,1,0,0,0,0,1,0,0.8044144511222839,-1.4326107501983643,0.027665559202432632,1]},{"name":"mixamorig:RightHandIndex2","scale":[1,1,1],"children":[52],"parent":null,"position":[-0.0367640927433968,1.92271556898049e-7,3.2355669077333e-7],"quat":[0,0,0,1],"path":"mixamorig:Hips/mixamorig:Spine/mixamorig:Spine1/mixamorig:Spine2/mixamorig:RightShoulder/mixamorig:RightArm/mixamorig:RightForeArm/mixamorig:RightHand/mixamorig:RightHandIndex1/mixamorig:RightHandIndex2","uniqueBindPose":[1,0,0,0,0,1,0,0,0,0,1,0,0.8411784768104553,-1.4326108694076538,0.027665235102176666,1]},{"name":"mixamorig:RightHandIndex3","scale":[1,1,1],"children":[53],"parent":null,"position":[-0.0288306251168251,-4.96012148687441e-7,4.0448975369145e-7],"quat":[0,0,0,1],"path":"mixamorig:Hips/mixamorig:Spine/mixamorig:Spine1/mixamorig:Spine2/mixamorig:RightShoulder/mixamorig:RightArm/mixamorig:RightForeArm/mixamorig:RightHand/mixamorig:RightHandIndex1/mixamorig:RightHandIndex2/mixamorig:RightHandIndex3","uniqueBindPose":[1,0,0,0,0,1,0,0,0,0,1,0,0.8700091242790222,-1.4326103925704956,0.027664832770824432,1]},{"name":"mixamorig:RightHandIndex4","scale":[1,1,1],"parent":null,"position":[-0.0239271987229586,2.68147005044739e-7,2.80201334135199e-7],"quat":[0,0,0,1],"path":"mixamorig:Hips/mixamorig:Spine/mixamorig:Spine1/mixamorig:Spine2/mixamorig:RightShoulder/mixamorig:RightArm/mixamorig:RightForeArm/mixamorig:RightHand/mixamorig:RightHandIndex1/mixamorig:RightHandIndex2/mixamorig:RightHandIndex3/mixamorig:RightHandIndex4"},{"name":"mixamorig:RightHandThumb1","scale":[1,1,1],"children":[55],"parent":null,"position":[-0.0246480610221624,-0.0157271418720484,0.0268262643367052],"quat":[0,0,0,1],"path":"mixamorig:Hips/mixamorig:Spine/mixamorig:Spine1/mixamorig:Spine2/mixamorig:RightShoulder/mixamorig:RightArm/mixamorig:RightForeArm/mixamorig:RightHand/mixamorig:RightHandThumb1","uniqueBindPose":[1,0,0,0,0,1,0,0,0,0,1,0,0.7379796504974365,-1.4220515489578247,0.023440459743142128,1]},{"name":"mixamorig:RightHandThumb2","scale":[1,1,1],"children":[56],"parent":null,"position":[-0.0322977192699909,-0.0186470877379179,0.0186471845954657],"quat":[0,0,0,1],"path":"mixamorig:Hips/mixamorig:Spine/mixamorig:Spine1/mixamorig:Spine2/mixamorig:RightShoulder/mixamorig:RightArm/mixamorig:RightForeArm/mixamorig:RightHand/mixamorig:RightHandThumb1/mixamorig:RightHandThumb2","uniqueBindPose":[1,0,0,0,0,1,0,0,0,0,1,0,0.7702773809432983,-1.4034043550491333,0.004793275147676468,1]},{"name":"mixamorig:RightHandThumb3","scale":[1,1,1],"children":[57],"parent":null,"position":[-0.0265260506421328,-0.0153144923970103,0.0153144560754299],"quat":[0,0,0,1],"path":"mixamorig:Hips/mixamorig:Spine/mixamorig:Spine1/mixamorig:Spine2/mixamorig:RightShoulder/mixamorig:RightArm/mixamorig:RightForeArm/mixamorig:RightHand/mixamorig:RightHandThumb1/mixamorig:RightHandThumb2/mixamorig:RightHandThumb3","uniqueBindPose":[1,0,0,0,0,1,0,0,0,0,1,0,0.7968034148216248,-1.388089895248413,-0.010521179996430874,1]},{"name":"mixamorig:RightHandThumb4","scale":[1,1,1],"parent":null,"position":[-0.0195458047091961,-0.0112846167758107,0.0112850703299046],"quat":[0,0,0,1],"path":"mixamorig:Hips/mixamorig:Spine/mixamorig:Spine1/mixamorig:Spine2/mixamorig:RightShoulder/mixamorig:RightArm/mixamorig:RightForeArm/mixamorig:RightHand/mixamorig:RightHandThumb1/mixamorig:RightHandThumb2/mixamorig:RightHandThumb3/mixamorig:RightHandThumb4"},{"name":"mixamorig:LeftUpLeg","scale":[1,1,1],"children":[59],"parent":null,"position":[0.0820778161287308,-0.0675171390175819,-0.0159955564886332],"quat":[0,0,0,1],"path":"mixamorig:Hips/mixamorig:LeftUpLeg","uniqueBindPose":[1,0,0,0,0,1,0,0,0,0,1,0,-0.08207781612873077,-0.97239750623703,-0.004765209276229143,1]},{"name":"mixamorig:LeftLeg","scale":[1,1,1],"children":[60],"parent":null,"position":[-4.11015799173242e-9,-0.443704724311829,0.0028464263305068],"quat":[0,0,0,1],"path":"mixamorig:Hips/mixamorig:LeftUpLeg/mixamorig:LeftLeg","uniqueBindPose":[1,0,0,0,0,1,0,0,0,0,1,0,-0.08207780867815018,-0.5286927819252014,-0.007611635606735945,1]},{"name":"mixamorig:LeftFoot","scale":[1,1,1],"children":[61],"parent":null,"position":[4.71639349797215e-9,-0.444278717041016,-0.0298219062387943],"quat":[0,0,0,1],"path":"mixamorig:Hips/mixamorig:LeftUpLeg/mixamorig:LeftLeg/mixamorig:LeftFoot","uniqueBindPose":[1,0,0,0,0,1,0,0,0,0,1,0,-0.08207781612873077,-0.08441410213708878,0.022210270166397095,1]},{"name":"mixamorig:LeftToeBase","scale":[1,1,1],"children":[62],"parent":null,"position":[-2.9609878993142e-8,-0.0872866958379745,0.107105597853661],"quat":[0,0,0,1],"path":"mixamorig:Hips/mixamorig:LeftUpLeg/mixamorig:LeftLeg/mixamorig:LeftFoot/mixamorig:LeftToeBase","uniqueBindPose":[1,0,0,0,0,1,0,0,0,0,1,0,-0.08207778632640839,0.0028725978918373585,-0.08489533513784409,1]},{"name":"mixamorig:LeftToe_End","scale":[1,1,1],"parent":null,"position":[-2.50806184709518e-8,-0.00000676682975608855,0.0927813574671745],"quat":[0,0,0,1],"path":"mixamorig:Hips/mixamorig:LeftUpLeg/mixamorig:LeftLeg/mixamorig:LeftFoot/mixamorig:LeftToeBase/mixamorig:LeftToe_End"},{"name":"mixamorig:RightUpLeg","scale":[1,1,1],"children":[64],"parent":null,"position":[-0.0820779576897621,-0.0675166174769402,-0.0159955937415361],"quat":[0,0,0,1],"path":"mixamorig:Hips/mixamorig:RightUpLeg","uniqueBindPose":[1,0,0,0,0,1,0,0,0,0,1,0,0.08207795768976212,-0.972398042678833,-0.004765171557664871,1]},{"name":"mixamorig:RightLeg","scale":[1,1,1],"children":[65],"parent":null,"position":[8.43557224072811e-10,-0.443705350160599,0.00286156381480396],"quat":[0,0,0,1],"path":"mixamorig:Hips/mixamorig:RightUpLeg/mixamorig:RightLeg","uniqueBindPose":[1,0,0,0,0,1,0,0,0,0,1,0,0.08207795768976212,-0.5286926627159119,-0.007626735605299473,1]},{"name":"mixamorig:RightFoot","scale":[1,1,1],"children":[66],"parent":null,"position":[9.64458202190599e-9,-0.444277286529541,-0.0298378895968199],"quat":[0,0,0,1],"path":"mixamorig:Hips/mixamorig:RightUpLeg/mixamorig:RightLeg/mixamorig:RightFoot","uniqueBindPose":[1,0,0,0,0,1,0,0,0,0,1,0,0.08207795023918152,-0.08441540598869324,0.02221115492284298,1]},{"name":"mixamorig:RightToeBase","scale":[1,1,1],"children":[67],"parent":null,"position":[-2.36043806722819e-8,-0.087286688387394,0.107105605304241],"quat":[0,0,0,1],"path":"mixamorig:Hips/mixamorig:RightUpLeg/mixamorig:RightLeg/mixamorig:RightFoot/mixamorig:RightToeBase","uniqueBindPose":[1,0,0,0,0,1,0,0,0,0,1,0,0.08207796514034271,0.002871280536055565,-0.08489445596933365,1]},{"name":"mixamorig:RightToe_End","scale":[1,1,1],"parent":null,"position":[-2.09426449515604e-8,-0.00000676369381835684,0.092781201004982],"quat":[0,0,0,1],"path":"mixamorig:Hips/mixamorig:RightUpLeg/mixamorig:RightLeg/mixamorig:RightFoot/mixamorig:RightToeBase/mixamorig:RightToe_End"},{"name":"Beta_Joints","scale":[1,1,1],"mesh":0,"skin":0,"parent":null,"position":[0,0,0],"quat":[0,0,0,1],"path":"Beta_Joints"},{"name":"Beta_Surface","scale":[1,1,1],"mesh":1,"skin":1,"parent":null,"position":[0,0,0],"quat":[0,0,0,1],"path":"Beta_Surface"}],"_precomputeJointMatrix":true}