[{"__type__":"cc.Prefab","_name":"barrage","data":{"__id__":1}},{"__type__":"cc.Node","_name":"barrage","_components":[{"__type__":"cc.Label","node":{"__id__":1},"_materials":[{"__uuid__":"ecpdLyjvZBwrvm+cedCcQy"}],"_useOriginalSize":false,"_string":"UI 显示在了 VideoPlayer 上面了，👍","_N$string":"UI 显示在了 VideoPlayer 上面了，👍","_fontSize":25,"_lineHeight":30,"_N$horizontalAlign":1,"_N$verticalAlign":1,"_N$cacheMode":1},{"__type__":"cc.Animation","node":{"__id__":1},"_defaultClip":{"__uuid__":"7bqfoOE6pEzbMYyed7JJ4X"},"_clips":[{"__uuid__":"7bqfoOE6pEzbMYyed7JJ4X"}],"playOnLoad":true},{"__type__":"cc.LabelOutline","node":{"__id__":1},"_width":2}],"_prefab":{"__type__":"cc.PrefabInfo","root":{"__id__":1},"asset":{"__uuid__":"e5JG6AOJ1BkblvxEiDxywK"},"fileId":"a3fH+Q3XNFJbqINlOD2jIY"},"_contentSize":{"__type__":"cc.Size","width":410.19,"height":41.8},"_trs":{"__type__":"TypedArray","ctor":"Float64Array","array":[722.406982421875,235.6479949951172,0,0,0,0,1,1,1,1]}}]