[{"__type__":"cc.SceneAsset","_name":"TiledTile","scene":{"__id__":1},"asyncLoadAssets":null},{"__type__":"cc.Scene","_name":"New Node","_children":[{"__id__":2},{"__id__":4}],"_anchorPoint":{"__type__":"cc.Vec2"},"_trs":{"__type__":"TypedArray","ctor":"Float64Array","array":[0,0,0,0,0,0,1,0.7109130859375,0.7109130859375,1]},"_zIndex":0,"autoReleaseAssets":false},{"__type__":"cc.Node","_name":"Canvas","_parent":{"__id__":1},"_children":[{"__id__":3}],"_components":[{"__type__":"cc.Canvas","node":{"__id__":2}},{"__type__":"cc.Widget","node":{"__id__":2},"_alignFlags":45}],"_contentSize":{"__type__":"cc.Size","width":960,"height":640},"_trs":{"__type__":"TypedArray","ctor":"Float64Array","array":[480,320,0,0,0,0,0,1,1,1]},"_zIndex":0,"_id":"7coqV/R+lHKJIm2iT/gmeU"},{"__type__":"cc.Node","_name":"Main Camera","_parent":{"__id__":2},"_components":[{"__type__":"cc.Camera","node":{"__id__":3},"_clearFlags":7,"_depth":-1}],"_trs":{"__type__":"TypedArray","ctor":"Float64Array","array":[0,0,0,0,0,0,0,1,1,1]},"_zIndex":0},{"__type__":"cc.Node","_name":"map","_parent":{"__id__":1},"_children":[{"__id__":5},{"__id__":6},{"__id__":7}],"_components":[{"__type__":"cc.TiledMap","node":{"__id__":4},"_tmxFile":{"__uuid__":"1aTJWFnE5NYaooFmtSlFMi"}}],"_contentSize":{"__type__":"cc.Size","width":960,"height":960},"_anchorPoint":{"__type__":"cc.Vec2"},"_trs":{"__type__":"TypedArray","ctor":"Float64Array","array":[0,0,0,0,0,0,0,1,1,1]},"_zIndex":0,"_id":"d11elb8CdBep9dnsXkgsKq"},{"__type__":"cc.Node","_name":"floor","_parent":{"__id__":4},"_components":[{"__type__":"cc.TiledLayer","node":{"__id__":5}}],"_contentSize":{"__type__":"cc.Size","width":960,"height":960},"_anchorPoint":{"__type__":"cc.Vec2"},"_trs":{"__type__":"TypedArray","ctor":"Float64Array","array":[0,0,0,0,0,0,0,1,1,1]},"_zIndex":0},{"__type__":"cc.Node","_name":"barrier","_parent":{"__id__":4},"_components":[{"__type__":"cc.TiledLayer","node":{"__id__":6}},{"__type__":"f47ccRZveFP2o2cCRmfZTTo","node":{"__id__":6}}],"_contentSize":{"__type__":"cc.Size","width":960,"height":960},"_anchorPoint":{"__type__":"cc.Vec2"},"_trs":{"__type__":"TypedArray","ctor":"Float64Array","array":[0,0,0,0,0,0,0,1,1,1]},"_zIndex":0},{"__type__":"cc.Node","_name":"players","_parent":{"__id__":4},"_components":[{"__type__":"cc.TiledObjectGroup","node":{"__id__":7}}],"_contentSize":{"__type__":"cc.Size","width":960,"height":960},"_trs":{"__type__":"TypedArray","ctor":"Float64Array","array":[0,0,0,0,0,0,0,1,1,1]},"_zIndex":0}]