{"__type__":"dragonBones.DragonBonesAsset","_name":"NewDragonTest","_dragonBonesJson":"{\"frameRate\":30,\"version\":\"4.5\",\"armature\":[{\"frameRate\":30,\"defaultActions\":[{\"gotoAndPlay\":\"stand\"}],\"bone\":[{\"transform\":{},\"name\":\"root\"},{\"transform\":{\"y\":-158.18,\"x\":144.22},\"name\":\"IK_Lhand\",\"parent\":\"root\"},{\"transform\":{\"y\":-169.81,\"x\":-13.64},\"name\":\"IK_Rhand\",\"parent\":\"root\"},{\"transform\":{\"y\":-95.63,\"x\":45.23},\"name\":\"bone\",\"parent\":\"root\"},{\"length\":45,\"parent\":\"root\",\"transform\":{\"y\":-49.74,\"skX\":73.82,\"skY\":73.82,\"x\":42.81},\"name\":\"jiaoL\"},{\"length\":63,\"parent\":\"root\",\"transform\":{\"y\":-75.74,\"skX\":101.43,\"skY\":101.43,\"x\":-53.15},\"name\":\"jiaoR\"},{\"length\":209,\"parent\":\"bone\",\"transform\":{\"y\":-4.69,\"skX\":-106.65,\"skY\":-106.65},\"name\":\"shenti\"},{\"length\":76,\"parent\":\"bone\",\"transform\":{\"y\":-16.48,\"skX\":104.57,\"skY\":104.57,\"x\":-40.02},\"name\":\"datuiR\"},{\"length\":137,\"parent\":\"bone\",\"transform\":{\"y\":-1.16,\"skX\":165.01,\"skY\":165.01,\"x\":-2.34},\"name\":\"weiba1\"},{\"length\":65,\"parent\":\"bone\",\"transform\":{\"y\":3.53,\"skX\":41.71,\"skY\":41.71,\"x\":3.53},\"name\":\"datuiL\"},{\"length\":32,\"parent\":\"weiba1\",\"transform\":{\"y\":46.38,\"skX\":52.31,\"skY\":52.31,\"x\":100.31},\"name\":\"bone12\"},{\"length\":25,\"parent\":\"shenti\",\"transform\":{\"y\":0.14,\"skX\":-112.65,\"skY\":-112.65,\"x\":140.03},\"name\":\"jianbang\"},{\"length\":76,\"parent\":\"shenti\",\"transform\":{\"y\":-34.93,\"skX\":-93.15,\"skY\":-93.15,\"x\":166.51},\"name\":\"chibangR1\"},{\"length\":26,\"parent\":\"weiba1\",\"transform\":{\"y\":45.26,\"skX\":62.99,\"skY\":62.99,\"x\":128.5},\"name\":\"bone13\"},{\"length\":52,\"parent\":\"datuiR\",\"transform\":{\"y\":1.61,\"skX\":119.99,\"skY\":119.99,\"x\":75.98},\"name\":\"xiaotuiR\"},{\"length\":60,\"parent\":\"shenti\",\"transform\":{\"y\":56.72,\"skX\":-54.67,\"skY\":-54.67,\"x\":116.89},\"name\":\"chibangL1\"},{\"length\":47,\"parent\":\"weiba1\",\"transform\":{\"y\":57.38,\"skX\":24.37,\"skY\":24.37,\"x\":51.86},\"name\":\"bone11\"},{\"length\":96,\"parent\":\"shenti\",\"transform\":{\"y\":-2.93,\"skX\":54.16,\"skY\":54.16,\"x\":203.63},\"name\":\"bozixia\"},{\"length\":53,\"parent\":\"datuiL\",\"transform\":{\"y\":1.86,\"skX\":141.04,\"skY\":141.04,\"x\":65.75},\"name\":\"xiaotuiL\"},{\"length\":66,\"parent\":\"weiba1\",\"transform\":{\"y\":0.91,\"skX\":27.7,\"skY\":27.7,\"x\":141.22},\"name\":\"weiba2\"},{\"length\":41,\"parent\":\"shenti\",\"transform\":{\"y\":47.07,\"skX\":165.85,\"skY\":165.85,\"x\":103.87},\"name\":\"dabiL\"},{\"length\":74,\"parent\":\"jianbang\",\"transform\":{\"y\":-7.44,\"skX\":15.05,\"skY\":15.05,\"x\":24.35},\"name\":\"dabiR\"},{\"length\":62,\"parent\":\"weiba2\",\"transform\":{\"skX\":22.66,\"skY\":22.66,\"x\":67.21},\"name\":\"bone26\"},{\"length\":62,\"parent\":\"bozixia\",\"transform\":{\"y\":-3.76,\"skX\":35.23,\"skY\":35.23,\"x\":86.13},\"name\":\"bozishang\"},{\"length\":62,\"parent\":\"dabiL\",\"transform\":{\"y\":1.88,\"skX\":-46.38,\"skY\":-46.38,\"x\":46.85},\"name\":\"xiaobiL\"},{\"length\":21,\"parent\":\"weiba2\",\"transform\":{\"y\":33.74,\"skX\":52.56,\"skY\":52.56,\"x\":37.58},\"name\":\"bone14\"},{\"length\":270,\"parent\":\"chibangL1\",\"transform\":{\"y\":-0.22,\"skX\":43.37,\"skY\":43.37,\"x\":56.91},\"name\":\"chibangL3\"},{\"length\":148,\"parent\":\"chibangR1\",\"transform\":{\"y\":8.06,\"skX\":85.15,\"skY\":85.15,\"x\":58.47},\"name\":\"bone2\"},{\"length\":14,\"parent\":\"bone26\",\"transform\":{\"y\":26.6,\"skX\":64.01,\"skY\":64.01,\"x\":19.07},\"name\":\"bone15\"},{\"length\":44,\"parent\":\"xiaobiL\",\"transform\":{\"y\":-0.67,\"skX\":-15.4,\"skY\":-15.4,\"x\":61.41},\"name\":\"shouL\"},{\"length\":95,\"parent\":\"bone2\",\"transform\":{\"y\":-0.57,\"skX\":26.5,\"skY\":26.5,\"x\":148.48},\"name\":\"bone3\"},{\"length\":110,\"parent\":\"bozishang\",\"transform\":{\"y\":8.35,\"skX\":-109.1,\"skY\":-109.1,\"x\":46.71},\"name\":\"er\"},{\"length\":160,\"parent\":\"bozishang\",\"transform\":{\"y\":28.97,\"skX\":66.19,\"skY\":66.19,\"x\":57.56},\"name\":\"zui\"},{\"length\":84,\"parent\":\"bozishang\",\"transform\":{\"y\":-2.61,\"skX\":17.89,\"skY\":17.89,\"x\":55.05},\"name\":\"tou\"},{\"length\":56,\"parent\":\"bone26\",\"transform\":{\"y\":1.25,\"skX\":81.13,\"skY\":81.13,\"x\":63.75},\"name\":\"weiba3\"},{\"length\":17,\"parent\":\"bone26\",\"transform\":{\"y\":24.63,\"skX\":111.95,\"skY\":111.95,\"x\":42.55},\"name\":\"bone16\"},{\"length\":86,\"parent\":\"bozishang\",\"transform\":{\"y\":26.29,\"skX\":-130.37,\"skY\":-130.37,\"x\":25.11},\"name\":\"chujiao\"},{\"length\":62,\"parent\":\"dabiR\",\"transform\":{\"y\":1.98,\"skX\":-140.33,\"skY\":-140.33,\"x\":70.15},\"name\":\"xiaobiR\"},{\"length\":79,\"parent\":\"bone3\",\"transform\":{\"y\":-20.28,\"skX\":-127.12,\"skY\":-127.12,\"x\":75.77},\"name\":\"bone6\"},{\"length\":14,\"parent\":\"weiba3\",\"transform\":{\"y\":18.65,\"skX\":48.63,\"skY\":48.63,\"x\":48.15},\"name\":\"bone18\"},{\"length\":129,\"parent\":\"tou\",\"transform\":{\"y\":-32.52,\"skX\":-124.1,\"skY\":-124.1,\"x\":70.29},\"name\":\"toujiaoL\"},{\"length\":205,\"parent\":\"tou\",\"transform\":{\"y\":-40.46,\"skX\":-131.51,\"skY\":-131.51,\"x\":41.95},\"name\":\"toujiaoR\"},{\"length\":62,\"parent\":\"bone3\",\"transform\":{\"y\":-14.64,\"skX\":-147.55,\"skY\":-147.55,\"x\":54.96},\"name\":\"bone8\"},{\"length\":64,\"parent\":\"tou\",\"transform\":{\"y\":-36.22,\"skX\":-162.1,\"skY\":-162.1,\"x\":14.79},\"name\":\"tou1\"},{\"length\":123,\"parent\":\"bone3\",\"transform\":{\"y\":-1.15,\"skX\":-74.86,\"skY\":-74.86,\"x\":95.08},\"name\":\"bone4\"},{\"length\":12,\"parent\":\"weiba3\",\"transform\":{\"y\":18.49,\"skX\":60.23,\"skY\":60.23,\"x\":32.65},\"name\":\"bone17\"},{\"length\":52,\"parent\":\"weiba3\",\"transform\":{\"y\":0.9,\"skX\":-65.44,\"skY\":-65.44,\"x\":50.54},\"name\":\"weiba4\"},{\"length\":83,\"parent\":\"xiaobiR\",\"transform\":{\"y\":-0.1,\"skX\":35,\"skY\":35,\"x\":61.96},\"name\":\"shouR\"},{\"length\":9,\"parent\":\"weiba4\",\"transform\":{\"y\":26.57,\"skX\":88.32,\"skY\":88.32,\"x\":14.2},\"name\":\"bone20\"},{\"length\":11,\"parent\":\"weiba4\",\"transform\":{\"y\":20.7,\"skX\":97.79,\"skY\":97.79,\"x\":-5.44},\"name\":\"bone19\"},{\"length\":50,\"parent\":\"weiba4\",\"transform\":{\"y\":-2.34,\"skX\":-65.02,\"skY\":-65.02,\"x\":54.11},\"name\":\"weiba5\"},{\"length\":93,\"parent\":\"bone6\",\"transform\":{\"y\":0.34,\"skX\":-35.04,\"skY\":-35.04,\"x\":79.56},\"name\":\"bone7\"},{\"length\":60,\"parent\":\"bone8\",\"transform\":{\"y\":-0.29,\"skX\":-31.02,\"skY\":-31.02,\"x\":62.03},\"name\":\"bone9\"},{\"length\":142,\"parent\":\"bone4\",\"transform\":{\"y\":-0.09,\"skX\":-50.1,\"skY\":-50.1,\"x\":123},\"name\":\"bone5\"},{\"length\":10,\"parent\":\"weiba4\",\"transform\":{\"y\":18.03,\"skX\":1.16,\"skY\":1.16,\"x\":40.58},\"name\":\"bone21\"},{\"length\":35,\"parent\":\"weiba5\",\"transform\":{\"y\":6.5,\"skX\":7.73,\"skY\":7.73,\"x\":78.32},\"name\":\"bone25\"},{\"length\":36,\"parent\":\"weiba5\",\"transform\":{\"y\":-15.26,\"skX\":-46.24,\"skY\":-46.24,\"x\":41.93},\"name\":\"bone22\"},{\"length\":24,\"parent\":\"weiba5\",\"transform\":{\"y\":-8.06,\"skX\":-31.92,\"skY\":-31.92,\"x\":71.69},\"name\":\"bone23\"},{\"length\":82,\"parent\":\"bone9\",\"transform\":{\"y\":0.28,\"skX\":-22.38,\"skY\":-22.38,\"x\":60.68},\"name\":\"bone10\"},{\"length\":34,\"parent\":\"bone23\",\"transform\":{\"y\":-0.07,\"skX\":-33.88,\"skY\":-33.88,\"x\":25.26},\"name\":\"bone24\"}],\"slot\":[{\"color\":{},\"name\":\"tail\",\"parent\":\"weiba1\"},{\"z\":1,\"color\":{},\"name\":\"chibangL2\",\"parent\":\"chibangL3\"},{\"z\":2,\"color\":{},\"name\":\"chibangL1\",\"parent\":\"chibangL1\"},{\"z\":3,\"color\":{},\"name\":\"dabiL\",\"parent\":\"dabiL\"},{\"z\":4,\"color\":{},\"name\":\"xiaobiL\",\"parent\":\"xiaobiL\"},{\"z\":5,\"color\":{},\"name\":\"shouL\",\"parent\":\"shouL\"},{\"z\":6,\"color\":{},\"name\":\"jiaoL\",\"parent\":\"jiaoL\"},{\"z\":7,\"color\":{},\"name\":\"xiaotuiL\",\"parent\":\"xiaotuiL\"},{\"z\":8,\"color\":{},\"name\":\"datuiL\",\"parent\":\"datuiL\"},{\"z\":9,\"color\":{},\"name\":\"shenti\",\"parent\":\"shenti\"},{\"z\":10,\"color\":{},\"name\":\"bozixia\",\"parent\":\"bozixia\"},{\"z\":11,\"color\":{},\"name\":\"bozishang\",\"parent\":\"bozishang\"},{\"z\":12,\"color\":{},\"name\":\"toujiaoL\",\"parent\":\"toujiaoL\"},{\"z\":13,\"color\":{},\"name\":\"tou1\",\"parent\":\"tou1\"},{\"z\":14,\"color\":{},\"name\":\"chujiao\",\"parent\":\"chujiao\"},{\"z\":15,\"color\":{},\"name\":\"er\",\"parent\":\"er\"},{\"z\":16,\"color\":{},\"name\":\"zui\",\"parent\":\"zui\"},{\"z\":17,\"color\":{},\"name\":\"toujiaoR\",\"parent\":\"toujiaoR\"},{\"z\":18,\"color\":{},\"name\":\"tou\",\"parent\":\"tou\"},{\"z\":19,\"color\":{},\"name\":\"jiaoR\",\"parent\":\"jiaoR\"},{\"z\":20,\"color\":{},\"name\":\"xiaotuiR\",\"parent\":\"xiaotuiR\"},{\"z\":21,\"color\":{},\"name\":\"datuiR\",\"parent\":\"datuiR\"},{\"z\":22,\"color\":{},\"name\":\"chibangR2\",\"parent\":\"bone2\"},{\"z\":23,\"color\":{},\"name\":\"chibangR1\",\"parent\":\"chibangR1\"},{\"z\":24,\"color\":{},\"name\":\"jianbang\",\"parent\":\"jianbang\"},{\"z\":25,\"color\":{},\"name\":\"dabiR\",\"parent\":\"dabiR\"},{\"z\":26,\"color\":{},\"name\":\"xiaobiR\",\"parent\":\"xiaobiR\"},{\"z\":27,\"color\":{},\"name\":\"shouR\",\"parent\":\"shouR\"},{\"z\":28,\"color\":{},\"name\":\"author\",\"parent\":\"root\"}],\"ik\":[{\"bone\":\"xiaobiL\",\"weight\":0,\"bendPositive\":\"false\",\"target\":\"IK_Lhand\",\"chain\":1,\"name\":\"IK_L\"},{\"bone\":\"xiaobiR\",\"weight\":0,\"bendPositive\":\"false\",\"target\":\"IK_Rhand\",\"chain\":1,\"name\":\"IK_R\"}],\"skin\":[{\"name\":\"\",\"slot\":[{\"display\":[{\"type\":\"image\",\"transform\":{\"y\":-0.78,\"skX\":-50.26,\"skY\":-50.26,\"x\":54.61},\"name\":\"shouR\"}],\"name\":\"shouR\"},{\"display\":[{\"type\":\"image\",\"transform\":{\"y\":0.49,\"skX\":126.36,\"skY\":126.36,\"x\":44.31},\"name\":\"er\"}],\"name\":\"er\"},{\"display\":[{\"type\":\"image\",\"transform\":{\"y\":-23.29,\"skX\":-70.67,\"skY\":-70.67,\"x\":34.66},\"name\":\"jiaoL\"}],\"name\":\"jiaoL\"},{\"display\":[{\"triangles\":[48,47,49,47,0,49,0,50,49,45,0,46,46,0,47,44,0,45,34,25,17,34,17,44,10,0,44,17,10,44,43,34,44,10,1,0,42,34,43,9,2,1,10,9,1,7,3,2,8,7,2,9,8,2,17,16,10,33,25,34,41,34,42,6,4,3,7,6,3,25,24,17,6,5,4,24,18,17,16,15,11,15,12,11,24,23,18,33,32,25,40,35,41,14,13,12,15,14,12,32,31,26,23,22,18,22,19,18,21,20,19,40,36,35,39,36,40,31,27,26,22,21,19,31,30,27,30,28,27,38,37,36,39,38,36,30,29,28,32,26,25,16,11,10,41,35,34],\"width\":263,\"edges\":[29,28,28,27,27,26,26,25,25,24,24,23,23,22,22,21,21,20,20,19,19,18,18,17,17,16,16,15,15,14,14,13,13,12,12,11,11,10,10,9,9,8,8,7,7,6,6,5,5,4,4,3,3,2,2,1,1,0,0,50,50,49,49,48,48,47,47,46,46,45,45,44,44,43,43,42,42,41,41,40,40,39,39,38,38,37,37,36,36,35,35,34,34,33,33,32,32,31,31,30,30,29],\"uvs\":[0.43834,0.72029,0.38736,0.79202,0.31233,0.84027,0.26327,0.90026,0.22575,0.99938,0.20747,0.99677,0.2017,0.93939,0.21228,0.82593,0.23922,0.73334,0.27,0.67335,0.30271,0.63422,0.23825,0.68508,0.18727,0.75159,0.14302,0.86114,0.1257,0.85592,0.14206,0.70986,0.18631,0.57815,0.23248,0.51164,0.17476,0.54685,0.10839,0.63813,0.07087,0.74507,0.05644,0.72029,0.07472,0.54815,0.1132,0.45165,0.14783,0.39035,0.18535,0.35514,0.11608,0.40209,0.06895,0.44512,0.0093,0.54293,0,0.54163,0.00546,0.41904,0.05163,0.3121,0.09973,0.23647,0.16514,0.18561,0.20939,0.16474,0.13821,0.17517,0.07087,0.20647,0.00065,0.25342,0.00065,0.21299,0.04297,0.13866,0.10165,0.08649,0.16611,0.04346,0.24884,0.01607,0.31329,0,0.523,0,0.64806,0.03824,0.76926,0.10475,0.82217,0.15561,1,0.26907,1,0.85462,0.43738,0.77507],\"vertices\":[-37.2,-33.3,-56.4,-35.46,-75.84,-45.41,-92.93,-48.56,-114.19,-44.68,-116.72,-48.8,-108.81,-56.78,-89.66,-67.98,-71.1,-73.3,-56.94,-73.97,-45.68,-71.76,-63.83,-79.2,-82.23,-81.98,-106.17,-78.27,-108.14,-82.49,-83.05,-96.34,-55.69,-102.67,-38.06,-100.9,-52.73,-108.78,-77.4,-111.84,-99.87,-107.03,-98.37,-112.97,-68.95,-129.49,-47.94,-132.87,-32.96,-132.89,-21.53,-129.22,-39.85,-138.12,-54.02,-142.87,-78.63,-143.75,-79.92,-145.85,-60.18,-159.19,-36.33,-162.2,-16.98,-161.1,1.31,-153.46,11.61,-146.7,-1.39,-160.32,-16.99,-170.66,-35.46,-179.77,-29.24,-184.54,-11.03,-184.5,6.39,-178.42,23.34,-170.06,40.8,-156.04,53.6,-144.49,87.19,-100.74,101.33,-70.14,110.51,-37,111.16,-19.95,122.18,30.54,32.08,99.72,-45.78,-27.03],\"type\":\"mesh\",\"transform\":{},\"name\":\"bozixia\",\"userEdges\":[],\"height\":194}],\"name\":\"bozixia\"},{\"display\":[{\"type\":\"image\",\"transform\":{\"y\":1.03,\"skX\":117.95,\"skY\":117.95,\"x\":130.75},\"name\":\"chibangL2\"}],\"name\":\"chibangL2\"},{\"display\":[{\"type\":\"image\",\"transform\":{\"y\":3.12,\"skX\":-104.98,\"skY\":-104.98,\"x\":40.73},\"name\":\"datuiR\"}],\"name\":\"datuiR\"},{\"display\":[{\"type\":\"image\",\"transform\":{\"y\":61.59,\"x\":3.27},\"name\":\"author\"}],\"name\":\"author\"},{\"display\":[{\"type\":\"image\",\"transform\":{\"y\":4.34,\"skX\":-48.94,\"skY\":-48.94,\"x\":69.9},\"name\":\"zui\"}],\"name\":\"zui\"},{\"display\":[{\"type\":\"image\",\"transform\":{\"y\":7.51,\"skX\":-160.17,\"skY\":-160.17,\"x\":36.43},\"name\":\"chibangR1\"}],\"name\":\"chibangR1\"},{\"display\":[{\"triangles\":[36,41,37,37,41,38,41,39,38,42,41,36,46,42,36,35,46,36,44,42,46,41,40,39,50,46,35,34,50,35,33,31,34,31,50,34,44,0,42,31,49,50,49,46,50,30,49,31,24,49,30,49,48,46,48,44,46,0,43,42,48,47,44,29,24,30,29,25,24,24,48,49,24,45,48,45,47,48,47,0,44,47,1,0,28,26,25,28,25,29,45,11,47,11,2,1,23,17,45,17,11,45,11,1,47,10,3,2,22,18,17,10,2,11,17,12,11,16,12,17,19,18,22,21,19,22,4,3,10,16,13,12,9,4,10,15,13,16,21,20,19,15,14,13,8,5,9,9,5,4,7,6,5,7,5,8,33,32,31,27,26,28,23,45,24,22,17,23],\"width\":301,\"edges\":[6,5,5,4,4,3,3,2,2,1,1,0,0,43,43,42,42,41,41,40,40,39,39,38,38,37,37,36,36,35,35,34,34,33,33,32,32,31,31,30,30,29,29,28,28,27,27,26,26,25,25,24,24,23,23,22,22,21,21,20,20,19,19,18,18,17,17,16,16,15,15,14,14,13,13,12,12,11,11,10,10,9,9,8,8,7,7,6],\"uvs\":[0.48093,0.53756,0.40112,0.5215,0.32131,0.48936,0.23024,0.42642,0.15861,0.3983,0.05731,0.37553,0,0.37955,0,0.35678,0.05628,0.32464,0.14838,0.30723,0.26298,0.30188,0.36326,0.31527,0.26503,0.26304,0.17396,0.22287,0.10244,0.2058,0.12893,0.17466,0.24047,0.15457,0.33768,0.1452,0.27117,0.0903,0.19545,0.03807,0.17498,0.022,0.18624,0.00325,0.308,0.00861,0.40112,0.0461,0.52084,0.14118,0.47966,0.09482,0.42635,0.04892,0.35347,0.0021,0.43965,0,0.50889,0.01844,0.57927,0.0456,0.64568,0.10503,0.59247,0.02334,0.61128,0.01626,0.75836,0.11461,0.85,0.19883,0.92963,0.31161,1,0.47063,1,0.81729,0.84241,1,0.79396,1,0.80641,0.80932,0.58408,0.6915,0.43385,0.59966,0.53881,0.40723,0.45097,0.17942,0.61547,0.28392,0.45539,0.36353,0.53383,0.23206,0.56338,0.20534,0.70018,0.17506],\"vertices\":[-32.76,-58.56,-54.61,-69.21,-75.36,-83.39,-97.25,-105.33,-115.93,-117.9,-143.5,-131.94,-160.25,-136.17,-158.69,-141.17,-140.32,-143.21,-112.66,-138.82,-79.35,-129.77,-51.43,-117.89,-76.11,-138.12,-99.56,-155.07,-116.33,-165.43,-109.21,-169.67,-75.78,-164.14,-47.2,-157.53,-62.58,-175.52,-80.78,-193.75,-85.57,-199.1,-81.06,-202.22,-46.42,-190.18,-22.2,-173.64,5.72,-142.07,-2.56,-154.61,-13.58,-171.28,-29.06,-184.79,-6.71,-179.93,10.25,-169.43,28.18,-158.32,44.08,-138.88,34.35,-161.57,40.24,-161.45,74.86,-125.72,94.14,-96.86,105.48,-71.38,121.02,-26.96,98.03,47.12,84.94,89.31,25.71,70.94,6.35,40.46,-24.82,-8.64,-50.52,-49.12,-7.23,-82.02,-16.96,-139.9,23.2,-102.28,-28.24,-99.07,3.26,-120.95,13.58,-124.18,54.97,-118.63],\"type\":\"mesh\",\"transform\":{},\"name\":\"bozishang\",\"userEdges\":[44,0,17,45,44,46,11,47,47,44,1,47,45,48,48,46,47,48,24,49,49,46,48,49,31,50,11,2,10,3,9,4,8,5,16,13,17,12,45,11,22,18,23,17,28,26,30,24,31,49,50,46,34,50,25,29],\"height\":230}],\"name\":\"bozishang\"},{\"display\":[{\"type\":\"image\",\"transform\":{\"y\":-1.53,\"skX\":161.33,\"skY\":161.33,\"x\":31.02},\"name\":\"chibangL1\"}],\"name\":\"chibangL1\"},{\"display\":[{\"edges\":[0,51,51,50,50,49,49,48,48,47,47,46,46,45,45,44,44,43,43,42,42,41,41,40,40,39,39,38,38,37,37,36,36,35,35,34,34,33,33,32,32,31,31,30,30,29,29,28,28,27,27,26,26,25,25,24,24,23,23,22,22,21,21,20,20,19,19,18,18,17,17,16,16,15,15,14,14,13,13,12,12,11,11,10,10,9,9,8,8,7,7,6,6,5,5,4,4,3,3,2,2,1,1,0],\"triangles\":[21,25,24,21,24,23,22,21,23,84,85,26,84,26,21,21,26,25,9,15,14,13,9,14,55,68,16,12,9,13,20,84,21,8,55,9,10,9,12,83,84,20,85,27,26,85,28,27,19,81,20,81,83,20,68,17,16,81,82,83,80,87,18,79,18,17,68,79,17,18,87,19,87,81,19,11,10,12,77,80,78,83,28,85,83,85,84,82,74,28,82,28,83,56,55,8,74,29,28,55,67,68,69,79,68,87,75,81,81,75,82,75,74,82,7,56,8,80,75,87,69,78,79,67,69,68,77,76,80,70,78,69,76,75,80,66,70,67,55,86,67,86,66,67,70,69,67,30,32,31,56,86,55,70,71,78,71,77,78,57,56,7,34,33,29,29,33,30,33,32,30,6,57,7,74,35,29,71,76,77,6,58,57,75,73,74,71,72,76,57,86,56,35,34,29,97,72,71,98,99,72,86,65,66,65,97,66,63,99,98,57,90,86,90,54,86,54,65,86,98,72,97,65,98,97,64,63,98,58,90,57,88,90,58,65,64,98,59,58,6,5,59,6,99,36,73,54,64,65,52,63,64,90,96,54,53,64,54,59,88,58,93,88,59,96,53,54,37,36,99,63,37,99,60,59,5,96,91,53,4,60,5,95,96,90,88,95,90,91,45,53,44,37,63,60,93,59,52,44,63,95,91,96,95,89,91,93,94,88,94,95,88,44,38,37,44,43,38,46,45,91,89,46,91,60,94,93,61,94,60,45,44,52,42,39,38,43,42,38,41,40,39,94,89,95,4,61,60,3,61,4,94,92,89,42,41,39,92,46,89,92,47,46,61,92,94,62,92,61,3,62,61,2,62,3,62,47,92,62,48,47,1,48,62,2,1,62,1,49,48,1,0,49,0,51,50,0,50,49,64,52,53,45,52,53,99,72,73,73,75,76,72,73,76,36,73,35,73,35,74,78,79,80,80,79,18,55,9,16,9,16,15,66,70,97,97,71,70],\"weights\":[1,53,1,1,53,1,1,53,1,1,53,1,1,53,1,1,53,1,2,27,0.00799,44,0.992,3,27,0.00374,30,0.00425,44,0.992,2,30,0.00799,44,0.992,1,30,1,1,30,1,1,30,1,1,30,1,1,30,1,1,30,1,1,30,1,1,30,1,1,30,1,1,30,1,1,27,1,1,27,1,1,27,1,1,27,1,1,27,1,1,27,1,1,27,1,1,27,1,1,27,1,1,27,1,1,58,1,1,58,1,1,58,1,1,58,1,1,58,1,1,58,1,1,58,1,2,51,0.51049,58,0.4895,1,51,1,1,51,1,1,51,1,1,51,1,1,51,1,1,51,1,1,51,1,1,51,1,1,51,1,2,53,0.51199,51,0.488,1,53,1,1,53,1,1,53,1,1,53,1,1,53,1,1,51,1,1,51,1,1,38,1,1,38,1,2,44,0.992,38,0.00799,4,44,0.992,53,0.00039,51,0.00042,38,0.00718,4,44,0.992,53,0.00051,51,0.00047,38,0.007,1,53,1,1,53,1,1,53,1,1,53,1,1,51,1,1,51,1,1,38,1,1,38,1,1,38,1,1,42,1,1,42,1,1,42,1,1,42,1,1,52,1,1,58,1,1,58,1,1,58,1,1,52,1,1,42,1,1,42,1,1,42,1,1,30,1,1,27,1,1,27,1,1,27,1,1,27,1,1,27,1,1,38,1,1,27,1,2,53,0.51199,51,0.488,2,53,0.51199,51,0.488,2,51,0.48,38,0.51999,1,51,1,1,53,1,1,53,1,1,53,1,2,53,0.51199,51,0.488,1,51,1,2,38,0.50399,42,0.496,2,51,0.54103,52,0.45896,2,51,0.53831,58,0.46168],\"width\":323,\"userEdges\":[44,52,52,53,53,54,55,56,56,57,57,58,58,59,59,60,60,61,61,62,37,63,63,64,64,65,65,66,66,67,67,68,68,69,69,70,70,71,71,72,72,73,73,35,29,74,74,75,75,76,76,77,77,78,78,79,79,80,81,82,82,83,83,84,84,85,85,28,53,64,54,65,72,76,71,77,70,78,69,79,73,75,35,74,54,86,86,55,66,86,76,80,80,87,87,81,75,87,87,19,62,48,49,0,48,1,62,2,61,3,60,4,59,5,58,6,57,7,56,8,10,12,9,13,52,63,44,37,42,39,43,38,80,18,79,17,55,67,81,20,33,30,29,34,66,70,83,20,84,21,68,16,9,55,9,16,58,88,89,46,54,90,90,88,57,90,53,91,91,89,91,45,62,92,92,89,47,92,60,93,93,88,93,59,92,94,94,93,61,94,88,95,95,89,94,95,90,96,96,91,95,96,96,53,52,45,65,97,97,71,70,97,64,98,98,72,97,98,63,99,99,73,98,99,99,36],\"height\":339,\"type\":\"mesh\",\"bonePose\":[53,-0.8376233910890238,0.5462481621941844,-0.5462481621941844,-0.8376233910890238,-271.87142720185176,-503.25224800427674,27,-0.41707409184077104,-0.908872489359864,0.908872489359864,-0.41707409184077104,-93.68821585085512,-237.61790866371763,44,-0.9563557698862928,-0.2922047936040679,0.2922047936040679,-0.9563557698862928,-154.21336907441335,-467.3971304102662,30,0.03228298102577437,-0.9994787687270248,0.9994787687270248,0.03228298102577437,-156.1334343263079,-372.32956365152097,58,0.3272178989791039,0.9449489121575306,-0.9449489121575306,0.3272178989791039,-207.45886324156325,-315.7626631881689,51,-0.33693093568148663,0.9415293646938464,-0.9415293646938464,-0.33693093568148663,-239.1090784370761,-403.0520103994283,38,-0.8164400437365579,0.5774302165486729,-0.5774302165486729,-0.8164400437365579,-173.95678228376903,-448.71476881317034,42,-0.5635260489375712,0.8260982944957638,-0.8260982944957638,-0.5635260489375712,-168.991530863295,-427.7335396229756,52,-0.057215536424438,0.998361849427182,-0.998361849427182,-0.057215536424438,-203.70748317348875,-376.32723986121147],\"transform\":{},\"slotPose\":[1,0,0,1,0,0],\"uvs\":[0,0.40391,0,0.30686,0.08034,0.13778,0.19389,0.08185,0.29847,0.03034,0.43156,0.01273,0.53323,0.08318,0.61885,0.10006,0.69406,0.11488,0.74951,0.09198,0.74397,0.04267,0.72918,0,0.80682,0,0.89185,0.06556,0.91958,0.18357,0.89555,0.24874,0.83187,0.32677,0.7935,0.37379,0.78348,0.49741,0.80703,0.60679,0.83548,0.68339,0.87978,0.71579,0.94623,0.71645,1,0.76561,1,0.85227,0.91325,0.90881,0.84786,0.89993,0.79599,0.92257,0.74027,0.84934,0.62566,0.86343,0.63675,0.94445,0.66448,1,0.60717,1,0.53878,0.93564,0.53844,0.87724,0.53809,0.81754,0.45312,0.68447,0.38621,0.63988,0.36388,0.66957,0.33729,0.70491,0.30217,0.79122,0.2652,0.77889,0.24856,0.69082,0.26704,0.58867,0.33938,0.56399,0.34243,0.44449,0.28362,0.36141,0.19261,0.32872,0.10278,0.32911,0.0489,0.4074,0.03043,0.4918,0,0.49708,0.36241,0.52773,0.433,0.39962,0.47496,0.35601,0.66949,0.25607,0.61799,0.22518,0.54838,0.21519,0.48926,0.15977,0.42633,0.11888,0.34909,0.11525,0.23848,0.16885,0.1641,0.22246,0.41554,0.55583,0.47253,0.42184,0.50378,0.38506,0.59017,0.33427,0.68301,0.30449,0.70415,0.30975,0.68301,0.32814,0.63797,0.34741,0.59845,0.41221,0.55341,0.45162,0.51297,0.63553,0.59891,0.7905,0.57481,0.6385,0.61728,0.47885,0.63334,0.43073,0.66892,0.38262,0.7045,0.36293,0.66663,0.50618,0.72172,0.67896,0.72172,0.7227,0.75615,0.74676,0.7814,0.78175,0.77566,0.81893,0.5719,0.30621,0.70483,0.626,0.40205,0.21656,0.31258,0.32028,0.4397,0.28856,0.37562,0.36182,0.22996,0.26585,0.37465,0.16413,0.29613,0.21933,0.352,0.27459,0.40862,0.32409,0.55931,0.40099,0.51935,0.43908,0.47455,0.6041],\"vertices\":[-391.48,-367.87,-396.64,-400.37,-380,-461.04,-346.75,-485.52,-316.14,-508.06,-274.63,-520.7,-238.45,-502.27,-210.24,-500.96,-185.46,-499.81,-169.01,-510.3,-173.4,-526.53,-180.4,-540.06,-155.63,-544,-125.02,-526.38,-109.89,-488.28,-114.08,-465.24,-125.01,-436.71,-131.59,-419.52,-126.62,-373.16,-113.3,-345.91,-103.32,-325.5,-87.12,-318.68,-74.15,-313.23,-54.95,-308.43,-47.06,-258.92,-71.54,-239.9,-100.47,-228.04,-123.99,-231.53,-131.57,-256.32,-167.45,-245.75,-159.59,-219.19,-147.8,-201.99,-166.07,-199.09,-191.31,-217.18,-195.09,-240.28,-198.96,-263.9,-233.22,-288.79,-254.71,-304.4,-260.7,-295.17,-267.82,-284.18,-274.42,-253.5,-286.87,-255.75,-296.86,-284.38,-296.42,-319.52,-276.66,-335.96,-289.17,-358.45,-314.01,-381.04,-346.6,-389.68,-365.84,-387.12,-375.35,-363.25,-377.1,-339.99,-386.52,-336.69,-268.93,-344.81,-253.56,-391.23,-242.51,-407.96,-185.78,-451.3,-203.85,-459.03,-226.59,-458.85,-248.39,-474.4,-270.65,-484.91,-295.48,-482.21,-327.91,-458.66,-348.79,-436.94,-250.81,-338.05,-239.78,-385.81,-231.78,-399.71,-206.91,-421.11,-178.9,-435.79,-171.87,-435.08,-177.62,-427.86,-190.96,-419.13,-200.12,-395.43,-212.39,-379.95,-215.5,-316.33,-179.86,-268.81,-195.63,-318.48,-190.57,-374.08,-188.01,-391,-179.22,-408.92,-168.92,-417.31,-173.36,-367.43,-146.58,-312.4,-144.24,-297.76,-131.99,-291.46,-122.06,-281.03,-121.9,-268.3,-214.24,-429.56,-154.79,-329.27,-273.19,-450.96,-296.2,-411.69,-257.35,-428.75,-273.88,-400.98,-325.47,-425.75,-284.72,-467.14,-306.84,-444.68,-286.06,-428.98,-265.37,-415.27,-213.2,-397.2,-223.92,-382.41,-229.42,-324.9],\"name\":\"chibangR2\"}],\"name\":\"chibangR2\"},{\"display\":[{\"type\":\"image\",\"transform\":{\"y\":-1.04,\"skX\":170.08,\"skY\":170.08,\"x\":19.79},\"name\":\"xiaotuiL\"}],\"name\":\"xiaotuiL\"},{\"display\":[{\"type\":\"image\",\"transform\":{\"y\":-9.72,\"skX\":140.32,\"skY\":140.32,\"x\":101.02},\"name\":\"toujiaoR\"}],\"name\":\"toujiaoR\"},{\"display\":[{\"type\":\"image\",\"transform\":{\"y\":0.64,\"skX\":-42.65,\"skY\":-42.65,\"x\":39.21},\"name\":\"datuiL\"}],\"name\":\"datuiL\"},{\"display\":[{\"type\":\"image\",\"transform\":{\"y\":-2.34,\"skX\":134.25,\"skY\":134.25,\"x\":57.58},\"name\":\"toujiaoL\"}],\"name\":\"toujiaoL\"},{\"display\":[{\"type\":\"image\",\"transform\":{\"y\":0.45,\"skX\":161.47,\"skY\":161.47,\"x\":26.8},\"name\":\"tou1\"}],\"name\":\"tou1\"},{\"display\":[{\"type\":\"image\",\"transform\":{\"y\":3.97,\"skX\":147.63,\"skY\":147.63,\"x\":47},\"name\":\"chujiao\"}],\"name\":\"chujiao\"},{\"display\":[{\"triangles\":[10,11,0,11,1,0,5,6,3,2,5,3,6,7,3,7,8,3,9,10,3,8,9,3,10,0,3,12,1,11,7,18,8,19,9,8,21,11,10,9,20,10,20,21,10,19,20,9,18,19,8,6,17,7,12,11,19,11,21,20,19,11,20,18,12,19,2,4,5,17,13,18,13,12,18,17,18,7,16,14,17,14,13,17,6,16,17,13,1,12,5,16,6,5,15,16,15,14,16,4,15,5,14,15,13,15,2,13,2,1,13,4,2,15],\"width\":176,\"edges\":[1,0,0,3,3,2,2,1],\"uvs\":[1,1,0,1,0,0,1,0,0.30764,0.29612,0.37783,0.28012,0.47868,0.29745,0.53596,0.36345,0.58357,0.42145,0.58921,0.48945,0.60616,0.55745,0.51499,0.56812,0.40445,0.52745,0.34717,0.47879,0.33587,0.38612,0.31369,0.31542,0.41575,0.33012,0.49724,0.35812,0.54161,0.39145,0.57227,0.44812,0.57711,0.52745,0.57066,0.55079],\"vertices\":[168.1,156.16,-7.88,158.1,-10.22,-54.88,165.76,-56.82,44.6,7.58,56.92,4.04,74.71,7.54,84.95,21.48,93.46,33.74,94.61,48.22,97.75,62.67,81.73,65.11,62.19,56.67,51.99,46.41,49.78,26.7,45.72,11.68,63.71,14.62,78.12,20.42,86,27.44,91.53,39.45,92.57,56.33,91.49,61.32],\"type\":\"mesh\",\"transform\":{},\"name\":\"tou\",\"userEdges\":[4,5,5,6,6,7,7,8,8,9,9,10,10,11,11,12,12,13,13,14,4,15,15,14,15,16,16,17,17,18,18,19,19,20,20,21],\"height\":213}],\"name\":\"tou\"},{\"display\":[{\"type\":\"image\",\"transform\":{\"y\":1.51,\"skX\":-155.67,\"skY\":-155.67,\"x\":22.26},\"name\":\"dabiR\"}],\"name\":\"dabiR\"},{\"display\":[{\"type\":\"image\",\"transform\":{\"y\":0.4,\"skX\":132.48,\"skY\":132.48,\"x\":16.5},\"name\":\"xiaotuiR\"}],\"name\":\"xiaotuiR\"},{\"display\":[{\"type\":\"image\",\"transform\":{\"y\":0.58,\"skX\":-140.69,\"skY\":-140.69,\"x\":12.5},\"name\":\"jianbang\"}],\"name\":\"jianbang\"},{\"display\":[{\"type\":\"image\",\"transform\":{\"y\":6.26,\"skX\":106.65,\"skY\":106.65,\"x\":104.83},\"name\":\"shenti\"}],\"name\":\"shenti\"},{\"display\":[{\"type\":\"image\",\"transform\":{\"y\":10.76,\"skX\":-95.27,\"skY\":-95.27,\"x\":49.85},\"name\":\"jiaoR\"}],\"name\":\"jiaoR\"},{\"display\":[{\"type\":\"image\",\"transform\":{\"y\":3.85,\"skX\":-12.81,\"skY\":-12.81,\"x\":26.27},\"name\":\"xiaobiL\"}],\"name\":\"xiaobiL\"},{\"display\":[{\"type\":\"image\",\"transform\":{\"y\":2,\"skX\":2.59,\"skY\":2.59,\"x\":19.15},\"name\":\"shouL\"}],\"name\":\"shouL\"},{\"display\":[{\"edges\":[61,60,60,59,59,58,58,57,57,56,56,55,55,54,54,53,53,52,52,51,51,50,50,49,49,48,48,47,47,46,46,45,45,44,44,43,43,42,42,41,41,40,40,39,39,38,38,37,37,36,36,35,35,34,34,33,33,32,32,31,31,30,30,29,29,28,28,27,27,26,26,25,25,24,24,23,23,22,22,21,21,20,20,19,19,18,18,17,17,16,16,15,15,14,14,13,13,12,12,11,11,10,10,9,9,8,8,7,7,6,6,5,5,4,4,3,3,2,2,1,1,0,0,79,79,78,78,77,77,76,76,75,75,74,74,73,73,72,72,71,71,70,70,69,69,68,68,67,67,66,66,65,65,64,64,63,63,62,62,61],\"triangles\":[29,28,30,28,83,30,83,31,30,83,32,31,27,83,28,82,33,32,83,82,32,96,83,27,26,96,27,95,82,83,82,34,33,81,34,82,96,95,83,26,23,96,23,95,96,25,23,26,95,94,82,94,81,82,80,35,81,81,35,34,21,19,22,94,97,81,97,80,81,80,36,35,17,15,18,14,12,15,17,16,15,84,36,80,15,12,97,13,12,14,11,98,12,37,36,84,85,37,84,9,98,11,10,9,11,99,84,98,9,99,98,99,85,84,79,112,0,0,112,1,112,2,1,77,79,78,77,107,79,107,104,79,104,112,79,112,3,2,108,77,76,105,8,7,6,105,7,5,105,6,107,106,104,75,74,76,74,108,76,104,113,112,113,3,112,106,88,104,108,107,77,74,109,108,108,89,107,89,106,107,100,99,9,113,103,3,100,9,8,88,113,104,103,5,3,105,100,8,86,37,85,114,113,88,110,103,114,101,100,105,114,103,113,106,43,88,109,89,108,103,102,5,44,43,106,100,85,99,38,37,86,100,86,85,89,44,106,110,102,103,5,102,105,102,101,105,101,86,100,111,102,110,42,110,114,87,38,86,90,109,74,73,90,74,101,87,86,42,41,110,41,111,110,111,87,101,111,101,102,45,44,90,39,38,87,40,87,111,41,40,111,40,39,87,70,90,73,72,70,73,70,45,90,72,71,70,46,45,69,69,45,70,68,46,69,68,67,46,93,47,46,67,93,46,93,48,47,92,93,67,66,92,67,93,52,48,52,49,48,92,52,93,91,52,92,52,51,49,51,50,49,66,91,92,63,91,66,65,63,66,58,54,53,59,58,53,63,59,91,58,57,54,62,59,63,64,63,65,56,55,54,57,56,54,62,60,59,61,60,62,24,25,23,21,20,19,3,5,4,114,42,88,42,43,88,109,89,90,90,44,89,53,59,52,91,59,52,22,23,19,19,94,23,23,94,95,18,19,15,19,15,94,15,97,94,12,97,98,97,98,80,98,84,80],\"weights\":[1,39,1,1,39,1,2,39,0.86422,45,0.13576,2,39,0.19289,45,0.8071,1,45,1,2,45,0.18894,35,0.81105,1,35,1,3,45,0.01096,35,0.98779,28,0.00124,3,22,0.0211,35,0.73113,28,0.24775,3,22,0.05835,35,0.50368,28,0.43796,1,28,1,3,19,0.02092,28,0.78367,25,0.19539,3,19,0.03313,28,0.30362,25,0.66323,2,25,0.98965,13,0.01034,1,25,0.99999,2,25,0.21424,13,0.78575,4,8,0.00001,19,0.00016,13,0.99845,10,0.00136,2,19,0.00002,13,0.99996,2,13,0.93322,10,0.06677,3,8,0.00016,13,0.28786,10,0.71197,2,8,0.0001,10,0.99989,2,8,0.00001,10,0.99998,2,10,0.98468,16,0.01531,3,8,0.03447,10,0.29275,16,0.67277,3,8,0.00001,10,0.00013,16,0.99985,1,16,1,1,16,1,2,8,0.25929,16,0.7407,2,8,0.38649,16,0.6135,2,8,0.56992,16,0.43007,2,8,0.84896,16,0.15103,2,8,0.99936,16,0.00063,1,8,0.99999,1,8,0.99999,2,8,0.83565,19,0.16434,1,19,1,1,19,1,3,8,0.00006,19,0.02908,22,0.97085,3,8,0.00002,22,0.93617,34,0.0638,1,22,1,1,34,1,2,34,0.74658,46,0.25341,2,34,0.50258,46,0.49741,2,34,0.33702,46,0.66297,2,34,0.21685,46,0.78314,3,46,0.86154,50,0.12647,56,0.01198,3,46,0.4182,50,0.48472,56,0.09707,3,46,0.02573,50,0.3134,56,0.66085,1,56,1,2,50,0.00004,56,0.99995,1,56,1,4,56,0.98231,57,0.01748,59,0.00005,55,0.00014,3,56,0.50422,57,0.48779,59,0.00796,3,56,0.06208,57,0.7257,59,0.21221,1,59,1,1,59,1,3,56,0.00001,57,0.00005,59,0.99993,1,59,1,3,57,0.34676,59,0.5478,55,0.10542,3,57,0.29248,59,0.05717,55,0.65033,3,50,0.0002,57,0.00206,55,0.99773,2,59,0.00014,55,0.99985,1,55,1,4,50,0.13544,56,0.00137,55,0.86317,48,0.00001,4,50,0.14617,56,0.00151,55,0.85229,48,0.00001,4,50,0.15994,56,0.00145,55,0.83858,48,0.00001,4,50,0.63112,57,0.06527,55,0.30352,48,0.00005,3,50,0.99317,55,0.00639,48,0.00043,2,46,0.28793,50,0.71206,2,46,0.69421,50,0.30578,1,46,1,1,54,1,1,54,1,1,54,1,1,48,1,2,34,0.00024,48,0.99975,2,48,0.87183,49,0.12816,3,34,0.01222,48,0.04525,49,0.94252,1,49,0.99999,3,46,0.0009,49,0.60508,39,0.39401,1,19,1,1,8,1,1,8,1,2,8,0.08198,16,0.91801,1,19,1,1,22,1,1,22,1,1,34,1,4,34,0.16985,46,0.09623,49,0.32506,39,0.40884,1,46,1,1,46,1,3,50,0.36321,57,0.37803,55,0.25874,1,50,1,3,50,0.69398,56,0.30598,48,0.00002,3,8,0.00016,13,0.28786,10,0.71197,3,8,0.03447,10,0.29275,16,0.67277,1,16,1,2,25,0.21424,13,0.78575,3,19,0.02092,28,0.78367,25,0.19539,1,22,1,1,22,1,1,35,1,1,35,1,2,39,0.19289,45,0.8071,4,34,0.16985,46,0.09623,49,0.32506,39,0.40884,1,35,1,3,34,0.57899,48,0.17047,49,0.25053,3,34,0.01222,48,0.04525,49,0.94252,1,48,1,1,46,1,1,34,1,1,34,1,1,39,1,1,39,1,1,34,1],\"width\":447,\"userEdges\":[46,68,57,54,58,53,52,48,80,35,81,34,80,81,82,33,81,82,83,31,82,83,83,28,84,36,80,84,85,37,84,85,86,38,85,86,87,39,86,87,42,88,44,89,45,90,90,73,89,90,90,70,62,60,49,51,59,52,63,66,63,59,59,91,91,92,92,93,93,52,93,47,92,66,93,67,93,46,19,94,94,81,23,95,95,82,94,95,26,96,96,83,95,96,26,23,23,19,19,15,15,12,15,97,97,80,94,97,11,98,98,84,97,98,9,99,99,85,98,99,8,100,100,86,99,100,101,87,100,101,101,102,102,103,79,104,104,88,5,102,3,103,11,9,7,105,105,101,8,105,105,5,3,5,88,106,106,89,106,43,77,107,107,106,104,107,76,108,108,89,107,108,108,109,109,90,74,109,109,89,103,110,110,41,87,111,111,110,102,111,111,40,3,112,112,79,1,112,103,113,113,104,112,113,88,114,114,110,113,114],\"height\":191,\"type\":\"mesh\",\"bonePose\":[39,0.966510581262098,-0.25662676459871003,0.25662676459871003,0.966510581262098,-172.40809861614636,-148.62047305813627,45,0.9983718202161502,-0.05704128853989304,0.05704128853989304,0.9983718202161502,-179.46735421720473,-134.8203821034025,35,0.8416993101205956,-0.5399465448935789,0.5399465448935789,0.8416993101205956,-179.76229869829584,-120.64403840961228,28,0.16298157364765775,-0.9866291130163012,0.9866291130163012,0.16298157364765775,-159.47563598095962,-108.65893866897432,22,-0.8154309948913071,-0.5788542930397712,0.5788542930397712,-0.8154309948913071,-159.3228911032403,-75.92972283659712,19,-0.975496158686671,-0.22001646390111165,0.22001646390111165,-0.975496158686671,-93.75979427790917,-61.14241629780341,25,-0.41834271026840136,-0.9082892583121792,0.9082892583121792,-0.41834271026840136,-122.99558442933076,-102.32387540529548,8,-0.9659709840219864,0.25865045530134956,-0.25865045530134956,-0.9659709840219864,42.89,-96.79,13,-0.6691306063588585,-0.743144825477394,0.743144825477394,-0.6691306063588585,-92.94379105376431,-107.27326323061168,10,-0.7952619025399059,-0.6062660359682119,0.6062660359682119,-0.7952619025399059,-66.00275752412203,-115.64650706766136,16,-0.986629113016301,-0.16298157364765786,0.16298157364765786,-0.986629113016301,-22.04661835657165,-138.80380245125357,34,0.4461978131098085,-0.8949343616020254,0.8949343616020254,0.4461978131098085,-210.5830491612614,-113.85097276149668,46,-0.6285062207873359,-0.7778045579910295,0.7778045579910295,-0.6285062207873359,-187.2267707612499,-158.6793773650642,50,-0.9704643831515374,0.2412444424941355,-0.2412444424941355,-0.9704643831515374,-223.05530503375164,-199.29567744131643,56,-0.496973961027555,0.8677654533689287,-0.8677654533689287,-0.496973961027555,-260.0654864268351,-174.37101148064485,48,0.7590440980264732,-0.6510392132976154,0.6510392132976154,0.7590440980264732,-175.48529199060843,-186.42361237485633,57,-0.6961634275566142,0.7178833346252209,-0.7178833346252209,-0.6961634275566142,-290.68346645538264,-174.17892043071046,59,-0.17777179526300252,0.9840717396658484,-0.9840717396658484,-0.17777179526300252,-308.2183028020389,-155.99645595814843,55,-0.9940942793684237,0.10851987710541652,-0.10851987710541652,-0.9940942793684237,-300.63016439839197,-186.70943119566073,54,-0.6126312001868036,-0.7903689091542485,0.7903689091542485,-0.6126312001868036,-198.70773702022177,-201.57465348913584,49,0.8558159982509732,-0.517280366085637,0.517280366085637,0.8558159982509732,-167.70714256975248,-167.45819933989085],\"transform\":{},\"slotPose\":[1,0,0,1,0,0],\"uvs\":[0.43539,0.33299,0.43522,0.3471,0.4213,0.39349,0.39882,0.41862,0.41694,0.43746,0.38942,0.4728,0.4166,0.45945,0.41703,0.47413,0.4005,0.52621,0.40251,0.54034,0.42969,0.49008,0.45689,0.57742,0.47432,0.57647,0.47947,0.50202,0.48459,0.49678,0.54054,0.54915,0.52338,0.47222,0.52858,0.46292,0.56841,0.5017,0.59526,0.52553,0.56554,0.43593,0.57797,0.41652,0.6303,0.46773,0.68056,0.46622,0.61975,0.3858,0.62545,0.36614,0.72072,0.33266,0.83533,0.17391,0.88595,0.20616,0.95813,0.25213,0.99027,0.49033,0.97526,0.71846,0.89142,0.89232,0.78614,0.96143,0.63256,0.98798,0.53772,0.97332,0.41793,0.91358,0.33172,0.77172,0.30164,0.72222,0.25737,0.58129,0.28533,0.42438,0.30898,0.34513,0.31877,0.31231,0.31899,0.28185,0.31919,0.25456,0.30332,0.20368,0.27631,0.18235,0.24022,0.26417,0.20599,0.31054,0.18139,0.36444,0.15605,0.42458,0.15408,0.35797,0.1572,0.29262,0.12609,0.34472,0.09616,0.4578,0.07752,0.5715,0.06497,0.56479,0.06636,0.44341,0.06488,0.30863,0.07912,0.23668,0.04888,0.21829,0.00791,0.19157,0.05127,0.16139,0.10835,0.09246,0.09703,0.05932,0.10924,0.05193,0.15055,0.06843,0.20215,0.03444,0.27482,0.03871,0.30202,0.05475,0.32498,0.08432,0.31017,0.03019,0.31644,0.02207,0.34738,0.07369,0.38485,0.13341,0.41115,0.13059,0.41056,0.16676,0.41023,0.21993,0.43351,0.24353,0.41838,0.30444,0.53966,0.68156,0.60656,0.66559,0.70628,0.58685,0.77236,0.41092,0.44944,0.64165,0.38786,0.58822,0.37811,0.57059,0.35845,0.52574,0.39259,0.30939,0.38471,0.19457,0.33571,0.10632,0.12584,0.19016,0.173,0.159,0.19242,0.19536,0.59887,0.57023,0.68725,0.49763,0.73088,0.34806,0.54028,0.58806,0.45324,0.6089,0.39449,0.56657,0.38757,0.55183,0.37112,0.5174,0.3721,0.48119,0.38482,0.40768,0.40232,0.30752,0.3929,0.49539,0.39343,0.24347,0.39978,0.23942,0.39544,0.18303,0.38089,0.16245,0.37796,0.4021,0.36319,0.4812,0.40946,0.35652,0.39355,0.35769,0.38542,0.35479],\"vertices\":[-154.67,-155.47,-154.76,-152.79,-161,-143.93,-171.06,-139.15,-162.96,-135.54,-175.27,-128.8,-163.11,-131.32,-162.93,-128.53,-170.34,-118.59,-169.45,-115.88,-157.27,-125.46,-145.15,-108.75,-137.36,-108.92,-135.04,-123.15,-132.76,-124.15,-107.77,-114.1,-115.41,-128.81,-113.1,-130.57,-95.29,-123.14,-83.3,-118.57,-96.56,-135.71,-91,-139.41,-67.62,-129.58,-45.16,-129.86,-72.34,-145.26,-69.78,-149.01,-27.18,-155.34,24.09,-185.6,46.71,-179.41,78.96,-170.58,93.26,-125.07,86.49,-81.52,48.98,-48.37,1.91,-35.22,-66.75,-30.24,-109.14,-33.09,-162.68,-44.59,-201.18,-71.75,-214.61,-81.23,-234.35,-108.2,-221.8,-138.14,-211.19,-153.26,-206.8,-159.52,-206.69,-165.34,-206.59,-170.55,-213.67,-180.29,-225.74,-184.39,-241.91,-168.8,-257.23,-159.98,-268.24,-149.7,-279.61,-138.23,-280.44,-150.95,-279.03,-163.44,-292.97,-153.52,-306.39,-131.95,-314.77,-110.24,-320.37,-111.53,-319.7,-134.72,-320.32,-160.47,-313.92,-174.19,-327.44,-177.73,-345.75,-182.87,-326.35,-188.6,-300.8,-201.71,-305.83,-208.06,-300.38,-209.46,-281.91,-206.26,-258.84,-212.72,-226.34,-211.84,-214.85,-207.93,-206.2,-204.99,-210.53,-213.44,-207.74,-214.97,-193.93,-205.09,-177.19,-193.64,-165.44,-194.16,-165.72,-187.25,-165.88,-177.09,-155.49,-172.56,-162.28,-160.94,-108.19,-88.8,-78.29,-91.82,-33.7,-106.8,-4.12,-140.36,-148.51,-96.5,-176.01,-106.75,-180.37,-110.13,-189.14,-118.71,-173.81,-160.02,-177.28,-181.96,-199.12,-199.26,-293.02,-183.03,-271.92,-188.95,-263.24,-181.99,-81.7,-110.03,-42.18,-123.86,-22.64,-152.39,-107.89,-106.66,-146.79,-102.75,-173.04,-110.88,-176.13,-113.7,-183.46,-120.3,-183.03,-127.21,-177.32,-141.24,-169.45,-160.36,-173.73,-124.49,-173.4,-172.61,-170.57,-173.37,-172.48,-184.15,-178.98,-188.1,-180.38,-142.31,-187.01,-127.22,-166.28,-150.99,-173.39,-150.79,-177.02,-151.36],\"name\":\"tail\"}],\"name\":\"tail\"},{\"display\":[{\"type\":\"image\",\"transform\":{\"y\":0.15,\"skX\":-59.19,\"skY\":-59.19,\"x\":20.03},\"name\":\"dabiL\"}],\"name\":\"dabiL\"},{\"display\":[{\"type\":\"image\",\"transform\":{\"y\":3.84,\"skX\":-15.26,\"skY\":-15.26,\"x\":19.01},\"name\":\"xiaobiR\"}],\"name\":\"xiaobiR\"}]}],\"animation\":[{\"ffd\":[{\"slot\":\"bozishang\",\"frame\":[{\"vertices\":[-0.55,-0.17,0,0,0,0,0,0,0,0,0,0,0,0,0,0,0,0,0,0,0,0,0,0,0,0,0,0,0,0,0,0,0,0,0,0,0,0,0,0,0,0,0,0,1.67,-2.19,0,0,0,0,0,0,1.67,-2.19],\"curve\":[0,0,1,1],\"duration\":15,\"offset\":6},{\"vertices\":[0.4,0.15,-0.76,2.81,-4.77,10.08,-11.68,16.11,-12.87,24.64,-26.08,27.19,-11.7,23.19,-7.11,15.59,-5.63,11.07,-1.18,9.17,1.39,5.6,-3.24,4.04,-8.67,12.97,-16.85,21.14,-6.58,14.39,-4.03,7.4,1.97,7.57,-9,9.37,-15.72,15.72,-25.49,21.1,-23.44,15.57,-19.7,9.46,-9.14,7.02,2.99,-0.4,0,0,-5.63,6.27,-16.12,9.16,-7.77,4.34,0,0,-4.96,-0.92,0,0,-6.26,1.55,-2.99,2.14,0,0,4.43,0.43,10.55,-1.42,8.32,2.14,0,0,0,0,0,0,0,0,0,0,-0.34,-0.85],\"curve\":[0,0,1,1],\"duration\":15,\"offset\":2},{\"vertices\":[-0.55,-0.17,0,0,0,0,0,0,0,0,0,0,0,0,0,0,0,0,0,0,0,0,0,0,0,0,0,0,0,0,0,0,0,0,0,0,0,0,0,0,0,0,0,0,1.67,-2.19,0,0,0,0,0,0,1.67,-2.19],\"curve\":[0,0,1,1],\"duration\":0,\"offset\":6,\"tweenEasing\":null}],\"scale\":1,\"skin\":\"\",\"name\":\"bozishang\",\"offset\":0},{\"slot\":\"bozixia\",\"frame\":[{\"vertices\":[1.1,-0.21],\"curve\":[0,0,1,1],\"duration\":15,\"offset\":8},{\"vertices\":[-8.59,11.88,-8.59,11.88,-8.59,11.88,-8.59,11.88,-7.48,11.67,4.07,6.14,4.89,6.73,3.24,9.91,2.02,10.4,2.56,12.78,9.22,8.28,7.43,1.43,1.39,1.91,1.39,1.91,-3.32,3.87,-0.8,4.72,-2.83,7.51,3.98,9.41,2.54,10.17,1.27,8.66,-3.54,3.97,-0.52,0.38,-2.72,6.76,-4.04,8.26,-0.49,12.25,4.31,13.04,1.78,9.2,-4.57,7.17,3.4,12.21,15.45,4.95,7.51,11.24,-0.38,14.17,-6.63,16,-7.31,12.94,-2.38,11.18,-2.18,12.08,-6.7,12.1,-8.03,13.57,-4.74,12.76,-10.1,10.12,-12.88,6.92,-11.56,4.36,-2.78,3.66,0.2,5],\"curve\":[0,0,1,1],\"duration\":15,\"offset\":0},{\"vertices\":[1.1,-0.21],\"curve\":[0,0,1,1],\"duration\":0,\"offset\":8,\"tweenEasing\":null}],\"scale\":1,\"skin\":\"\",\"name\":\"bozixia\",\"offset\":0},{\"slot\":\"chibangR2\",\"frame\":[{\"vertices\":[],\"curve\":[0,0,1,1],\"duration\":30,\"offset\":0,\"tweenEasing\":null}],\"scale\":1,\"skin\":\"\",\"name\":\"chibangR2\",\"offset\":0},{\"slot\":\"tou\",\"frame\":[{\"vertices\":[],\"duration\":20,\"offset\":0,\"tweenEasing\":null},{\"vertices\":[0.01,-0.2],\"curve\":[0,0,1,1],\"duration\":2,\"offset\":24},{\"vertices\":[0.01,-0.2,0,0,0,0,0,0,-12.79,11.96,-25.18,25.46,-23.15,28.24,-14.57,22.87,-10.99,7.93],\"curve\":[0,0,1,1],\"duration\":2,\"offset\":24},{\"vertices\":[0.01,-0.2],\"curve\":[0,0,1,1],\"duration\":6,\"offset\":24,\"tweenEasing\":null}],\"scale\":1,\"skin\":\"\",\"name\":\"tou\",\"offset\":0}],\"bone\":[{\"frame\":[{\"curve\":[0,0,1,1],\"transform\":{},\"duration\":8},{\"curve\":[0,0,1,1],\"transform\":{\"y\":-10.67,\"x\":7.11},\"duration\":7},{\"curve\":[0,0,1,1],\"transform\":{\"y\":-20.01,\"skX\":1.73,\"skY\":1.73},\"duration\":8},{\"curve\":[0,0,1,1],\"transform\":{\"y\":-9.33,\"skX\":1.73,\"skY\":1.73,\"x\":-8.54},\"duration\":7},{\"transform\":{},\"duration\":0,\"tweenEasing\":null}],\"name\":\"bone\"},{\"frame\":[{\"transform\":{},\"duration\":15,\"tweenEasing\":null},{\"transform\":{},\"duration\":15,\"tweenEasing\":null},{\"transform\":{},\"duration\":0,\"tweenEasing\":null}],\"name\":\"jiaoL\"},{\"frame\":[{\"transform\":{},\"duration\":15,\"tweenEasing\":null},{\"transform\":{},\"duration\":15,\"tweenEasing\":null},{\"transform\":{},\"duration\":0,\"tweenEasing\":null}],\"name\":\"jiaoR\"},{\"frame\":[{\"curve\":[0,0,1,1],\"transform\":{},\"duration\":8},{\"curve\":[0,0,1,1],\"transform\":{\"skX\":7.4,\"skY\":7.4},\"duration\":7},{\"curve\":[0,0,1,1],\"transform\":{\"skX\":0.78,\"skY\":0.78},\"duration\":8},{\"curve\":[0,0,1,1],\"transform\":{\"skX\":-9.84,\"skY\":-9.84},\"duration\":7},{\"transform\":{},\"duration\":0,\"tweenEasing\":null}],\"name\":\"datuiL\"},{\"frame\":[{\"curve\":[0,0,1,1],\"transform\":{},\"duration\":8},{\"curve\":[0,0,1,1],\"transform\":{\"skX\":-1.61,\"skY\":-1.61},\"duration\":7},{\"curve\":[0,0,1,1],\"transform\":{\"skX\":-10.44,\"skY\":-10.44},\"duration\":8},{\"curve\":[0,0,1,1],\"transform\":{\"skX\":-11.68,\"skY\":-11.68},\"duration\":7},{\"transform\":{},\"duration\":0,\"tweenEasing\":null}],\"name\":\"datuiR\"},{\"frame\":[{\"transform\":{},\"duration\":15,\"tweenEasing\":null},{\"transform\":{},\"duration\":15,\"tweenEasing\":null},{\"transform\":{},\"duration\":0,\"tweenEasing\":null}],\"name\":\"shenti\"},{\"frame\":[{\"curve\":[0,0,1,1],\"transform\":{},\"duration\":15},{\"curve\":[0,0,1,1],\"transform\":{\"skX\":1.36,\"skY\":1.36},\"duration\":15},{\"transform\":{},\"duration\":0,\"tweenEasing\":null}],\"name\":\"weiba1\"},{\"frame\":[{\"curve\":[0,0,1,1],\"transform\":{},\"duration\":7},{\"curve\":[0,0,1,1],\"transform\":{\"skX\":0.58,\"skY\":0.58},\"duration\":8},{\"curve\":[0,0,1,1],\"transform\":{\"skX\":-3.22,\"skY\":-3.22},\"duration\":7},{\"curve\":[0,0,1,1],\"transform\":{\"skX\":-3.12,\"skY\":-3.12},\"duration\":8},{\"transform\":{},\"duration\":0,\"tweenEasing\":null}],\"name\":\"bozixia\"},{\"frame\":[{\"curve\":[0,0,1,1],\"transform\":{},\"duration\":15},{\"curve\":[0,0,1,1],\"transform\":{\"skX\":8.28,\"skY\":8.28},\"duration\":15},{\"transform\":{},\"duration\":0,\"tweenEasing\":null}],\"name\":\"chibangR1\"},{\"frame\":[{\"curve\":[0,0,1,1],\"transform\":{},\"duration\":8},{\"curve\":[0,0,1,1],\"transform\":{\"skX\":9.16,\"skY\":9.16},\"duration\":7},{\"curve\":[0,0,1,1],\"transform\":{\"skX\":0.28,\"skY\":0.28},\"duration\":8},{\"curve\":[0,0,1,1],\"transform\":{\"skX\":-5.24,\"skY\":-5.24},\"duration\":7},{\"transform\":{},\"duration\":0,\"tweenEasing\":null}],\"name\":\"dabiL\"},{\"frame\":[{\"transform\":{},\"duration\":15,\"tweenEasing\":null},{\"transform\":{},\"duration\":15,\"tweenEasing\":null},{\"transform\":{},\"duration\":0,\"tweenEasing\":null}],\"name\":\"jianbang\"},{\"frame\":[{\"curve\":[0,0,1,1],\"transform\":{\"skX\":-0.09,\"skY\":-0.09},\"duration\":2},{\"curve\":[0,0,1,1],\"transform\":{\"skX\":-1.97,\"skY\":-1.97},\"duration\":15},{\"curve\":[0,0,1,1],\"transform\":{\"skX\":2.22,\"skY\":2.22},\"duration\":13},{\"transform\":{\"skX\":-0.09,\"skY\":-0.09},\"duration\":0,\"tweenEasing\":null}],\"name\":\"weiba2\"},{\"frame\":[{\"curve\":[0,0,1,1],\"transform\":{},\"duration\":8},{\"curve\":[0,0,1,1],\"transform\":{\"skX\":-12.32,\"skY\":-12.32},\"duration\":7},{\"curve\":[0,0,1,1],\"transform\":{\"skX\":-21.51,\"skY\":-21.51},\"duration\":8},{\"curve\":[0,0,1,1],\"transform\":{\"skX\":-9.22,\"skY\":-9.22},\"duration\":7},{\"transform\":{},\"duration\":0,\"tweenEasing\":null}],\"name\":\"xiaotuiL\"},{\"frame\":[{\"curve\":[0,0,1,1],\"transform\":{},\"duration\":8},{\"curve\":[0,0,1,1],\"transform\":{\"skX\":-14.51,\"skY\":-14.51},\"duration\":7},{\"curve\":[0,0,1,1],\"transform\":{\"skX\":-15.92,\"skY\":-15.92},\"duration\":8},{\"curve\":[0,0,1,1],\"transform\":{\"skX\":0.55,\"skY\":0.55},\"duration\":7},{\"transform\":{},\"duration\":0,\"tweenEasing\":null}],\"name\":\"xiaotuiR\"},{\"frame\":[{\"curve\":[0,0,1,1],\"transform\":{},\"duration\":7},{\"curve\":[0,0,1,1],\"transform\":{\"skX\":1.16,\"skY\":1.16},\"duration\":8},{\"curve\":[0,0,1,1],\"transform\":{\"skX\":-1.98,\"skY\":-1.98},\"duration\":7},{\"curve\":[0,0,1,1],\"transform\":{\"skX\":-2.46,\"skY\":-2.46},\"duration\":8},{\"transform\":{},\"duration\":0,\"tweenEasing\":null}],\"name\":\"bozishang\"},{\"frame\":[{\"curve\":[0,0,1,1],\"transform\":{},\"duration\":15},{\"curve\":[0,0,1,1],\"transform\":{\"skX\":-13.11,\"skY\":-13.11},\"duration\":15},{\"transform\":{},\"duration\":0,\"tweenEasing\":null}],\"name\":\"dabiR\"},{\"frame\":[{\"curve\":[0,0,1,1],\"transform\":{\"skX\":-0.6,\"skY\":-0.6},\"duration\":6},{\"curve\":[0,0,1,1],\"transform\":{\"skX\":-3.95,\"skY\":-3.95},\"duration\":15},{\"curve\":[0,0,1,1],\"transform\":{\"skX\":-0.03,\"skY\":-0.03},\"duration\":9},{\"transform\":{\"skX\":-0.6,\"skY\":-0.6},\"duration\":0,\"tweenEasing\":null}],\"name\":\"weiba3\"},{\"frame\":[{\"curve\":[0,0,1,1],\"transform\":{},\"duration\":7},{\"curve\":[0,0,1,1],\"transform\":{\"skX\":0.38,\"skY\":0.38},\"duration\":8},{\"curve\":[0,0,1,1],\"transform\":{\"skX\":6.49,\"skY\":6.49},\"duration\":8},{\"curve\":[0,0,1,1],\"transform\":{\"skX\":2.52,\"skY\":2.52},\"duration\":7},{\"transform\":{},\"duration\":0,\"tweenEasing\":null}],\"name\":\"xiaobiL\"},{\"frame\":[{\"transform\":{},\"duration\":15,\"tweenEasing\":null},{\"transform\":{},\"duration\":15,\"tweenEasing\":null},{\"transform\":{},\"duration\":0,\"tweenEasing\":null}],\"name\":\"chujiao\"},{\"frame\":[{\"transform\":{},\"duration\":15,\"tweenEasing\":null},{\"transform\":{},\"duration\":15,\"tweenEasing\":null},{\"transform\":{},\"duration\":0,\"tweenEasing\":null}],\"name\":\"er\"},{\"frame\":[{\"curve\":[0,0,1,1],\"transform\":{},\"duration\":8},{\"curve\":[0,0,1,1],\"transform\":{\"skX\":-5.73,\"skY\":-5.73},\"duration\":7},{\"curve\":[0,0,1,1],\"transform\":{\"skX\":4.28,\"skY\":4.28},\"duration\":15},{\"transform\":{},\"duration\":0,\"tweenEasing\":null}],\"name\":\"shouL\"},{\"frame\":[{\"transform\":{},\"duration\":15,\"tweenEasing\":null},{\"transform\":{},\"duration\":15,\"tweenEasing\":null},{\"transform\":{},\"duration\":0,\"tweenEasing\":null}],\"name\":\"tou\"},{\"frame\":[{\"curve\":[0,0,1,1],\"transform\":{\"skX\":1.6,\"skY\":1.6},\"duration\":8},{\"curve\":[0,0,1,1],\"transform\":{\"skX\":-5.94,\"skY\":-5.94},\"duration\":15},{\"curve\":[0,0,1,1],\"transform\":{\"skX\":8.21,\"skY\":8.21},\"duration\":7},{\"transform\":{\"skX\":1.6,\"skY\":1.6},\"duration\":0,\"tweenEasing\":null}],\"name\":\"weiba4\"},{\"frame\":[{\"curve\":[0,0,1,1],\"transform\":{},\"duration\":8},{\"curve\":[0,0,1,1],\"transform\":{\"skX\":14.43,\"skY\":14.43},\"duration\":7},{\"curve\":[0,0,1,1],\"transform\":{\"skX\":13.08,\"skY\":13.08},\"duration\":15},{\"transform\":{},\"duration\":0,\"tweenEasing\":null}],\"name\":\"xiaobiR\"},{\"frame\":[{\"transform\":{},\"duration\":5,\"tweenEasing\":null},{\"curve\":[0,0,1,1],\"transform\":{},\"duration\":10},{\"curve\":[0,0,1,1],\"transform\":{\"skX\":5.24,\"skY\":5.24},\"duration\":10},{\"transform\":{},\"duration\":5,\"tweenEasing\":null},{\"transform\":{},\"duration\":0,\"tweenEasing\":null}],\"name\":\"zui\"},{\"frame\":[{\"curve\":[0,0,1,1],\"transform\":{},\"duration\":8},{\"curve\":[0,0,1,1],\"transform\":{\"skX\":-3.32,\"skY\":-3.32},\"duration\":7},{\"curve\":[0,0,1,1],\"transform\":{\"skX\":3.46,\"skY\":3.46},\"duration\":7},{\"curve\":[0,0,1,1],\"transform\":{\"skX\":-6.13,\"skY\":-6.13},\"duration\":8},{\"transform\":{},\"duration\":0,\"tweenEasing\":null}],\"name\":\"shouR\"},{\"frame\":[{\"curve\":[0,0,1,1],\"transform\":{},\"duration\":8},{\"curve\":[0,0,1,1],\"transform\":{\"skX\":-3.57,\"skY\":-3.57},\"duration\":7},{\"curve\":[0,0,1,1],\"transform\":{},\"duration\":8},{\"curve\":[0,0,1,1],\"transform\":{\"skX\":2.7,\"skY\":2.7},\"duration\":7},{\"transform\":{},\"duration\":0,\"tweenEasing\":null}],\"name\":\"toujiaoL\"},{\"frame\":[{\"curve\":[0,0,1,1],\"transform\":{},\"duration\":8},{\"curve\":[0,0,1,1],\"transform\":{\"skX\":-3.48,\"skY\":-3.48},\"duration\":7},{\"curve\":[0,0,1,1],\"transform\":{},\"duration\":8},{\"curve\":[0,0,1,1],\"transform\":{\"skX\":0.5,\"skY\":0.5},\"duration\":7},{\"transform\":{},\"duration\":0,\"tweenEasing\":null}],\"name\":\"toujiaoR\"},{\"frame\":[{\"curve\":[0,0,1,1],\"transform\":{\"skX\":1.51,\"skY\":1.51},\"duration\":10},{\"curve\":[0,0,1,1],\"transform\":{\"skX\":-7.93,\"skY\":-7.93},\"duration\":15},{\"curve\":[0,0,1,1],\"transform\":{\"skX\":6.23,\"skY\":6.23},\"duration\":5},{\"transform\":{\"skX\":1.51,\"skY\":1.51},\"duration\":0,\"tweenEasing\":null}],\"name\":\"weiba5\"},{\"frame\":[{\"transform\":{},\"duration\":30,\"tweenEasing\":null},{\"transform\":{},\"duration\":0,\"tweenEasing\":null}],\"name\":\"chibangL1\"},{\"frame\":[{\"transform\":{},\"duration\":30,\"tweenEasing\":null},{\"transform\":{},\"duration\":0,\"tweenEasing\":null}],\"name\":\"chibangL3\"},{\"frame\":[{\"transform\":{},\"duration\":15,\"tweenEasing\":null},{\"transform\":{},\"duration\":15,\"tweenEasing\":null},{\"transform\":{},\"duration\":0,\"tweenEasing\":null}],\"name\":\"tou1\"},{\"frame\":[{\"transform\":{},\"duration\":30,\"tweenEasing\":null},{\"transform\":{},\"duration\":0,\"tweenEasing\":null}],\"name\":\"bone2\"},{\"frame\":[{\"transform\":{},\"duration\":30,\"tweenEasing\":null},{\"transform\":{},\"duration\":0,\"tweenEasing\":null}],\"name\":\"bone3\"},{\"frame\":[{\"curve\":[0,0,1,1],\"transform\":{},\"duration\":15},{\"curve\":[0,0,1,1],\"transform\":{\"skX\":-20.19,\"skY\":-20.19},\"duration\":8},{\"curve\":[0,0,1,1],\"transform\":{\"skX\":-12.57,\"skY\":-12.57},\"duration\":7},{\"transform\":{},\"duration\":0,\"tweenEasing\":null}],\"name\":\"bone4\"},{\"frame\":[{\"curve\":[0,0,1,1],\"transform\":{},\"duration\":8},{\"curve\":[0,0,1,1],\"transform\":{\"skX\":11.08,\"skY\":11.08},\"duration\":7},{\"curve\":[0,0,1,1],\"transform\":{\"skX\":5.23,\"skY\":5.23},\"duration\":8},{\"curve\":[0,0,1,1],\"transform\":{\"skX\":-6.26,\"skY\":-6.26},\"duration\":7},{\"transform\":{},\"duration\":0,\"tweenEasing\":null}],\"name\":\"bone5\"},{\"frame\":[{\"curve\":[0,0,1,1],\"transform\":{},\"duration\":15},{\"curve\":[0,0,1,1],\"transform\":{\"skX\":-18.2,\"skY\":-18.2},\"duration\":15},{\"transform\":{},\"duration\":0,\"tweenEasing\":null}],\"name\":\"bone6\"},{\"frame\":[{\"curve\":[0,0,1,1],\"transform\":{},\"duration\":8},{\"curve\":[0,0,1,1],\"transform\":{\"skX\":6.66,\"skY\":6.66},\"duration\":7},{\"curve\":[0,0,1,1],\"transform\":{},\"duration\":8},{\"curve\":[0,0,1,1],\"transform\":{\"skX\":-6.77,\"skY\":-6.77},\"duration\":7},{\"transform\":{},\"duration\":0,\"tweenEasing\":null}],\"name\":\"bone7\"},{\"frame\":[{\"curve\":[0,0,1,1],\"transform\":{},\"duration\":15},{\"curve\":[0,0,1,1],\"transform\":{\"skX\":-9.19,\"skY\":-9.19},\"duration\":15},{\"transform\":{},\"duration\":0,\"tweenEasing\":null}],\"name\":\"bone8\"},{\"frame\":[{\"curve\":[0,0,1,1],\"transform\":{},\"duration\":8},{\"curve\":[0,0,1,1],\"transform\":{\"skX\":7.35,\"skY\":7.35},\"duration\":7},{\"curve\":[0,0,1,1],\"transform\":{},\"duration\":8},{\"curve\":[0,0,1,1],\"transform\":{\"skX\":-3.63,\"skY\":-3.63},\"duration\":7},{\"transform\":{},\"duration\":0,\"tweenEasing\":null}],\"name\":\"bone9\"},{\"frame\":[{\"curve\":[0,0,1,1],\"transform\":{},\"duration\":5},{\"curve\":[0,0,1,1],\"transform\":{\"skX\":2.78,\"skY\":2.78},\"duration\":5},{\"curve\":[0,0,1,1],\"transform\":{\"skX\":7.66,\"skY\":7.66},\"duration\":5},{\"curve\":[0,0,1,1],\"transform\":{\"skX\":6.46,\"skY\":6.46},\"duration\":6},{\"curve\":[0,0,1,1],\"transform\":{\"skX\":-1.1,\"skY\":-1.1},\"duration\":4},{\"curve\":[0,0,1,1],\"transform\":{\"skX\":-1.23,\"skY\":-1.23},\"duration\":5},{\"transform\":{},\"duration\":0,\"tweenEasing\":null}],\"name\":\"bone10\"},{\"frame\":[{\"curve\":[0,0,1,1],\"transform\":{},\"duration\":10},{\"curve\":[0,0,1,1],\"transform\":{\"skX\":-7.19,\"skY\":-7.19},\"duration\":12},{\"curve\":[0,0,1,1],\"transform\":{\"skX\":-1.21,\"skY\":-1.21},\"duration\":8},{\"transform\":{},\"duration\":0,\"tweenEasing\":null}],\"name\":\"bone23\"},{\"frame\":[{\"curve\":[0,0,1,1],\"transform\":{},\"duration\":6},{\"curve\":[0,0,1,1],\"transform\":{\"skX\":-9,\"skY\":-9},\"duration\":8},{\"curve\":[0,0,1,1],\"transform\":{\"skX\":-3.11,\"skY\":-3.11},\"duration\":9},{\"curve\":[0,0,1,1],\"transform\":{\"skX\":21.64,\"skY\":21.64},\"duration\":7},{\"transform\":{},\"duration\":0,\"tweenEasing\":null}],\"name\":\"bone24\"},{\"frame\":[{\"curve\":[0,0,1,1],\"transform\":{},\"duration\":7},{\"curve\":[0,0,1,1],\"transform\":{\"skX\":-18.5,\"skY\":-18.5},\"duration\":6},{\"curve\":[0,0,1,1],\"transform\":{\"skX\":-12.09,\"skY\":-12.09},\"duration\":12},{\"curve\":[0,0,1,1],\"transform\":{\"skX\":-0.1,\"skY\":-0.1},\"duration\":5},{\"transform\":{},\"duration\":0,\"tweenEasing\":null}],\"name\":\"bone25\"},{\"frame\":[{\"curve\":[0,0,1,1],\"transform\":{},\"duration\":10},{\"curve\":[0,0,1,1],\"transform\":{\"skX\":-3.46,\"skY\":-3.46},\"duration\":15},{\"curve\":[0,0,1,1],\"transform\":{\"skX\":12.88,\"skY\":12.88},\"duration\":5},{\"transform\":{},\"duration\":0,\"tweenEasing\":null}],\"name\":\"bone22\"},{\"frame\":[{\"curve\":[0,0,1,1],\"transform\":{},\"duration\":10},{\"curve\":[0,0,1,1],\"transform\":{\"skX\":21.8,\"skY\":21.8},\"duration\":10},{\"curve\":[0,0,1,1],\"transform\":{\"skX\":-18.27,\"skY\":-18.27},\"duration\":10},{\"transform\":{},\"duration\":0,\"tweenEasing\":null}],\"name\":\"bone21\"},{\"frame\":[{\"curve\":[0,0,1,1],\"transform\":{},\"duration\":10},{\"curve\":[0,0,1,1],\"transform\":{\"skX\":14.4,\"skY\":14.4},\"duration\":10},{\"curve\":[0,0,1,1],\"transform\":{\"skX\":-31.8,\"skY\":-31.8},\"duration\":10},{\"transform\":{},\"duration\":0,\"tweenEasing\":null}],\"name\":\"bone20\"},{\"frame\":[{\"curve\":[0,0,1,1],\"transform\":{},\"duration\":10},{\"curve\":[0,0,1,1],\"transform\":{\"skX\":-17.43,\"skY\":-17.43},\"duration\":10},{\"curve\":[0,0,1,1],\"transform\":{\"skX\":38.51,\"skY\":38.51},\"duration\":10},{\"transform\":{},\"duration\":0,\"tweenEasing\":null}],\"name\":\"bone19\"},{\"frame\":[{\"curve\":[0,0,1,1],\"transform\":{},\"duration\":10},{\"curve\":[0,0,1,1],\"transform\":{\"skX\":-24.63,\"skY\":-24.63},\"duration\":10},{\"curve\":[0,0,1,1],\"transform\":{\"skX\":19.23,\"skY\":19.23},\"duration\":10},{\"transform\":{},\"duration\":0,\"tweenEasing\":null}],\"name\":\"bone18\"},{\"frame\":[{\"curve\":[0,0,1,1],\"transform\":{},\"duration\":10},{\"curve\":[0,0,1,1],\"transform\":{\"skX\":-39.99,\"skY\":-39.99},\"duration\":10},{\"curve\":[0,0,1,1],\"transform\":{\"skX\":16.69,\"skY\":16.69},\"duration\":10},{\"transform\":{},\"duration\":0,\"tweenEasing\":null}],\"name\":\"bone17\"},{\"frame\":[{\"curve\":[0,0,1,1],\"transform\":{},\"duration\":10},{\"curve\":[0,0,1,1],\"transform\":{\"skX\":-17.8,\"skY\":-17.8},\"duration\":10},{\"curve\":[0,0,1,1],\"transform\":{\"skX\":32.46,\"skY\":32.46},\"duration\":10},{\"transform\":{},\"duration\":0,\"tweenEasing\":null}],\"name\":\"bone16\"},{\"frame\":[{\"curve\":[0,0,1,1],\"transform\":{},\"duration\":10},{\"curve\":[0,0,1,1],\"transform\":{\"skX\":-12.56,\"skY\":-12.56},\"duration\":10},{\"curve\":[0,0,1,1],\"transform\":{\"skX\":22.2,\"skY\":22.2},\"duration\":10},{\"transform\":{},\"duration\":0,\"tweenEasing\":null}],\"name\":\"bone15\"},{\"frame\":[{\"curve\":[0,0,1,1],\"transform\":{},\"duration\":10},{\"curve\":[0,0,1,1],\"transform\":{\"skX\":5.93,\"skY\":5.93},\"duration\":10},{\"curve\":[0,0,1,1],\"transform\":{\"skX\":11.63,\"skY\":11.63},\"duration\":10},{\"transform\":{},\"duration\":0,\"tweenEasing\":null}],\"name\":\"bone14\"},{\"frame\":[{\"curve\":[0,0,1,1],\"transform\":{},\"duration\":10},{\"curve\":[0,0,1,1],\"transform\":{\"skX\":-5.76,\"skY\":-5.76},\"duration\":10},{\"curve\":[0,0,1,1],\"transform\":{\"skX\":4.04,\"skY\":4.04},\"duration\":10},{\"transform\":{},\"duration\":0,\"tweenEasing\":null}],\"name\":\"bone13\"},{\"frame\":[{\"curve\":[0,0,1,1],\"transform\":{},\"duration\":10},{\"curve\":[0,0,1,1],\"transform\":{\"skX\":-9.53,\"skY\":-9.53},\"duration\":10},{\"curve\":[0,0,1,1],\"transform\":{\"skX\":1.93,\"skY\":1.93},\"duration\":10},{\"transform\":{},\"duration\":0,\"tweenEasing\":null}],\"name\":\"bone12\"},{\"frame\":[{\"curve\":[0,0,1,1],\"transform\":{},\"duration\":10},{\"curve\":[0,0,1,1],\"transform\":{\"skX\":-3.7,\"skY\":-3.7},\"duration\":10},{\"curve\":[0,0,1,1],\"transform\":{\"skX\":3.62,\"skY\":3.62},\"duration\":10},{\"transform\":{},\"duration\":0,\"tweenEasing\":null}],\"name\":\"bone11\"},{\"frame\":[{\"curve\":[0,0,1,1],\"transform\":{\"skX\":-4.79,\"skY\":-4.79},\"duration\":4},{\"curve\":[0,0,1,1],\"transform\":{},\"duration\":15},{\"curve\":[0,0,1,1],\"transform\":{\"skX\":4.37,\"skY\":4.37},\"duration\":11},{\"transform\":{\"skX\":-4.79,\"skY\":-4.79},\"duration\":0,\"tweenEasing\":null}],\"name\":\"bone26\"},{\"frame\":[{\"transform\":{},\"duration\":30,\"tweenEasing\":null}],\"name\":\"root\"},{\"frame\":[{\"transform\":{},\"duration\":30,\"tweenEasing\":null}],\"name\":\"IK_Lhand\"},{\"frame\":[{\"transform\":{},\"duration\":30,\"tweenEasing\":null}],\"name\":\"IK_Rhand\"}],\"duration\":30,\"frame\":[],\"slot\":[],\"name\":\"stand\"}],\"type\":\"Armature\",\"name\":\"armatureName\",\"aabb\":{\"x\":-397.65105952125003,\"y\":-572.0251423769587,\"width\":630.405440372199,\"height\":661.6151423769587}}],\"name\":\"NewDragonTest\",\"isGlobal\":0}"}