[{"__type__":"cc.Prefab","_name":"loadItem","data":{"__id__":1}},{"__type__":"cc.Node","_name":"loadItem","_components":[{"__type__":"e4f88adp3hERoJ48DZ2PSAl","node":{"__id__":1},"_useOriginalSize":false,"_string":"Label","_N$string":"Label","_N$verticalAlign":1,"_N$overflow":2,"_N$textKey":""}],"_prefab":{"__type__":"cc.PrefabInfo","root":{"__id__":1},"asset":{"__uuid__":"6dwF1i3RBKa6Bc7ZJrTzFC"},"fileId":"a5bb5QSEhVAiL9C7nXAT/JQ"},"_contentSize":{"__type__":"cc.Size","width":400,"height":40},"_anchorPoint":{"__type__":"cc.Vec2","y":0.5},"_trs":{"__type__":"TypedArray","ctor":"Float64Array","array":[-250,-25,0,0,0,0,0,1,1,1]}}]