[{"__type__":"cc.SceneAsset","_name":"InstantiatePrefab","scene":{"__id__":1},"asyncLoadAssets":null},{"__type__":"cc.Scene","_name":"New Node","_children":[{"__id__":2},{"__id__":8}],"_trs":{"__type__":"TypedArray","ctor":"Float64Array","array":[0,0,0,0,0,0,1,0.5697916666666667,0.5697916666666667,1]},"_zIndex":0,"autoReleaseAssets":true},{"__type__":"cc.Node","_name":"Canvas","_parent":{"__id__":1},"_children":[{"__id__":3},{"__id__":4},{"__id__":5},{"__id__":6}],"_components":[{"__id__":7},{"__type__":"cc.Widget","node":{"__id__":2},"_alignFlags":45}],"_contentSize":{"__type__":"cc.Size","width":960,"height":640},"_trs":{"__type__":"TypedArray","ctor":"Float64Array","array":[480,320,0,0,0,0,0,1,1,1]},"_zIndex":0,"_id":"8ff70Kf6CBH/o6KQA8O4ZhT"},{"__type__":"cc.Node","_name":"Main Camera","_parent":{"__id__":2},"_components":[{"__type__":"cc.Camera","node":{"__id__":3},"_clearFlags":7,"_depth":-1}],"_trs":{"__type__":"TypedArray","ctor":"Float64Array","array":[0,0,0,0,0,0,0,1,1,1]},"_zIndex":0},{"__type__":"cc.Node","_parent":{"__id__":2},"_id":"d02b7WxZmlP5LF5JsTHOItP","_prefab":{"__type__":"cc.PrefabInfo","root":{"__id__":4},"asset":{"__uuid__":"b8OSNRvpdPAZhePn0hGPPJ"},"fileId":"78fd70+ls5GgJcFkzvLSRk8","sync":true},"_name":"Background","_trs":{"__type__":"TypedArray","ctor":"Float64Array","array":[0,0,0,0,0,0,0,1,1,1]}},{"__type__":"cc.Node","_name":"Root","_parent":{"__id__":2},"_trs":{"__type__":"TypedArray","ctor":"Float64Array","array":[0,0,0,0,0,0,0,1,1,1]},"_zIndex":0},{"__type__":"cc.Node","_name":"Tips","_parent":{"__id__":2},"_components":[{"__type__":"e4f88adp3hERoJ48DZ2PSAl","node":{"__id__":6},"_useOriginalSize":false,"_string":"实例化预制资源","_N$string":"实例化预制资源","_N$horizontalAlign":1,"_N$verticalAlign":1,"_N$textKey":"cases/05_scripting/02_prefab/InstantiatePrefab.fire.7"}],"_contentSize":{"__type__":"cc.Size","width":280,"height":40},"_trs":{"__type__":"TypedArray","ctor":"Float64Array","array":[0,-217,0,0,0,0,0,1,1,1]},"_zIndex":0},{"__type__":"cc.Canvas","node":{"__id__":2}},{"__type__":"cc.Node","_name":"PopulatePrefab","_parent":{"__id__":1},"_components":[{"__type__":"75518I0ImJHXqWNNGRIOmJg","node":{"__id__":8},"root":{"__id__":5},"prefab":{"__uuid__":"42Ghp1AW9Ilrkm52f/+8b4"},"canvas":{"__id__":7},"numberToSpawn":20,"spawnInterval":0.1}],"_trs":{"__type__":"TypedArray","ctor":"Float64Array","array":[0,0,0,0,0,0,0,1,1,1]},"_zIndex":0,"_id":"57ddcHp39ZCbpIO697YeEYp"}]