{"__type__":"dragonBones.DragonBonesAsset","_name":"mecha_1004d_show_ske","_dragonBonesJson":"{\"frameRate\":25,\"name\":\"mecha_1004d_show\",\"version\":\"5.5\",\"compatibleVersion\":\"5.5\",\"armature\":[{\"type\":\"Armature\",\"frameRate\":25,\"name\":\"mecha_1004d\",\"aabb\":{\"x\":-487.86,\"y\":-487.89,\"width\":756.87,\"height\":576.61},\"bone\":[{\"name\":\"root\"},{\"inheritScale\":false,\"length\":73,\"name\":\"shouder_r\",\"parent\":\"root\",\"transform\":{\"x\":-93.7,\"y\":-323,\"skX\":85.5769,\"skY\":85.5754,\"scX\":0.9988,\"scY\":0.9996}},{\"inheritScale\":false,\"length\":86,\"name\":\"shouder_l\",\"parent\":\"root\",\"transform\":{\"x\":109.7,\"y\":-370.15,\"skX\":67.9555,\"skY\":67.9569,\"scX\":0.997,\"scY\":0.9976}},{\"inheritScale\":false,\"length\":48,\"name\":\"pelvis\",\"parent\":\"root\",\"transform\":{\"y\":-177.9,\"skX\":-91.1134,\"skY\":-91.1215,\"scX\":0.9987,\"scY\":0.9996}},{\"inheritScale\":false,\"length\":86,\"name\":\"forearm_r\",\"parent\":\"shouder_r\",\"transform\":{\"x\":73.91,\"y\":0.03,\"skX\":20.6849,\"skY\":20.6859,\"scX\":0.998,\"scY\":0.9982}},{\"inheritScale\":false,\"length\":48,\"name\":\"chest\",\"parent\":\"pelvis\",\"transform\":{\"x\":48.53,\"y\":0.03,\"skX\":177.7225,\"skY\":177.7167,\"scX\":0.9989,\"scY\":0.9998}},{\"inheritScale\":false,\"length\":100,\"name\":\"forearm_l\",\"parent\":\"shouder_l\",\"transform\":{\"x\":86.16,\"y\":-0.02,\"skX\":11.4743,\"skY\":11.4742,\"scX\":0.9991,\"scY\":0.9989}},{\"inheritScale\":false,\"length\":41,\"name\":\"thigh_l\",\"parent\":\"chest\",\"transform\":{\"x\":48.09,\"y\":-51.64,\"skX\":2.2965,\"skY\":2.054,\"scX\":0.9728,\"scY\":0.9995}},{\"inheritScale\":false,\"name\":\"hand_r\",\"parent\":\"forearm_r\",\"transform\":{\"x\":86.03,\"y\":0.02,\"skX\":-17.0115,\"skY\":-17.0123,\"scX\":0.9962}},{\"inheritScale\":false,\"name\":\"hand_l\",\"parent\":\"forearm_l\",\"transform\":{\"x\":100.92,\"y\":-0.03,\"skX\":-1.4428,\"skY\":-1.4428,\"scX\":0.9984,\"scY\":0.9987}},{\"inheritScale\":false,\"length\":64,\"name\":\"thigh_r\",\"parent\":\"chest\",\"transform\":{\"x\":48.83,\"y\":51.55,\"skX\":47.3349,\"skY\":47.3381,\"scX\":0.998,\"scY\":0.9967}},{\"inheritScale\":false,\"length\":129,\"name\":\"calf_l\",\"parent\":\"thigh_l\",\"transform\":{\"x\":41.36,\"y\":-0.04,\"skX\":-21.8135,\"skY\":-21.8126,\"scX\":0.9984,\"scY\":0.9976}},{\"inheritScale\":false,\"length\":100,\"name\":\"calf_r\",\"parent\":\"thigh_r\",\"transform\":{\"x\":64.7,\"y\":0.05,\"skX\":-54.2764,\"skY\":-54.2755,\"scX\":0.9994,\"scY\":0.999}},{\"inheritScale\":false,\"name\":\"weapon_hand_l\",\"parent\":\"hand_l\",\"transform\":{\"x\":31.5347,\"y\":10.1248,\"skX\":77.9701,\"skY\":77.9701,\"scX\":0.9976,\"scY\":0.9988}},{\"inheritScale\":false,\"name\":\"weapon_hand_r\",\"parent\":\"hand_r\",\"transform\":{\"x\":18.0534,\"y\":-6.8328,\"skX\":71.7239,\"skY\":71.7239,\"scX\":0.998,\"scY\":0.999}},{\"inheritScale\":false,\"name\":\"foot_l\",\"parent\":\"calf_l\",\"transform\":{\"x\":129.47,\"y\":-0.01,\"skX\":23.1618,\"skY\":23.1618,\"scX\":0.9997}},{\"inheritScale\":false,\"name\":\"foot_r\",\"parent\":\"calf_r\",\"transform\":{\"x\":100.6,\"y\":0.04,\"skX\":10.3405,\"skY\":10.3405,\"scX\":0.9997}}],\"slot\":[{\"name\":\"shouder_r\",\"parent\":\"shouder_r\"},{\"name\":\"forearm_r\",\"parent\":\"forearm_r\"},{\"name\":\"hand_r\",\"parent\":\"hand_r\"},{\"name\":\"weapon_hand_r\",\"parent\":\"weapon_hand_r\"},{\"name\":\"thigh_r\",\"parent\":\"thigh_r\"},{\"name\":\"calf_r\",\"parent\":\"calf_r\"},{\"name\":\"foot_r\",\"parent\":\"foot_r\"},{\"name\":\"chest\",\"parent\":\"chest\"},{\"name\":\"pelvis\",\"parent\":\"pelvis\"},{\"name\":\"thigh_l\",\"parent\":\"thigh_l\"},{\"name\":\"calf_l\",\"parent\":\"calf_l\"},{\"name\":\"foot_l\",\"parent\":\"foot_l\"},{\"displayIndex\":4,\"name\":\"weapon_hand_l\",\"parent\":\"weapon_hand_l\"},{\"name\":\"hand_l\",\"parent\":\"hand_l\"},{\"name\":\"shouder_l\",\"parent\":\"shouder_l\"},{\"name\":\"forearm_l\",\"parent\":\"forearm_l\"},{\"name\":\"logo\",\"parent\":\"pelvis\"}],\"skin\":[{\"name\":\"\",\"slot\":[{\"name\":\"foot_r\",\"display\":[{\"name\":\"mecha_1004d_folder/foot_r\",\"transform\":{\"x\":2.95,\"y\":-2.95}}]},{\"name\":\"thigh_r\",\"display\":[{\"name\":\"mecha_1004d_folder/thigh_r\",\"transform\":{\"x\":16.9,\"y\":-3.65,\"skX\":0.94,\"skY\":0.94}}]},{\"name\":\"forearm_r\",\"display\":[{\"name\":\"mecha_1004d_folder/forearm_r\",\"transform\":{\"x\":39.8,\"y\":-8.25,\"skX\":-0.49,\"skY\":-0.49}}]},{\"name\":\"forearm_l\",\"display\":[{\"name\":\"mecha_1004d_folder/forearm_l\",\"transform\":{\"x\":47.25,\"y\":-14.15,\"skX\":1.06,\"skY\":1.06}}]},{\"name\":\"weapon_hand_l\",\"display\":[{\"name\":\"weapon_1004_l\",\"transform\":{\"x\":91.22,\"y\":-30.21}},{\"name\":\"weapon_1004b_l\",\"transform\":{\"x\":122.94,\"y\":-44.14}},{\"name\":\"weapon_1004c_l\",\"transform\":{\"x\":130.95,\"y\":-56.95}},{\"name\":\"weapon_1004d_l\",\"transform\":{\"x\":134.67,\"y\":-55.25}},{\"name\":\"weapon_1004e_l\",\"transform\":{\"x\":155.62,\"y\":-59.2}}]},{\"name\":\"foot_l\",\"display\":[{\"name\":\"mecha_1004d_folder/foot_l\",\"transform\":{\"x\":3.95,\"y\":0.95}}]},{\"name\":\"thigh_l\",\"display\":[{\"name\":\"mecha_1004d_folder/thigh_l\",\"transform\":{\"x\":9.05,\"y\":-1.25,\"skX\":4.48,\"skY\":4.48}}]},{\"name\":\"chest\",\"display\":[{\"name\":\"mecha_1004d_folder/chest\",\"transform\":{\"x\":-95.5,\"y\":-13.55,\"skX\":-177.85,\"skY\":-177.85}}]},{\"name\":\"calf_r\",\"display\":[{\"name\":\"mecha_1004d_folder/calf_r\",\"transform\":{\"x\":52.15,\"y\":-4.85,\"skX\":2.34,\"skY\":2.34}}]},{\"name\":\"shouder_r\",\"display\":[{\"name\":\"mecha_1004d_folder/shouder_r\",\"transform\":{\"x\":6.9,\"y\":-1.9,\"skX\":0.42,\"skY\":0.42}}]},{\"name\":\"weapon_hand_r\",\"display\":[{\"name\":\"weapon_1004_r\",\"transform\":{\"x\":119.74,\"y\":-23.1}}]},{\"name\":\"hand_r\",\"display\":[{\"name\":\"mecha_1004d_folder/hand_r\",\"transform\":{\"x\":20.9,\"y\":-1.95}}]},{\"name\":\"logo\",\"display\":[{\"name\":\"logo\",\"transform\":{\"x\":95.09,\"y\":-328.7,\"skX\":91.12,\"skY\":91.12,\"scX\":1.0004,\"scY\":1.0013}}]},{\"name\":\"shouder_l\",\"display\":[{\"name\":\"mecha_1004d_folder/shouder_l\",\"transform\":{\"x\":8.9,\"y\":-2.15,\"skX\":-1.25,\"skY\":-1.25}}]},{\"name\":\"hand_l\",\"display\":[{\"name\":\"mecha_1004d_folder/hand_l\",\"transform\":{\"x\":22,\"y\":11}}]},{\"name\":\"calf_l\",\"display\":[{\"name\":\"mecha_1004d_folder/calf_l\",\"transform\":{\"x\":62.9,\"y\":0.1,\"skX\":0.12,\"skY\":0.12}}]},{\"name\":\"pelvis\",\"display\":[{\"name\":\"mecha_1004d_folder/pelvis\",\"transform\":{\"x\":-15.05,\"y\":0.8,\"skX\":4.37,\"skY\":4.37}}]}]}],\"animation\":[{\"duration\":80,\"playTimes\":0,\"name\":\"idle\",\"bone\":[{\"name\":\"shouder_r\",\"translateFrame\":[{\"duration\":35,\"tweenEasing\":0},{\"duration\":5,\"tweenEasing\":0,\"x\":0.85,\"y\":-5.6},{\"duration\":5,\"tweenEasing\":0,\"x\":0.8,\"y\":-5.6},{\"duration\":35,\"tweenEasing\":0,\"x\":0.75,\"y\":-5.4},{\"duration\":0}],\"rotateFrame\":[{\"duration\":35,\"tweenEasing\":0},{\"duration\":10,\"tweenEasing\":0,\"rotate\":-0.25},{\"duration\":35,\"tweenEasing\":0,\"rotate\":-0.25},{\"duration\":0}]},{\"name\":\"forearm_r\",\"translateFrame\":[{\"duration\":35,\"tweenEasing\":0},{\"duration\":5,\"tweenEasing\":0,\"x\":0.01,\"y\":-0.19},{\"duration\":5,\"tweenEasing\":0,\"y\":-0.19},{\"duration\":35,\"tweenEasing\":0,\"x\":0.03,\"y\":-0.21},{\"duration\":0}],\"rotateFrame\":[{\"duration\":35,\"tweenEasing\":0},{\"duration\":5,\"tweenEasing\":0,\"rotate\":1.26},{\"duration\":5,\"tweenEasing\":0,\"rotate\":1.26},{\"duration\":35,\"tweenEasing\":0,\"rotate\":1.25},{\"duration\":0}]},{\"name\":\"hand_r\",\"translateFrame\":[{\"duration\":35,\"tweenEasing\":0},{\"duration\":5,\"tweenEasing\":0,\"x\":-0.28,\"y\":0.19},{\"duration\":5,\"tweenEasing\":0,\"x\":-0.27,\"y\":0.14},{\"duration\":35,\"tweenEasing\":0,\"x\":-0.27,\"y\":-0.03},{\"duration\":0}],\"rotateFrame\":[{\"duration\":35,\"tweenEasing\":0},{\"duration\":5,\"tweenEasing\":0,\"rotate\":-0.25},{\"duration\":5,\"tweenEasing\":0,\"rotate\":-0.5},{\"duration\":35,\"tweenEasing\":0,\"rotate\":-0.5},{\"duration\":0}]},{\"name\":\"weapon_hand_r\",\"translateFrame\":[{\"duration\":35,\"tweenEasing\":0},{\"duration\":5,\"tweenEasing\":0,\"x\":0.02,\"y\":0.03},{\"duration\":5,\"tweenEasing\":0,\"x\":0.02,\"y\":0.03},{\"duration\":35,\"tweenEasing\":0,\"x\":0.03,\"y\":0.03},{\"duration\":0}],\"rotateFrame\":[{\"duration\":35,\"tweenEasing\":0},{\"duration\":5,\"tweenEasing\":0,\"rotate\":0.5},{\"duration\":5,\"tweenEasing\":0,\"rotate\":0.75},{\"duration\":35,\"tweenEasing\":0,\"rotate\":0.5},{\"duration\":0}]},{\"name\":\"thigh_r\",\"translateFrame\":[{\"duration\":35,\"tweenEasing\":0},{\"duration\":5,\"tweenEasing\":0,\"x\":-0.8,\"y\":-1.53},{\"duration\":5,\"tweenEasing\":0,\"x\":-0.66,\"y\":-1.8},{\"duration\":35,\"tweenEasing\":0,\"x\":-0.8,\"y\":-1.53},{\"duration\":0}],\"rotateFrame\":[{\"duration\":35,\"tweenEasing\":0},{\"duration\":5,\"tweenEasing\":0,\"rotate\":-4.01},{\"duration\":5,\"tweenEasing\":0,\"rotate\":-4.26},{\"duration\":35,\"tweenEasing\":0,\"rotate\":-4.01},{\"duration\":0}],\"scaleFrame\":[{\"duration\":35,\"tweenEasing\":0},{\"duration\":10,\"tweenEasing\":0,\"x\":1.02},{\"duration\":35,\"tweenEasing\":0,\"x\":1.02},{\"duration\":0}]},{\"name\":\"calf_r\",\"translateFrame\":[{\"duration\":35,\"tweenEasing\":0},{\"duration\":5,\"tweenEasing\":0,\"x\":-0.61,\"y\":0.41},{\"duration\":5,\"tweenEasing\":0,\"x\":-0.6,\"y\":0.26},{\"duration\":35,\"tweenEasing\":0,\"x\":-0.61,\"y\":0.41},{\"duration\":0}],\"rotateFrame\":[{\"duration\":35,\"tweenEasing\":0},{\"duration\":10,\"tweenEasing\":0,\"rotate\":5.25},{\"duration\":35,\"tweenEasing\":0,\"rotate\":5.25},{\"duration\":0}],\"scaleFrame\":[{\"duration\":35,\"tweenEasing\":0},{\"duration\":5,\"tweenEasing\":0,\"x\":1.01},{\"duration\":5,\"tweenEasing\":0,\"x\":1.02},{\"duration\":35,\"tweenEasing\":0,\"x\":1.01},{\"duration\":0}]},{\"name\":\"foot_r\",\"translateFrame\":[{\"duration\":35,\"tweenEasing\":0},{\"duration\":5,\"tweenEasing\":0,\"x\":0.5,\"y\":0.47},{\"duration\":5,\"tweenEasing\":0,\"x\":0.52,\"y\":0.57},{\"duration\":35,\"tweenEasing\":0,\"x\":0.5,\"y\":0.47},{\"duration\":0}],\"rotateFrame\":[{\"duration\":35,\"tweenEasing\":0},{\"duration\":10,\"tweenEasing\":0,\"rotate\":-1.79},{\"duration\":35,\"tweenEasing\":0,\"rotate\":-1.79},{\"duration\":0}]},{\"name\":\"chest\",\"translateFrame\":[{\"duration\":35,\"tweenEasing\":0},{\"duration\":5,\"tweenEasing\":0,\"x\":0.19,\"y\":-0.74},{\"duration\":5,\"tweenEasing\":0,\"x\":-0.25,\"y\":-0.83},{\"duration\":35,\"tweenEasing\":0,\"x\":0.19,\"y\":-0.74},{\"duration\":0}],\"rotateFrame\":[{\"duration\":35,\"tweenEasing\":0},{\"duration\":5,\"tweenEasing\":0,\"rotate\":-0.17},{\"duration\":5,\"tweenEasing\":0,\"rotate\":-0.02},{\"duration\":35,\"tweenEasing\":0,\"rotate\":-0.17},{\"duration\":0}]},{\"name\":\"pelvis\",\"translateFrame\":[{\"duration\":40,\"tweenEasing\":0},{\"duration\":40,\"tweenEasing\":0,\"y\":-4.1},{\"duration\":0}],\"rotateFrame\":[{\"duration\":40,\"tweenEasing\":0},{\"duration\":40,\"tweenEasing\":0,\"rotate\":0.75},{\"duration\":0}]},{\"name\":\"thigh_l\",\"translateFrame\":[{\"duration\":35,\"tweenEasing\":0},{\"duration\":5,\"tweenEasing\":0,\"x\":1.1,\"y\":0.37},{\"duration\":5,\"tweenEasing\":0,\"x\":0.9,\"y\":0.16},{\"duration\":35,\"tweenEasing\":0,\"x\":1.1,\"y\":0.37},{\"duration\":0}],\"rotateFrame\":[{\"duration\":35,\"tweenEasing\":0},{\"duration\":5,\"tweenEasing\":0,\"rotate\":-1.5},{\"duration\":5,\"tweenEasing\":0,\"rotate\":-1.75},{\"duration\":35,\"tweenEasing\":0,\"rotate\":-1.5},{\"duration\":0}],\"scaleFrame\":[{\"duration\":35,\"tweenEasing\":0},{\"duration\":10,\"tweenEasing\":0,\"x\":1.08},{\"duration\":35,\"tweenEasing\":0,\"x\":1.08},{\"duration\":0}]},{\"name\":\"calf_l\",\"translateFrame\":[{\"duration\":35,\"tweenEasing\":0},{\"duration\":5,\"tweenEasing\":0,\"x\":-0.76,\"y\":0.24},{\"duration\":5,\"tweenEasing\":0,\"x\":-0.75,\"y\":0.21},{\"duration\":35,\"tweenEasing\":0,\"x\":-0.76,\"y\":0.24},{\"duration\":0}],\"rotateFrame\":[{\"duration\":35,\"tweenEasing\":0},{\"duration\":10,\"tweenEasing\":0,\"rotate\":0.4},{\"duration\":35,\"tweenEasing\":0,\"rotate\":0.4},{\"duration\":0}]},{\"name\":\"foot_l\",\"translateFrame\":[{\"duration\":35,\"tweenEasing\":0},{\"duration\":10,\"tweenEasing\":0,\"x\":0.16,\"y\":0.09},{\"duration\":35,\"tweenEasing\":0,\"x\":0.16,\"y\":0.09},{\"duration\":0}],\"rotateFrame\":[{\"duration\":35,\"tweenEasing\":0},{\"duration\":10,\"tweenEasing\":0,\"rotate\":0.25},{\"duration\":35,\"tweenEasing\":0,\"rotate\":0.25},{\"duration\":0}]},{\"name\":\"hand_l\",\"translateFrame\":[{\"duration\":35,\"tweenEasing\":0},{\"duration\":5,\"tweenEasing\":0,\"x\":-0.32,\"y\":-0.13},{\"duration\":5,\"tweenEasing\":0,\"x\":-0.31,\"y\":-0.21},{\"duration\":35,\"tweenEasing\":0,\"x\":-0.36,\"y\":-0.17},{\"duration\":0}]},{\"name\":\"weapon_hand_l\",\"translateFrame\":[{\"duration\":35,\"tweenEasing\":0},{\"duration\":5,\"tweenEasing\":0,\"x\":0.01,\"y\":0.02},{\"duration\":5,\"tweenEasing\":0,\"x\":-0.03,\"y\":-0.01},{\"duration\":35,\"tweenEasing\":0,\"x\":-0.01,\"y\":0.01},{\"duration\":0}],\"rotateFrame\":[{\"duration\":35,\"tweenEasing\":0},{\"duration\":5,\"tweenEasing\":0,\"rotate\":1.76},{\"duration\":5,\"tweenEasing\":0,\"rotate\":1.75},{\"duration\":35,\"tweenEasing\":0,\"rotate\":1.76},{\"duration\":0}]},{\"name\":\"shouder_l\",\"translateFrame\":[{\"duration\":35,\"tweenEasing\":0},{\"duration\":5,\"tweenEasing\":0,\"x\":2,\"y\":-7.75},{\"duration\":5,\"tweenEasing\":0,\"x\":2.15,\"y\":-8.1},{\"duration\":35,\"tweenEasing\":0,\"x\":1.95,\"y\":-8.15},{\"duration\":0}],\"rotateFrame\":[{\"duration\":35,\"tweenEasing\":0},{\"duration\":10,\"tweenEasing\":0,\"rotate\":-0.75},{\"duration\":35,\"tweenEasing\":0,\"rotate\":-0.75},{\"duration\":0}]},{\"name\":\"forearm_l\",\"translateFrame\":[{\"duration\":35,\"tweenEasing\":0},{\"duration\":5,\"tweenEasing\":0,\"x\":-0.33,\"y\":-0.12},{\"duration\":5,\"tweenEasing\":0,\"x\":-0.35,\"y\":-0.12},{\"duration\":35,\"tweenEasing\":0,\"x\":-0.31,\"y\":-0.13},{\"duration\":0}],\"rotateFrame\":[{\"duration\":35,\"tweenEasing\":0},{\"duration\":10,\"tweenEasing\":0,\"rotate\":0.75},{\"duration\":35,\"tweenEasing\":0,\"rotate\":0.75},{\"duration\":0}]}],\"slot\":[{\"name\":\"weapon_hand_l\",\"displayFrame\":[{\"duration\":80}]}]}],\"defaultActions\":[{\"gotoAndPlay\":\"idle\"}]}]}"}