{"__type__":"cc.Mesh","_native":".bin","_vertexBundles":[{"__type__":"cc.mesh.VertexBundle","data":{"__type__":"cc.BufferRange","length":890456},"formats":[{"__type__":"cc.mesh.VertexFormat","name":"a_joints","type":5123,"num":4},{"__type__":"cc.mesh.VertexFormat","name":"a_normal","type":5126,"num":3},{"__type__":"cc.mesh.VertexFormat","name":"a_position","type":5126,"num":3},{"__type__":"cc.mesh.VertexFormat","name":"a_uv0","type":5126,"num":2},{"__type__":"cc.mesh.VertexFormat","name":"a_weights","type":5126,"num":4}],"verticesCount":15901}],"_primitives":[{"__type__":"cc.mesh.Primitive","vertexBundleIndices":[0],"data":{"__type__":"cc.BufferRange","offset":890456,"length":169632}}],"_minPos":{"__type__":"cc.Vec3","x":-0.902565956115723,"y":-0.00320193218067288,"z":-0.14373941719532},"_maxPos":{"__type__":"cc.Vec3","x":0.902566075325012,"y":1.80604910850525,"z":0.176958158612251}}