[{"__type__":"cc.SpriteAtlas","_name":"emoji.plist","_spriteFrames":{"emoji1":{"__uuid__":"bcCcQQN5ZDSKq03IdQ/sM/"},"emoji2":{"__uuid__":"f32CcnI5FAMb0zVfYUUjZp"},"emoji3":{"__uuid__":"50XjaN+lVB8JNKRiXMGWxu"}}},{"__type__":"cc.SpriteFrame","content":{"name":"emoji3","texture":"22TOboDjJDCpgHlFL8dprJ","rect":[71,1,68,68],"offset":[0,0],"originalSize":[68,68],"capInsets":[0,0,0,0]}},{"__type__":"cc.SpriteFrame","content":{"name":"emoji1","texture":"22TOboDjJDCpgHlFL8dprJ","rect":[1,1,68,68],"offset":[0,0],"originalSize":[68,68],"capInsets":[0,0,0,0]}},{"__type__":"cc.SpriteFrame","content":{"name":"emoji2","texture":"22TOboDjJDCpgHlFL8dprJ","rect":[141,1,66,66],"offset":[0,0],"originalSize":[68,68],"capInsets":[0,0,0,0]}}]