[{"__type__":"cc.SpriteFrame","content":{"name":"singleColor","texture":"1bags8Kg5BCpWrU9yaA6Ng","rect":[0,0,2,2],"offset":[0,0],"originalSize":[2,2],"capInsets":[0,0,0,0]}},[{"__type__":"cc.SceneAsset","_name":"Label","scene":{"__id__":1},"asyncLoadAssets":null},{"__type__":"cc.Scene","_name":"New Node","_children":[{"__id__":2}],"_anchorPoint":{"__type__":"cc.Vec2"},"_trs":{"__type__":"TypedArray","ctor":"Float64Array","array":[0,0,0,0,0,0,1,1,1,1]},"autoReleaseAssets":false},{"__type__":"cc.Node","_name":"Canvas","_parent":{"__id__":1},"_children":[{"__id__":3},{"__id__":4},{"__id__":5},{"__id__":10}],"_components":[{"__type__":"cc.Canvas","node":{"__id__":2}},{"__type__":"cc.Widget","node":{"__id__":2},"_alignFlags":45}],"_contentSize":{"__type__":"cc.Size","width":960,"height":640},"_trs":{"__type__":"TypedArray","ctor":"Float64Array","array":[480,320,0,0,0,0,1,1,1,1]},"_id":"04JJxktilF8oSuBcg0Dfxm"},{"__type__":"cc.Node","_name":"Background","_parent":{"__id__":2},"_components":[{"__type__":"cc.Sprite","node":{"__id__":3},"_materials":[{"__uuid__":"ecpdLyjvZBwrvm+cedCcQy"}],"_spriteFrame":{"__uuid__":"0aoLNsxKlM4qs77+3nCObU"},"_sizeMode":0},{"__type__":"cc.Widget","node":{"__id__":3},"alignMode":2,"_alignFlags":45,"_originalWidth":960,"_originalHeight":640}],"_color":{"__type__":"cc.Color","r":80,"g":80,"b":80},"_contentSize":{"__type__":"cc.Size","width":960,"height":640},"_trs":{"__type__":"TypedArray","ctor":"Float64Array","array":[0,0,0,0,0,0,1,1,1,1]}},{"__type__":"cc.Node","_name":"Main Camera","_parent":{"__id__":2},"_components":[{"__type__":"cc.Camera","node":{"__id__":4},"_clearFlags":7,"_depth":-1}],"_trs":{"__type__":"TypedArray","ctor":"Float64Array","array":[0,0,349.00128173828125,0,0,0,1,1,1,1]}},{"__type__":"cc.Node","_name":"Font Labels","_parent":{"__id__":2},"_children":[{"__id__":6},{"__id__":7},{"__id__":8},{"__id__":9}],"_components":[{"__type__":"cc.Layout","node":{"__id__":5},"_layoutSize":{"__type__":"cc.Size","width":344,"height":322},"_N$layoutType":2,"_N$spacingY":30}],"_contentSize":{"__type__":"cc.Size","width":344,"height":322},"_trs":{"__type__":"TypedArray","ctor":"Float64Array","array":[0,120,0,0,0,0,1,1,1,1]}},{"__type__":"cc.Node","_name":"BitmapFontLabel","_parent":{"__id__":5},"_components":[{"__type__":"cc.Label","node":{"__id__":6},"_materials":[{"__uuid__":"ecpdLyjvZBwrvm+cedCcQy"}],"_useOriginalSize":false,"_string":"Bitmap Font","_N$string":"Bitmap Font","_N$file":{"__uuid__":"e9DdfGzRhMeq6D3O+bChta"},"_isSystemFontUsed":false,"_N$horizontalAlign":1,"_N$verticalAlign":1,"_N$overflow":3}],"_contentSize":{"__type__":"cc.Size","width":355.56,"height":44.44},"_trs":{"__type__":"TypedArray","ctor":"Float64Array","array":[0,138.77999877929688,0,0,0,0,1,1,1,1]}},{"__type__":"cc.Node","_name":"TTFFontLabel","_parent":{"__id__":5},"_components":[{"__type__":"cc.Label","node":{"__id__":7},"_materials":[{"__uuid__":"ecpdLyjvZBwrvm+cedCcQy"}],"_useOriginalSize":false,"_string":"TTF Font","_N$string":"TTF Font","_N$file":{"__uuid__":"5bnLwjdrNB/5lTQhn9vqcs"},"_isSystemFontUsed":false,"_N$horizontalAlign":1,"_N$verticalAlign":1}],"_contentSize":{"__type__":"cc.Size","width":163.16,"height":50.4},"_trs":{"__type__":"TypedArray","ctor":"Float64Array","array":[0,61.36000061035156,0,0,0,0,1,1,1,1]}},{"__type__":"cc.Node","_name":"SystemFontLabel","_parent":{"__id__":5},"_components":[{"__type__":"cc.Label","node":{"__id__":8},"_materials":[{"__uuid__":"ecpdLyjvZBwrvm+cedCcQy"}],"_useOriginalSize":false,"_string":"System Font","_N$string":"System Font","_N$horizontalAlign":1,"_N$verticalAlign":1}],"_contentSize":{"__type__":"cc.Size","width":224.51,"height":50.4},"_trs":{"__type__":"TypedArray","ctor":"Float64Array","array":[0,-19.040000915527344,0,0,0,0,1,1,1,1]}},{"__type__":"cc.Node","_name":"LabelAtlas","_parent":{"__id__":5},"_components":[{"__type__":"cc.Label","node":{"__id__":9},"_materials":[{"__uuid__":"ecpdLyjvZBwrvm+cedCcQy"}],"_useOriginalSize":false,"_string":"Atlas Font","_N$string":"Atlas Font","_fontSize":50,"_N$file":{"__uuid__":"838RpCy5dJQIIx6sc5LxKG"},"_isSystemFontUsed":false,"_spacingX":-20,"_N$horizontalAlign":1,"_N$verticalAlign":1}],"_contentSize":{"__type__":"cc.Size","width":233.79,"height":34.48},"_trs":{"__type__":"TypedArray","ctor":"Float64Array","array":[0,-91.4800033569336,0,0,0,0,1,1,1,1]}},{"__type__":"cc.Node","_name":"Label Effects","_parent":{"__id__":2},"_children":[{"__id__":11},{"__id__":12},{"__id__":13}],"_components":[{"__type__":"cc.Layout","node":{"__id__":10},"_layoutSize":{"__type__":"cc.Size","width":721,"height":251},"_N$layoutType":2,"_N$paddingTop":10,"_N$paddingBottom":10,"_N$spacingY":30}],"_color":{"__type__":"cc.Color","r":100,"g":100,"b":100},"_contentSize":{"__type__":"cc.Size","width":721,"height":251},"_trs":{"__type__":"TypedArray","ctor":"Float64Array","array":[0,-174.10499572753906,0,0,0,0,1,1,1,1]}},{"__type__":"cc.Node","_name":"OutlineLabel","_parent":{"__id__":10},"_components":[{"__type__":"cc.Label","node":{"__id__":11},"_materials":[{"__uuid__":"ecpdLyjvZBwrvm+cedCcQy"}],"_string":"Label Outline","_N$string":"Label Outline","_enableWrapText":false,"_N$file":{"__uuid__":"5bnLwjdrNB/5lTQhn9vqcs"},"_isSystemFontUsed":false,"_N$horizontalAlign":1,"_N$verticalAlign":1,"_N$overflow":1,"_N$cacheMode":2},{"__type__":"cc.LabelOutline","node":{"__id__":11},"_color":{"__type__":"cc.Color","r":247,"g":240,"b":240,"a":1},"_width":3}],"_color":{"__type__":"cc.Color","r":17,"g":1,"b":1},"_contentSize":{"__type__":"cc.Size","width":398.01,"height":50.4},"_trs":{"__type__":"TypedArray","ctor":"Float64Array","array":[0,90.30000305175781,0,0,0,0,1,1,1,1]}},{"__type__":"cc.Node","_name":"ShadowLabel_1","_parent":{"__id__":10},"_components":[{"__type__":"cc.Label","node":{"__id__":12},"_materials":[{"__uuid__":"ecpdLyjvZBwrvm+cedCcQy"}],"_useOriginalSize":false,"_string":"Label Shadow 1","_N$string":"Label Shadow 1","_N$horizontalAlign":1,"_N$overflow":2,"_N$cacheMode":1},{"__type__":"cc.LabelShadow","node":{"__id__":12},"_color":{"__type__":"cc.Color"},"_offset":{"__type__":"cc.Vec2","x":4,"y":-3},"_blur":4}],"_contentSize":{"__type__":"cc.Size","width":398.01,"height":50.4},"_trs":{"__type__":"TypedArray","ctor":"Float64Array","array":[0,9.899999618530273,0,0,0,0,1,1,1,1]}},{"__type__":"cc.Node","_name":"ShadowLabel_2","_parent":{"__id__":10},"_components":[{"__type__":"cc.Label","node":{"__id__":13},"_materials":[{"__uuid__":"ecpdLyjvZBwrvm+cedCcQy"}],"_useOriginalSize":false,"_string":"Label Shadow 2","_N$string":"Label Shadow 2","_N$horizontalAlign":1,"_N$overflow":3},{"__type__":"cc.LabelShadow","node":{"__id__":13},"_offset":{"__type__":"cc.Vec2"},"_blur":5}],"_contentSize":{"__type__":"cc.Size","width":398.01,"height":50.4},"_trs":{"__type__":"TypedArray","ctor":"Float64Array","array":[0,-70.5,0,0,0,0,1,1,1,1]}}]]