[{"__type__":"cc.SpriteFrame","content":{"name":"content","texture":"6bT67Vq8NKd6+dNe1npaSL","rect":[0,0,512,512],"offset":[0,0],"originalSize":[512,512],"capInsets":[0,0,0,0]}},[{"__type__":"cc.SceneAsset","_name":"capture_to_native","scene":{"__id__":1},"asyncLoadAssets":null},{"__type__":"cc.Scene","_name":"New Node","_children":[{"__id__":2}],"_anchorPoint":{"__type__":"cc.Vec2"},"_trs":{"__type__":"TypedArray","ctor":"Float64Array","array":[0,0,0,0,0,0,1,1,1,1]},"autoReleaseAssets":false},{"__type__":"cc.Node","_name":"Canvas","_parent":{"__id__":1},"_children":[{"__id__":3},{"__id__":4},{"__id__":5},{"__id__":7},{"__id__":10}],"_components":[{"__type__":"cc.Canvas","node":{"__id__":2}},{"__type__":"c1a65pebNpA27eOgsyL77g/","node":{"__id__":2},"camera":{"__id__":6},"label":{"__id__":11}},{"__type__":"cc.Widget","node":{"__id__":2},"_alignFlags":45}],"_contentSize":{"__type__":"cc.Size","width":960,"height":640},"_trs":{"__type__":"TypedArray","ctor":"Float64Array","array":[480,320,0,0,0,0,1,1,1,1]},"_id":"fblp6MPohHUbknYqN4j/5F"},{"__type__":"cc.Node","_parent":{"__id__":2},"_id":"10mFSUhGpE3IDWYslZzRm/","_prefab":{"__type__":"cc.PrefabInfo","root":{"__id__":3},"asset":{"__uuid__":"b8OSNRvpdPAZhePn0hGPPJ"},"fileId":"78fd70+ls5GgJcFkzvLSRk8","sync":true},"_name":"Background","_trs":{"__type__":"TypedArray","ctor":"Float64Array","array":[0,0,0,0,0,0,1,1,1,1]}},{"__type__":"cc.Node","_name":"Main Camera","_parent":{"__id__":2},"_components":[{"__type__":"cc.Camera","node":{"__id__":4},"_clearFlags":7,"_backgroundColor":{"__type__":"cc.Color","r":56,"g":59,"b":65},"_depth":-1,"_nearClip":0.1}],"_trs":{"__type__":"TypedArray","ctor":"Float64Array","array":[0,0,370.65887281973977,0,0,0,1,1,1,1]}},{"__type__":"cc.Node","_name":"camera","_parent":{"__id__":2},"_components":[{"__id__":6}],"_trs":{"__type__":"TypedArray","ctor":"Float64Array","array":[0,0,370.65887281973977,0,0,0,1,1,1,1]}},{"__type__":"cc.Camera","node":{"__id__":5},"_enabled":false,"_cullingMask":-132,"_clearFlags":7,"_backgroundColor":{"__type__":"cc.Color","r":56,"g":59,"b":65,"a":0},"_nearClip":0.1},{"__type__":"cc.Node","_name":"Mask","_parent":{"__id__":2},"_children":[{"__id__":8}],"_components":[{"__type__":"cc.Mask","node":{"__id__":7},"_materials":[{"__uuid__":"ecpdLyjvZBwrvm+cedCcQy"}],"_type":1,"_N$alphaThreshold":0}],"_contentSize":{"__type__":"cc.Size","width":300,"height":300},"_trs":{"__type__":"TypedArray","ctor":"Float64Array","array":[0,-100,0,0,0,0,1,1,1,1]},"_groupIndex":2,"groupIndex":2},{"__type__":"cc.Node","_name":"content","_parent":{"__id__":7},"_children":[{"__id__":9}],"_components":[{"__type__":"cc.Sprite","node":{"__id__":8},"_materials":[{"__uuid__":"ecpdLyjvZBwrvm+cedCcQy"}],"_spriteFrame":{"__uuid__":"bfhnyuiiFP/52t0htQmKGm"},"_sizeMode":0}],"_contentSize":{"__type__":"cc.Size","width":300,"height":300},"_trs":{"__type__":"TypedArray","ctor":"Float64Array","array":[0,0,0,0,0,0,1,1,1,1]},"_groupIndex":2,"groupIndex":2},{"__type__":"cc.Node","_name":"goldcoin","_parent":{"__id__":8},"_components":[{"__type__":"cc.Sprite","node":{"__id__":9},"_materials":[{"__uuid__":"ecpdLyjvZBwrvm+cedCcQy"}],"_spriteFrame":{"__uuid__":"e3BKZDfgROhagh0UmGu1Ys"}}],"_contentSize":{"__type__":"cc.Size","width":80,"height":80},"_trs":{"__type__":"TypedArray","ctor":"Float64Array","array":[0,0,0,0,0,0,1,1,1,1]},"_groupIndex":2,"groupIndex":2},{"__type__":"cc.Node","_name":"Tip","_parent":{"__id__":2},"_components":[{"__id__":11}],"_contentSize":{"__type__":"cc.Size","width":448.96,"height":63},"_trs":{"__type__":"TypedArray","ctor":"Float64Array","array":[0,238,0,0,0,0,1,1,1,1]},"_groupIndex":1,"groupIndex":1},{"__type__":"cc.Label","node":{"__id__":10},"_materials":[{"__uuid__":"ecpdLyjvZBwrvm+cedCcQy"}],"_useOriginalSize":false,"_string":"该场景仅支持 native 平台","_N$string":"该场景仅支持 native 平台","_lineHeight":50,"_N$horizontalAlign":1,"_N$verticalAlign":1}],{"__type__":"cc.SpriteFrame","content":{"name":"goldcoin","texture":"6e4xGvLlZICpjd7mPj1bJM","rect":[0,0,80,80],"offset":[0,0],"originalSize":[80,80],"capInsets":[0,0,0,0]}}]