[{"__type__":"cc.SpriteFrame","content":{"name":"default_btn_disabled","texture":"71VhFCTINJM6/Ky3oX9nBT","rect":[0,0,40,40],"offset":[0,0],"originalSize":[40,40],"capInsets":[12,12,12,12]}},[{"__type__":"cc.Prefab","_name":"Tips","data":{"__id__":1}},{"__type__":"cc.Node","_name":"Tips","_children":[{"__id__":2},{"__id__":3}],"_components":[{"__type__":"b71d3yctLlH0bVfbZXKVJIY","node":{"__id__":1}}],"_prefab":{"__type__":"cc.PrefabInfo","root":{"__id__":1},"asset":{"__id__":0},"fileId":"b0lbEfCndDEJdHHJ7piqFe"},"_trs":{"__type__":"TypedArray","ctor":"Float64Array","array":[0,0,0,0,0,0,1,1,1,1]}},{"__type__":"cc.Node","_name":"UICamera","_parent":{"__id__":1},"_components":[{"__type__":"cc.Camera","node":{"__id__":2},"_cullingMask":128,"_nearClip":0.1}],"_prefab":{"__type__":"cc.PrefabInfo","root":{"__id__":1},"asset":{"__id__":0},"fileId":"c1wQiISyNAdrdkEJ9otmnO"},"_trs":{"__type__":"TypedArray","ctor":"Float64Array","array":[0,0,308.3050437472602,0,0,0,1,1,1,1]},"_groupIndex":7,"groupIndex":7},{"__type__":"cc.Node","_name":"Panel","_parent":{"__id__":1},"_children":[{"__id__":4},{"__id__":5}],"_components":[{"__type__":"b71d3yctLlH0bVfbZXKVJIY","node":{"__id__":3}}],"_prefab":{"__type__":"cc.PrefabInfo","root":{"__id__":1},"asset":{"__id__":0},"fileId":"14l3GXDeNCv5k0fBqVbbX6"},"_trs":{"__type__":"TypedArray","ctor":"Float64Array","array":[0,0,0,0,0,0,1,1,1,1]},"_groupIndex":7,"groupIndex":7},{"__type__":"cc.Node","_name":"tips","_parent":{"__id__":3},"_active":false,"_components":[{"__type__":"cc.Label","node":{"__id__":4},"_materials":[{"__uuid__":"ecpdLyjvZBwrvm+cedCcQy"}],"_useOriginalSize":false,"_string":"1.左一左二为对比，效果相同\n2.左三左五粒子放大两倍，粒子与粒子的中心间隔放大两倍\n3.左四左六粒子放大两倍，粒子与粒子的中心间隔没变\n4.左七每五秒产生两个粒子，两个粒子产生的时间间隔为0.5秒\n5.左八可在场景编辑器查看效果，每拖动一单位距离产生一个粒子","_N$string":"1.左一左二为对比，效果相同\n2.左三左五粒子放大两倍，粒子与粒子的中心间隔放大两倍\n3.左四左六粒子放大两倍，粒子与粒子的中心间隔没变\n4.左七每五秒产生两个粒子，两个粒子产生的时间间隔为0.5秒\n5.左八可在场景编辑器查看效果，每拖动一单位距离产生一个粒子","_fontSize":28,"_N$horizontalAlign":1,"_N$verticalAlign":1}],"_prefab":{"__type__":"cc.PrefabInfo","root":{"__id__":1},"asset":{"__id__":0},"fileId":"abCfp1iSlA64OqoqEiTNMo"},"_contentSize":{"__type__":"cc.Size","width":807.35,"height":210.4},"_trs":{"__type__":"TypedArray","ctor":"Float64Array","array":[0,0,0,0,0,0,1,1,1,1]},"_groupIndex":7,"groupIndex":7},{"__type__":"cc.Node","_name":"Button","_parent":{"__id__":3},"_children":[{"__id__":6}],"_components":[{"__type__":"cc.Button","node":{"__id__":5},"_normalMaterial":{"__uuid__":"ecpdLyjvZBwrvm+cedCcQy"},"clickEvents":[{"__type__":"cc.ClickEvent","target":{"__id__":3},"_componentId":"b71d3yctLlH0bVfbZXKVJIY","handler":"showtip"}],"_N$transition":3,"transition":3,"_N$normalColor":{"__type__":"cc.Color","r":230,"g":230,"b":230},"_N$pressedColor":{"__type__":"cc.Color","r":200,"g":200,"b":200},"pressedColor":{"__type__":"cc.Color","r":200,"g":200,"b":200},"_N$disabledColor":{"__type__":"cc.Color","r":120,"g":120,"b":120,"a":200},"_N$normalSprite":{"__uuid__":"f0BIwQ8D5Ml7nTNQbh1YlS"},"_N$pressedSprite":{"__uuid__":"e97GVMl6JHh5Ml5qEDdSGa"},"pressedSprite":{"__uuid__":"e97GVMl6JHh5Ml5qEDdSGa"},"_N$hoverSprite":{"__uuid__":"f0BIwQ8D5Ml7nTNQbh1YlS"},"hoverSprite":{"__uuid__":"f0BIwQ8D5Ml7nTNQbh1YlS"},"_N$disabledSprite":{"__uuid__":"29FYIk+N1GYaeWH/q1NxQO"},"_N$target":{"__id__":6}}],"_prefab":{"__type__":"cc.PrefabInfo","root":{"__id__":1},"asset":{"__id__":0},"fileId":"042fgcbyFBHIwftn3ae4/m"},"_contentSize":{"__type__":"cc.Size","width":100,"height":40},"_trs":{"__type__":"TypedArray","ctor":"Float64Array","array":[275.067,234.405,0,0,0,0,1,1,1,1]},"_groupIndex":7,"groupIndex":7},{"__type__":"cc.Node","_name":"Background","_parent":{"__id__":5},"_children":[{"__id__":7}],"_components":[{"__type__":"cc.Sprite","node":{"__id__":6},"_materials":[{"__uuid__":"ecpdLyjvZBwrvm+cedCcQy"}],"_spriteFrame":{"__uuid__":"f0BIwQ8D5Ml7nTNQbh1YlS"},"_type":1,"_sizeMode":0},{"__type__":"cc.Widget","node":{"__id__":6},"alignMode":0,"_alignFlags":45,"_originalWidth":100,"_originalHeight":40}],"_prefab":{"__type__":"cc.PrefabInfo","root":{"__id__":1},"asset":{"__id__":0},"fileId":"68jxhsHghGgria2abVOt27"},"_contentSize":{"__type__":"cc.Size","width":100,"height":40},"_trs":{"__type__":"TypedArray","ctor":"Float64Array","array":[0,0,0,0,0,0,1,1,1,1]},"_groupIndex":7,"groupIndex":7},{"__type__":"cc.Node","_name":"Label","_parent":{"__id__":6},"_components":[{"__type__":"cc.Label","node":{"__id__":7},"_materials":[{"__uuid__":"ecpdLyjvZBwrvm+cedCcQy"}],"_useOriginalSize":false,"_string":"Tips","_N$string":"Tips","_fontSize":20,"_enableWrapText":false,"_N$horizontalAlign":1,"_N$verticalAlign":1,"_N$overflow":1}],"_prefab":{"__type__":"cc.PrefabInfo","root":{"__id__":1},"asset":{"__id__":0},"fileId":"fcB7M+eT1EmYR5YM5blWQ2"},"_color":{"__type__":"cc.Color"},"_contentSize":{"__type__":"cc.Size","width":100,"height":60},"_trs":{"__type__":"TypedArray","ctor":"Float64Array","array":[0,0,0,0,0,0,1,1,1,1]},"_groupIndex":7,"groupIndex":7}],{"__type__":"cc.SpriteFrame","content":{"name":"default_btn_pressed","texture":"b4P/PCArtIdIH38t6mlw8Y","rect":[0,0,40,40],"offset":[0,0],"originalSize":[40,40],"capInsets":[12,12,12,12]}},{"__type__":"cc.SpriteFrame","content":{"name":"default_btn_normal","texture":"e8Ueib+qJEhL6mXAHdnwbi","rect":[0,0,40,40],"offset":[0,0],"originalSize":[40,40],"capInsets":[12,12,12,12]}}]