[{"__type__":"cc.SpriteFrame","content":{"name":"PurpleMonster","texture":"18BB1/fGpHvatvehi0BKIU","rect":[0,0,78,67],"offset":[0,0],"originalSize":[78,67],"capInsets":[0,0,0,0]}},{"__type__":"cc.SpriteFrame","content":{"name":"GreenMonster","texture":"08we3qRtRB3pndT4t/a0Oz","rect":[0,0,68,71],"offset":[0,0],"originalSize":[68,71],"capInsets":[0,0,0,0]}},{"__type__":"cc.SpriteFrame","content":{"name":"YellowMonster","texture":"15reJ+AhJHdbXkiooljotj","rect":[0,0,80,71],"offset":[0,0],"originalSize":[80,71],"capInsets":[0,0,0,0]}},{"__type__":"cc.SpriteFrame","content":{"name":"RedMonster","texture":"8abFgwQSdN26PmAos/eT6D","rect":[0,0,68,75],"offset":[0,0],"originalSize":[68,75],"capInsets":[0,0,0,0]}},[{"__type__":"cc.SceneAsset","_name":"tween-demo","scene":{"__id__":1},"asyncLoadAssets":null},{"__type__":"cc.Scene","_name":"New Node","_children":[{"__id__":2}],"_anchorPoint":{"__type__":"cc.Vec2"},"_trs":{"__type__":"TypedArray","ctor":"Float64Array","array":[0,0,0,0,0,0,1,0.4439208984375,0.4439208984375,1]},"autoReleaseAssets":false},{"__type__":"cc.Node","_name":"Canvas","_parent":{"__id__":1},"_children":[{"__id__":3},{"__id__":4},{"__id__":5},{"__id__":6},{"__id__":7},{"__id__":8},{"__id__":9}],"_components":[{"__type__":"cc.Canvas","node":{"__id__":2}},{"__type__":"1ad8dW61zxGsrp51I5maibs","node":{"__id__":2},"nodes":[{"__id__":5},{"__id__":6},{"__id__":7},{"__id__":8},{"__id__":9}]},{"__type__":"cc.Widget","node":{"__id__":2},"_alignFlags":45}],"_contentSize":{"__type__":"cc.Size","width":960,"height":640},"_trs":{"__type__":"TypedArray","ctor":"Float64Array","array":[480,320,0,0,0,0,0,1,1,1]},"_id":"41UGHTfn1LiYWEnVIccOTH"},{"__type__":"cc.Node","_name":"Main Camera","_parent":{"__id__":2},"_components":[{"__type__":"cc.Camera","node":{"__id__":3},"_clearFlags":7,"_depth":-1}],"_trs":{"__type__":"TypedArray","ctor":"Float64Array","array":[0,0,0,0,0,0,0,1,1,1]}},{"__type__":"cc.Node","_parent":{"__id__":2},"_id":"cbF750G6tFaZI2CWcQD4qy","_prefab":{"__type__":"cc.PrefabInfo","root":{"__id__":4},"asset":{"__uuid__":"b8OSNRvpdPAZhePn0hGPPJ"},"fileId":"78fd70+ls5GgJcFkzvLSRk8","sync":true},"_name":"Background","_trs":{"__type__":"TypedArray","ctor":"Float64Array","array":[0,0,0,0,0,0,0,1,1,1]}},{"__type__":"cc.Node","_name":"PurpleMonster","_parent":{"__id__":2},"_components":[{"__type__":"cc.Sprite","node":{"__id__":5},"_spriteFrame":{"__uuid__":"04Odl6SSRHZJsSrqSLsXBy"}}],"_opacity":0,"_contentSize":{"__type__":"cc.Size","width":78,"height":67},"_trs":{"__type__":"TypedArray","ctor":"Float64Array","array":[-300,0,0,0,0,0,0,1,1,1]}},{"__type__":"cc.Node","_name":"GreenMonster","_parent":{"__id__":2},"_components":[{"__type__":"cc.Sprite","node":{"__id__":6},"_spriteFrame":{"__uuid__":"04Z0Q+b7hNe6NPV7PlwUn7"}}],"_opacity":0,"_contentSize":{"__type__":"cc.Size","width":68,"height":71},"_trs":{"__type__":"TypedArray","ctor":"Float64Array","array":[-150,0,0,0,0,0,0,1,1,1]}},{"__type__":"cc.Node","_name":"BuleMonster","_parent":{"__id__":2},"_components":[{"__type__":"cc.Sprite","node":{"__id__":7},"_spriteFrame":{"__uuid__":"d8qrTTn65FPpZvJAwHh5Eg"}}],"_opacity":0,"_contentSize":{"__type__":"cc.Size","width":77,"height":77},"_trs":{"__type__":"TypedArray","ctor":"Float64Array","array":[0,0,0,0,0,0,0,1,1,1]}},{"__type__":"cc.Node","_name":"RedMonster","_parent":{"__id__":2},"_components":[{"__type__":"cc.Sprite","node":{"__id__":8},"_spriteFrame":{"__uuid__":"1dX38+1LVDxJsJW4MlhwuJ"}}],"_opacity":0,"_contentSize":{"__type__":"cc.Size","width":68,"height":75},"_trs":{"__type__":"TypedArray","ctor":"Float64Array","array":[150,0,0,0,0,0,0,1,1,1]}},{"__type__":"cc.Node","_name":"YellowMonster","_parent":{"__id__":2},"_components":[{"__type__":"cc.Sprite","node":{"__id__":9},"_spriteFrame":{"__uuid__":"0aN/1Q3ZtDMLFcMr6F7L5y"}}],"_opacity":0,"_contentSize":{"__type__":"cc.Size","width":80,"height":71},"_trs":{"__type__":"TypedArray","ctor":"Float64Array","array":[300,0,0,0,0,0,0,1,1,1]}}],{"__type__":"cc.SpriteFrame","content":{"name":"BuleMonster","texture":"c0loGxDD5HlLaHF1bmRtlw","rect":[0,0,77,77],"offset":[0,0],"originalSize":[77,77],"capInsets":[0,0,0,0]}}]