[{"__type__":"cc.SpriteFrame","content":{"name":"next_scene","texture":"a9HkOPOMNMyZ+GMTiyr9r6","rect":[0,0,24,24],"offset":[0,0],"originalSize":[24,24],"capInsets":[0,0,0,0]}},[{"__type__":"cc.Prefab","_name":"Center Menu","data":{"__id__":1}},{"__type__":"cc.Node","_name":"Center Menu","_children":[{"__id__":2},{"__id__":3}],"_components":[{"__type__":"cc.Widget","node":{"__id__":1},"_alignFlags":20,"_bottom":-6,"_horizontalCenter":18}],"_prefab":{"__type__":"cc.PrefabInfo","root":{"__id__":1},"asset":{"__uuid__":"98Geqpg5RDwrIsjuR985Yq"},"fileId":"612uCk0ntIFZeVwJb0ciY5"},"_trs":{"__type__":"TypedArray","ctor":"Float64Array","array":[18,-303,0,0,0,0,0,1.2999999523162842,1.2999999523162842,1]},"_zIndex":0},{"__type__":"cc.Node","_name":"next_scene","_parent":{"__id__":1},"_components":[{"__type__":"cc.Sprite","node":{"__id__":2},"_srcBlendFactor":1,"_spriteFrame":{"__uuid__":"28tsJhakVPrYWSz2g4Kmv5"}},{"__type__":"cc.Button","node":{"__id__":2},"clickEvents":[null],"_N$transition":1,"transition":1,"_N$normalColor":{"__type__":"cc.Color","r":214,"g":214,"b":214},"_N$target":{"__id__":2}}],"_prefab":{"__type__":"cc.PrefabInfo","root":{"__id__":1},"asset":{"__uuid__":"98Geqpg5RDwrIsjuR985Yq"},"fileId":"79eAfRmbxE6qvp2/Qe1g2B"},"_color":{"__type__":"cc.Color","r":214,"g":214,"b":214},"_contentSize":{"__type__":"cc.Size","width":24,"height":24},"_trs":{"__type__":"TypedArray","ctor":"Float64Array","array":[325,230,0,0,0,0,0,1.7000000476837158,1.7000000476837158,1]},"_zIndex":0},{"__type__":"cc.Node","_name":"prev_scene","_parent":{"__id__":1},"_components":[{"__type__":"cc.Sprite","node":{"__id__":3},"_srcBlendFactor":1,"_spriteFrame":{"__uuid__":"f1pAvsFlJJtpAm0alGZ09+"}},{"__type__":"cc.Button","node":{"__id__":3},"clickEvents":[null],"_N$transition":1,"transition":1,"_N$normalColor":{"__type__":"cc.Color","r":214,"g":214,"b":214},"_N$target":{"__id__":3}}],"_prefab":{"__type__":"cc.PrefabInfo","root":{"__id__":1},"asset":{"__uuid__":"98Geqpg5RDwrIsjuR985Yq"},"fileId":"60cjAvPQ9D15qIiwkFiCOS"},"_color":{"__type__":"cc.Color","r":214,"g":214,"b":214},"_contentSize":{"__type__":"cc.Size","width":24,"height":24},"_trs":{"__type__":"TypedArray","ctor":"Float64Array","array":[-355,230,0,0,0,0,0,1.7000000476837158,1.7000000476837158,1]},"_zIndex":0}],{"__type__":"cc.SpriteFrame","content":{"name":"prev_scene","texture":"68phLtPoZDwoiDU1vHcRr0","rect":[0,0,24,24],"offset":[0,0],"originalSize":[24,24],"capInsets":[0,0,0,0]}}]