[{"__type__":"cc.SpriteFrame","content":{"name":"default_btn_disabled","texture":"71VhFCTINJM6/Ky3oX9nBT","rect":[0,0,40,40],"offset":[0,0],"originalSize":[40,40],"capInsets":[12,12,12,12]}},[{"__type__":"cc.SceneAsset","_name":"test-physics-trigger","scene":{"__id__":1},"asyncLoadAssets":null},{"__type__":"cc.Scene","_name":"New Node","_children":[{"__id__":2}],"_anchorPoint":{"__type__":"cc.Vec2"},"_trs":{"__type__":"TypedArray","ctor":"Float64Array","array":[0,0,0,0,0,0,1,1,1,1]},"autoReleaseAssets":false},{"__type__":"cc.Node","_name":"Canvas","_parent":{"__id__":1},"_children":[{"__id__":3},{"__id__":4},{"__id__":5},{"__id__":6},{"__id__":7},{"__id__":8},{"__id__":19}],"_components":[{"__type__":"cc.Canvas","node":{"__id__":2}},{"__type__":"c4021KQFRRMpq8Rl1Z07uGF","node":{"__id__":2}},{"__type__":"cc.Widget","node":{"__id__":2},"_alignFlags":45}],"_contentSize":{"__type__":"cc.Size","width":960,"height":640},"_trs":{"__type__":"TypedArray","ctor":"Float64Array","array":[480,320,0,0,0,0,1,1,1,1]},"_id":"35qtY4Rf1Du6m5Q/GrEAl5"},{"__type__":"cc.Node","_name":"Main Camera","_parent":{"__id__":2},"_components":[{"__type__":"cc.Camera","node":{"__id__":3},"_cullingMask":-129,"_clearFlags":7,"_depth":-1,"_ortho":false,"_alignWithScreen":false}],"_trs":{"__type__":"TypedArray","ctor":"Float64Array","array":[35.7130012512207,294.86199951171875,711.6640014648438,-0.2406176936815701,0,0,0.9706199696520581,1,1,1]},"_eulerAngles":{"__type__":"cc.Vec3","x":-27.846},"_is3DNode":true},{"__type__":"cc.Node","_name":"UI Camera","_parent":{"__id__":2},"_components":[{"__type__":"cc.Camera","node":{"__id__":4},"_cullingMask":128,"_nearClip":0.1}],"_trs":{"__type__":"TypedArray","ctor":"Float64Array","array":[0,0,484.10820071550125,0,0,0,1,1,1,1]}},{"__type__":"cc.Node","_name":"introduction","_parent":{"__id__":2},"_components":[{"__type__":"cc.Label","node":{"__id__":5},"_materials":[{"__uuid__":"ecpdLyjvZBwrvm+cedCcQy"}],"_useOriginalSize":false,"_string":"When geometry collides, it turns red. White balls do not collide with other geometries because they are grouped differently.Left-right moving spheres do not collide with scaled cubes because they are collider, not trigger.","_N$string":"When geometry collides, it turns red. White balls do not collide with other geometries because they are grouped differently.Left-right moving spheres do not collide with scaled cubes because they are collider, not trigger.","_fontSize":28,"_N$verticalAlign":1,"_N$overflow":3},{"__type__":"cc.Widget","node":{"__id__":5},"_alignFlags":17,"_top":35.21600036621095,"_horizontalCenter":10.041999816894531}],"_contentSize":{"__type__":"cc.Size","width":780,"height":170.39999999999998},"_trs":{"__type__":"TypedArray","ctor":"Float64Array","array":[10.041999816894531,199.58399963378906,0,0,0,0,1,1,1,1]},"_groupIndex":7,"groupIndex":7},{"__type__":"cc.Node","_name":"New Ambient Light","_parent":{"__id__":2},"_components":[{"__type__":"cc.Light","node":{"__id__":6},"_type":3,"_intensity":0.25,"_range":1,"_shadowMaxDepth":1000,"_shadowFrustumSize":50}],"_trs":{"__type__":"TypedArray","ctor":"Float64Array","array":[0,0,0,0,0,0,1,1,1,1]},"_is3DNode":true},{"__type__":"cc.Node","_name":"New Spot Light","_parent":{"__id__":2},"_components":[{"__type__":"cc.Light","node":{"__id__":7},"_type":2,"_shadowMaxDepth":1000,"_shadowFrustumSize":50}],"_trs":{"__type__":"TypedArray","ctor":"Float64Array","array":[-65.44499969482422,521.9190063476562,594.7550048828125,-0.3413917752310433,-0.06484946266619736,0.02362204819335533,0.9373837004320338,1,1,1]},"_eulerAngles":{"__type__":"cc.Vec3","x":-39.753,"y":-6.077,"z":5.081},"_is3DNode":true},{"__type__":"cc.Node","_name":"geometry","_parent":{"__id__":2},"_children":[{"__id__":9},{"__id__":10},{"__id__":11},{"__id__":12},{"__id__":13},{"__id__":14},{"__id__":15}],"_components":[{"__type__":"c372auEmopBg5i6QilLDSVd","node":{"__id__":8},"toState":{"__id__":16}}],"_trs":{"__type__":"TypedArray","ctor":"Float64Array","array":[37.3489990234375,-119.51699829101562,0,0,0,0,1,1,1,1]}},{"__type__":"cc.Node","_name":"Box1","_parent":{"__id__":8},"_components":[{"__type__":"cc.MeshRenderer","node":{"__id__":9},"_materials":[{"__uuid__":"a5hJI5OtNB0Yq0rp/qEfl/"}],"_mesh":{"__uuid__":"04bxcsFXRIi7u4ZBWprblt"}},{"__type__":"cc.BoxCollider3D","node":{"__id__":9},"_isTrigger":true},{"__type__":"c094fuCuPBLNLvV8sYgZ74l","node":{"__id__":9},"colliderMaterial":{"__uuid__":"e1AlP+x4ZEoZwxe4N9itGm"},"unColliderMaterial":{"__uuid__":"f4DUMgcWlIhq3LhqaWW9r+"},"isTrigger":true},{"__type__":"a8f60b0mmhIS4jYmUffQjsT","node":{"__id__":9},"speed":1}],"_color":{"__type__":"cc.Color","r":209,"g":20,"b":20},"_trs":{"__type__":"TypedArray","ctor":"Float64Array","array":[-151.1300048828125,-28.650999069213867,-186.53500366210938,8.146033536604618e-8,0,0,0.9999999999999967,100,100,100]},"_eulerAngles":{"__type__":"cc.Vec3","x":0.000009334666828389458},"_is3DNode":true,"_groupIndex":8,"groupIndex":8},{"__type__":"cc.Node","_name":"Box2","_parent":{"__id__":8},"_components":[{"__type__":"cc.MeshRenderer","node":{"__id__":10},"_materials":[{"__uuid__":"a5hJI5OtNB0Yq0rp/qEfl/"}],"_mesh":{"__uuid__":"04bxcsFXRIi7u4ZBWprblt"}},{"__type__":"cc.BoxCollider3D","node":{"__id__":10},"_isTrigger":true},{"__type__":"c094fuCuPBLNLvV8sYgZ74l","node":{"__id__":10},"colliderMaterial":{"__uuid__":"e1AlP+x4ZEoZwxe4N9itGm"},"unColliderMaterial":{"__uuid__":"f4DUMgcWlIhq3LhqaWW9r+"},"isTrigger":true}],"_color":{"__type__":"cc.Color","r":209,"g":20,"b":20},"_trs":{"__type__":"TypedArray","ctor":"Float64Array","array":[16.611000061035156,-28.650999069213867,-180.42799377441406,8.146033536604618e-8,0,0,0.9999999999999967,100,100,100]},"_eulerAngles":{"__type__":"cc.Vec3","x":0.000009334666828389458},"_is3DNode":true,"_groupIndex":8,"groupIndex":8},{"__type__":"cc.Node","_name":"Sphere1","_parent":{"__id__":8},"_components":[{"__type__":"cc.MeshRenderer","node":{"__id__":11},"_materials":[{"__uuid__":"a5hJI5OtNB0Yq0rp/qEfl/"}],"_mesh":{"__uuid__":"3bvbD2xfZF3p8zi1y6+01t"}},{"__type__":"cc.SphereCollider3D","node":{"__id__":11},"_isTrigger":true},{"__type__":"862fcTVf5BPxrSAyb+WPVzB","node":{"__id__":11},"my":false,"mz":false},{"__type__":"c094fuCuPBLNLvV8sYgZ74l","node":{"__id__":11},"colliderMaterial":{"__uuid__":"e1AlP+x4ZEoZwxe4N9itGm"},"unColliderMaterial":{"__uuid__":"f4DUMgcWlIhq3LhqaWW9r+"},"isTrigger":true}],"_trs":{"__type__":"TypedArray","ctor":"Float64Array","array":[-146.21200561523438,-37.62200164794922,-14.916000366210938,8.146033536604618e-8,0,0,0.9999999999999967,100,100,100]},"_eulerAngles":{"__type__":"cc.Vec3","x":0.000009334666828389458},"_is3DNode":true,"_groupIndex":8,"groupIndex":8},{"__type__":"cc.Node","_name":"Sphere2","_parent":{"__id__":8},"_components":[{"__type__":"cc.SphereCollider3D","node":{"__id__":12},"_isTrigger":true},{"__type__":"cc.MeshRenderer","node":{"__id__":12},"_materials":[{"__uuid__":"218j3Lc8tEAapggtpNdT7F"}],"_mesh":{"__uuid__":"3bvbD2xfZF3p8zi1y6+01t"}},{"__type__":"c094fuCuPBLNLvV8sYgZ74l","node":{"__id__":12},"colliderMaterial":{"__uuid__":"e1AlP+x4ZEoZwxe4N9itGm"},"unColliderMaterial":{"__uuid__":"f4DUMgcWlIhq3LhqaWW9r+"},"isTrigger":true}],"_color":{"__type__":"cc.Color","r":250,"g":247,"b":247},"_trs":{"__type__":"TypedArray","ctor":"Float64Array","array":[-36.08399963378906,-34.47700119018555,-10.571000099182129,8.146033536604618e-8,0,0,0.9999999999999967,100,100,100]},"_eulerAngles":{"__type__":"cc.Vec3","x":0.000009334666828389458},"_is3DNode":true},{"__type__":"cc.Node","_name":"Sphere3","_parent":{"__id__":8},"_components":[{"__type__":"cc.SphereCollider3D","node":{"__id__":13},"_isTrigger":true},{"__type__":"cc.MeshRenderer","node":{"__id__":13},"_materials":[{"__uuid__":"a5hJI5OtNB0Yq0rp/qEfl/"}],"_mesh":{"__uuid__":"3bvbD2xfZF3p8zi1y6+01t"}},{"__type__":"c094fuCuPBLNLvV8sYgZ74l","node":{"__id__":13},"colliderMaterial":{"__uuid__":"e1AlP+x4ZEoZwxe4N9itGm"},"unColliderMaterial":{"__uuid__":"f4DUMgcWlIhq3LhqaWW9r+"},"isTrigger":true}],"_trs":{"__type__":"TypedArray","ctor":"Float64Array","array":[-270.4960021972656,-34.47700119018555,-10.571000099182129,8.146033536604618e-8,0,0,0.9999999999999967,100,100,100]},"_eulerAngles":{"__type__":"cc.Vec3","x":0.000009334666828389458},"_is3DNode":true,"_groupIndex":8,"groupIndex":8},{"__type__":"cc.Node","_name":"Sphere4","_parent":{"__id__":8},"_components":[{"__type__":"cc.SphereCollider3D","node":{"__id__":14},"_isTrigger":true},{"__type__":"cc.MeshRenderer","node":{"__id__":14},"_materials":[{"__uuid__":"a5hJI5OtNB0Yq0rp/qEfl/"}],"_mesh":{"__uuid__":"3bvbD2xfZF3p8zi1y6+01t"}},{"__type__":"c094fuCuPBLNLvV8sYgZ74l","node":{"__id__":14},"colliderMaterial":{"__uuid__":"e1AlP+x4ZEoZwxe4N9itGm"},"unColliderMaterial":{"__uuid__":"f4DUMgcWlIhq3LhqaWW9r+"},"isTrigger":true}],"_trs":{"__type__":"TypedArray","ctor":"Float64Array","array":[227.36900329589844,-9.07699966430664,-159.44200134277344,8.146033536604618e-8,0,0,0.9999999999999967,100,100,100]},"_eulerAngles":{"__type__":"cc.Vec3","x":0.000009334666828389458},"_is3DNode":true,"_groupIndex":8,"groupIndex":8},{"__type__":"cc.Node","_name":"Box3","_parent":{"__id__":8},"_components":[{"__type__":"cc.MeshRenderer","node":{"__id__":15},"_materials":[{"__uuid__":"a5hJI5OtNB0Yq0rp/qEfl/"}],"_mesh":{"__uuid__":"04bxcsFXRIi7u4ZBWprblt"}},{"__type__":"cc.BoxCollider3D","node":{"__id__":15}},{"__type__":"c094fuCuPBLNLvV8sYgZ74l","node":{"__id__":15},"colliderMaterial":{"__uuid__":"e1AlP+x4ZEoZwxe4N9itGm"},"unColliderMaterial":{"__uuid__":"f4DUMgcWlIhq3LhqaWW9r+"},"isTrigger":true},{"__type__":"1483bYge1xKMZsPxGtmoqbR","node":{"__id__":15}}],"_color":{"__type__":"cc.Color","r":209,"g":20,"b":20},"_trs":{"__type__":"TypedArray","ctor":"Float64Array","array":[130.1959991455078,43.63600158691406,-158.2519989013672,0,0,0,1,100,100,100]},"_is3DNode":true,"_groupIndex":8,"groupIndex":8},{"__type__":"cc.Label","node":{"__id__":17},"_materials":[{"__uuid__":"ecpdLyjvZBwrvm+cedCcQy"}],"_useOriginalSize":false,"_string":"disable","_N$string":"disable","_fontSize":20,"_enableWrapText":false,"_N$horizontalAlign":1,"_N$verticalAlign":1,"_N$overflow":1},{"__type__":"cc.Node","_name":"Label","_parent":{"__id__":18},"_components":[{"__id__":16}],"_color":{"__type__":"cc.Color"},"_contentSize":{"__type__":"cc.Size","width":100,"height":40},"_trs":{"__type__":"TypedArray","ctor":"Float64Array","array":[0,0,0,0,0,0,1,1,1,1]},"_groupIndex":7,"groupIndex":7},{"__type__":"cc.Node","_name":"Background","_parent":{"__id__":19},"_children":[{"__id__":17}],"_components":[{"__type__":"cc.Sprite","node":{"__id__":18},"_materials":[{"__uuid__":"ecpdLyjvZBwrvm+cedCcQy"}],"_spriteFrame":{"__uuid__":"f0BIwQ8D5Ml7nTNQbh1YlS"},"_type":1,"_sizeMode":0},{"__type__":"cc.Widget","node":{"__id__":18},"alignMode":0,"_alignFlags":45,"_originalWidth":100,"_originalHeight":40}],"_contentSize":{"__type__":"cc.Size","width":100,"height":40},"_trs":{"__type__":"TypedArray","ctor":"Float64Array","array":[0,0,0,0,0,0,1,1,1,1]},"_groupIndex":7,"groupIndex":7},{"__type__":"cc.Node","_name":"New Button","_parent":{"__id__":2},"_children":[{"__id__":18}],"_components":[{"__type__":"cc.Button","node":{"__id__":19},"clickEvents":[{"__type__":"cc.ClickEvent","target":{"__id__":8},"_componentId":"c372auEmopBg5i6QilLDSVd","handler":"switchState"}],"_N$transition":2,"transition":2,"_N$normalColor":{"__type__":"cc.Color","r":230,"g":230,"b":230},"_N$pressedColor":{"__type__":"cc.Color","r":200,"g":200,"b":200},"pressedColor":{"__type__":"cc.Color","r":200,"g":200,"b":200},"_N$disabledColor":{"__type__":"cc.Color","r":120,"g":120,"b":120,"a":200},"_N$normalSprite":{"__uuid__":"f0BIwQ8D5Ml7nTNQbh1YlS"},"_N$pressedSprite":{"__uuid__":"e97GVMl6JHh5Ml5qEDdSGa"},"pressedSprite":{"__uuid__":"e97GVMl6JHh5Ml5qEDdSGa"},"_N$hoverSprite":{"__uuid__":"f0BIwQ8D5Ml7nTNQbh1YlS"},"hoverSprite":{"__uuid__":"f0BIwQ8D5Ml7nTNQbh1YlS"},"_N$disabledSprite":{"__uuid__":"29FYIk+N1GYaeWH/q1NxQO"},"_N$target":{"__id__":18}}],"_contentSize":{"__type__":"cc.Size","width":100,"height":40},"_trs":{"__type__":"TypedArray","ctor":"Float64Array","array":[320.603,74.661,0,0,0,0,1,1,1,1]},"_groupIndex":7,"groupIndex":7}],{"__type__":"cc.SpriteFrame","content":{"name":"default_btn_pressed","texture":"b4P/PCArtIdIH38t6mlw8Y","rect":[0,0,40,40],"offset":[0,0],"originalSize":[40,40],"capInsets":[12,12,12,12]}},{"__type__":"cc.SpriteFrame","content":{"name":"default_btn_normal","texture":"e8Ueib+qJEhL6mXAHdnwbi","rect":[0,0,40,40],"offset":[0,0],"originalSize":[40,40],"capInsets":[12,12,12,12]}}]