[{"__type__":"cc.SceneAsset","_name":"particle-color","scene":{"__id__":1},"asyncLoadAssets":null},{"__type__":"cc.Scene","_name":"New Node","_children":[{"__id__":2},{"__id__":3},{"__id__":4},{"__id__":5},{"__id__":6},{"__id__":7},{"__id__":8}],"_anchorPoint":{"__type__":"cc.Vec2"},"_trs":{"__type__":"TypedArray","ctor":"Float64Array","array":[0,0,0,0,0,0,1,1,1,1]},"autoReleaseAssets":false},{"__type__":"cc.Node","_name":"3DCamera","_parent":{"__id__":1},"_components":[{"__type__":"cc.Camera","node":{"__id__":2},"_cullingMask":-129,"_clearFlags":7,"_depth":-1,"_fov":45,"_ortho":false,"_alignWithScreen":false}],"_contentSize":{"__type__":"cc.Size","width":960,"height":640},"_trs":{"__type__":"TypedArray","ctor":"Float64Array","array":[486,320,20,0,0.08715574274765817,0,0.9961946980917455,1,1,1]},"_eulerAngles":{"__type__":"cc.Vec3","y":10},"_is3DNode":true,"_id":"e1WoFrQ79G7r4ZuQE3HlNb"},{"__type__":"cc.Node","_name":"color_color","_parent":{"__id__":1},"_components":[{"__type__":"cc.ParticleSystem3D","node":{"__id__":3},"_materials":[{"__uuid__":"43L6CczwNM/6GGmCYEQIoH"}],"startDelay":{"__type__":"cc.CurveRange"},"startLifetime":{"__type__":"cc.CurveRange","constant":5},"startColor":{"__type__":"cc.GradientRange"},"startSize":{"__type__":"cc.CurveRange","constant":4},"startSpeed":{"__type__":"cc.CurveRange"},"startRotation":{"__type__":"cc.CurveRange"},"gravityModifier":{"__type__":"cc.CurveRange"},"rateOverTime":{"__type__":"cc.CurveRange"},"rateOverDistance":{"__type__":"cc.CurveRange"},"bursts":[{"__type__":"cc.Burst","count":{"__type__":"cc.CurveRange","constant":1}}],"_colorOverLifetimeModule":{"__type__":"cc.ColorOvertimeModule","enable":true,"color":{"__type__":"cc.GradientRange","color":{"__type__":"cc.Color","r":253,"g":7,"b":7}}}}],"_trs":{"__type__":"TypedArray","ctor":"Float64Array","array":[474,320,0,0,0,0,1,1,1,1]},"_is3DNode":true,"_id":"a7grHQWGBCppuqJqizdE84"},{"__type__":"cc.Node","_name":"color_gradient","_parent":{"__id__":1},"_components":[{"__type__":"cc.ParticleSystem3D","node":{"__id__":4},"_materials":[{"__uuid__":"43L6CczwNM/6GGmCYEQIoH"}],"startDelay":{"__type__":"cc.CurveRange"},"startLifetime":{"__type__":"cc.CurveRange","constant":5},"startColor":{"__type__":"cc.GradientRange"},"startSize":{"__type__":"cc.CurveRange","constant":4},"startSpeed":{"__type__":"cc.CurveRange"},"startRotation":{"__type__":"cc.CurveRange"},"gravityModifier":{"__type__":"cc.CurveRange"},"rateOverTime":{"__type__":"cc.CurveRange"},"rateOverDistance":{"__type__":"cc.CurveRange"},"bursts":[{"__type__":"cc.Burst","count":{"__type__":"cc.CurveRange","constant":1}}],"_colorOverLifetimeModule":{"__type__":"cc.ColorOvertimeModule","enable":true,"color":{"__type__":"cc.GradientRange","_mode":1,"gradient":{"__type__":"cc.Gradient","colorKeys":[{"__type__":"cc.ColorKey","color":{"__type__":"cc.Color","r":221,"g":99,"b":99},"time":0.3013698630136986},{"__type__":"cc.ColorKey","color":{"__type__":"cc.Color","r":61,"g":207,"b":184},"time":0.6689497716894978}]}}}}],"_trs":{"__type__":"TypedArray","ctor":"Float64Array","array":[478,320,0,0,0,0,1,1,1,1]},"_is3DNode":true,"_id":"691Pr3M9NOxI45+L3iw/tb"},{"__type__":"cc.Node","_name":"color_twoColor","_parent":{"__id__":1},"_components":[{"__type__":"cc.ParticleSystem3D","node":{"__id__":5},"_materials":[{"__uuid__":"43L6CczwNM/6GGmCYEQIoH"}],"startDelay":{"__type__":"cc.CurveRange"},"startLifetime":{"__type__":"cc.CurveRange","constant":5},"startColor":{"__type__":"cc.GradientRange"},"startSize":{"__type__":"cc.CurveRange","constant":4},"startSpeed":{"__type__":"cc.CurveRange"},"startRotation":{"__type__":"cc.CurveRange"},"gravityModifier":{"__type__":"cc.CurveRange"},"rateOverTime":{"__type__":"cc.CurveRange"},"rateOverDistance":{"__type__":"cc.CurveRange"},"bursts":[{"__type__":"cc.Burst","count":{"__type__":"cc.CurveRange","constant":1}}],"_colorOverLifetimeModule":{"__type__":"cc.ColorOvertimeModule","enable":true,"color":{"__type__":"cc.GradientRange","_mode":2,"colorMin":{"__type__":"cc.Color","r":236,"g":101,"b":101},"colorMax":{"__type__":"cc.Color","r":54,"g":207,"b":152}}}}],"_trs":{"__type__":"TypedArray","ctor":"Float64Array","array":[482,320,0,0,0,0,1,1,1,1]},"_is3DNode":true,"_id":"8e/mj5euZLhJbNG8bmfHEb"},{"__type__":"cc.Node","_name":"color_twoGradient","_parent":{"__id__":1},"_components":[{"__type__":"cc.ParticleSystem3D","node":{"__id__":6},"_materials":[{"__uuid__":"43L6CczwNM/6GGmCYEQIoH"}],"startDelay":{"__type__":"cc.CurveRange"},"startLifetime":{"__type__":"cc.CurveRange","constant":5},"startColor":{"__type__":"cc.GradientRange"},"startSize":{"__type__":"cc.CurveRange","constant":4},"startSpeed":{"__type__":"cc.CurveRange"},"startRotation":{"__type__":"cc.CurveRange"},"gravityModifier":{"__type__":"cc.CurveRange"},"rateOverTime":{"__type__":"cc.CurveRange"},"rateOverDistance":{"__type__":"cc.CurveRange"},"bursts":[{"__type__":"cc.Burst","count":{"__type__":"cc.CurveRange","constant":1}}],"_colorOverLifetimeModule":{"__type__":"cc.ColorOvertimeModule","enable":true,"color":{"__type__":"cc.GradientRange","_mode":3,"gradientMin":{"__type__":"cc.Gradient","colorKeys":[{"__type__":"cc.ColorKey","color":{"__type__":"cc.Color","r":228,"g":123,"b":123},"time":0.2328767123287671},{"__type__":"cc.ColorKey","color":{"__type__":"cc.Color","r":23,"g":204,"b":30},"time":0.7579908675799086}]},"gradientMax":{"__type__":"cc.Gradient","colorKeys":[{"__type__":"cc.ColorKey","color":{"__type__":"cc.Color","r":213,"g":140,"b":140},"time":0.1963470319634703},{"__type__":"cc.ColorKey","color":{"__type__":"cc.Color","r":46,"g":96,"b":224},"time":0.776255707762557}]}}}}],"_trs":{"__type__":"TypedArray","ctor":"Float64Array","array":[486,320,0,0,0,0,1,1,1,1]},"_is3DNode":true,"_id":"ec6AIQbhhBtLLH0z8KPDbn"},{"__type__":"cc.Node","_name":"color_randomColor","_parent":{"__id__":1},"_components":[{"__type__":"cc.ParticleSystem3D","node":{"__id__":7},"_materials":[{"__uuid__":"43L6CczwNM/6GGmCYEQIoH"}],"startDelay":{"__type__":"cc.CurveRange"},"startLifetime":{"__type__":"cc.CurveRange","constant":5},"startColor":{"__type__":"cc.GradientRange"},"startSize":{"__type__":"cc.CurveRange","constant":4},"startSpeed":{"__type__":"cc.CurveRange"},"startRotation":{"__type__":"cc.CurveRange"},"gravityModifier":{"__type__":"cc.CurveRange"},"rateOverTime":{"__type__":"cc.CurveRange"},"rateOverDistance":{"__type__":"cc.CurveRange"},"bursts":[{"__type__":"cc.Burst","count":{"__type__":"cc.CurveRange","constant":1}}],"_colorOverLifetimeModule":{"__type__":"cc.ColorOvertimeModule","enable":true,"color":{"__type__":"cc.GradientRange","_mode":4,"gradient":{"__type__":"cc.Gradient","colorKeys":[{"__type__":"cc.ColorKey","color":{"__type__":"cc.Color","r":38,"g":76,"b":228}},{"__type__":"cc.ColorKey","color":{"__type__":"cc.Color","r":38,"g":76,"b":228}},{"__type__":"cc.ColorKey","color":{"__type__":"cc.Color","r":194,"g":48,"b":48},"time":0.2922374429223744},{"__type__":"cc.ColorKey","color":{"__type__":"cc.Color","r":209,"g":61,"b":61},"time":0.7625570776255708}],"alphaKeys":[{"__type__":"cc.AlphaKey"},{"__type__":"cc.AlphaKey"},{"__type__":"cc.AlphaKey","alpha":255,"time":0.9863013698630136}]}}}}],"_trs":{"__type__":"TypedArray","ctor":"Float64Array","array":[490,320,0,0,0,0,1,1,1,1]},"_is3DNode":true,"_id":"a1B7TM1blDqZ/otBUXC5hI"},{"__type__":"cc.Node","_name":"Canvas","_parent":{"__id__":1},"_children":[{"__id__":9},{"__id__":10},{"__id__":11}],"_components":[{"__type__":"cc.Canvas","node":{"__id__":8}},{"__type__":"cc.Widget","node":{"__id__":8},"_alignFlags":45}],"_contentSize":{"__type__":"cc.Size","width":960,"height":640},"_trs":{"__type__":"TypedArray","ctor":"Float64Array","array":[480,320,0,0,0,0,1,1,1,1]},"_id":"a5esZu+45LA5mBpvttspPD"},{"__type__":"cc.Node","_name":"Main Camera","_parent":{"__id__":8},"_components":[{"__type__":"cc.Camera","node":{"__id__":9},"_cullingMask":0,"_depth":-1}],"_trs":{"__type__":"TypedArray","ctor":"Float64Array","array":[0,0,252.8794179050561,0,0,0,1,1,1,1]}},{"__type__":"cc.Node","_name":"UICamera","_parent":{"__id__":8},"_components":[{"__type__":"cc.Camera","node":{"__id__":10},"_cullingMask":128,"_nearClip":0.1}],"_trs":{"__type__":"TypedArray","ctor":"Float64Array","array":[0,0,252.8794179050561,0,0,0,1,1,1,1]},"_groupIndex":7,"groupIndex":7},{"__type__":"cc.Node","_name":"tips","_parent":{"__id__":8},"_components":[{"__type__":"e4f88adp3hERoJ48DZ2PSAl","node":{"__id__":11},"_materials":[{"__uuid__":"ecpdLyjvZBwrvm+cedCcQy"}],"_string":"Left one: a single color \n Left two: a gradient color \n Left three: several single color variations \n Left four: two gradient colors \n Left five: random colors","_N$string":"Left one: a single color \n Left two: a gradient color \n Left three: several single color variations \n Left four: two gradient colors \n Left five: random colors","_fontSize":28,"_N$textKey":"cases/particle3d.color"}],"_contentSize":{"__type__":"cc.Size","width":516.7,"height":210.4},"_trs":{"__type__":"TypedArray","ctor":"Float64Array","array":[0,200,0,0,0,0,1,1,1,1]},"_groupIndex":7,"groupIndex":7}]