[{"__type__":"cc.SpriteFrame","content":{"name":"default_sprite_splash","texture":"02delMVqdBD70a/HSD99FK","rect":[0,0,2,2],"offset":[0,0],"originalSize":[2,2],"capInsets":[0,0,0,0]}},[{"__type__":"cc.SceneAsset","_name":"SpineCollider","scene":{"__id__":1},"asyncLoadAssets":null},{"__type__":"cc.Scene","_name":"New Node","_children":[{"__id__":2}],"_anchorPoint":{"__type__":"cc.Vec2"},"_trs":{"__type__":"TypedArray","ctor":"Float64Array","array":[0,0,0,0,0,0,1,1,1,1]},"autoReleaseAssets":false},{"__type__":"cc.Node","_name":"Canvas","_parent":{"__id__":1},"_children":[{"__id__":3},{"__id__":4},{"__id__":24}],"_components":[{"__type__":"cc.Canvas","node":{"__id__":2}},{"__type__":"cc.Widget","node":{"__id__":2},"_alignFlags":45}],"_contentSize":{"__type__":"cc.Size","width":960,"height":640},"_trs":{"__type__":"TypedArray","ctor":"Float64Array","array":[480,320,0,0,0,0,1,1,1,1]},"_id":"a5esZu+45LA5mBpvttspPD"},{"__type__":"cc.Node","_name":"Main Camera","_parent":{"__id__":2},"_components":[{"__type__":"cc.Camera","node":{"__id__":3},"_clearFlags":7,"_depth":-1},{"__type__":"cc.Widget","node":{"__id__":3},"_alignFlags":45}],"_contentSize":{"__type__":"cc.Size","width":960,"height":640},"_trs":{"__type__":"TypedArray","ctor":"Float64Array","array":[0,0,0,0,0,0,1,1,1,1]}},{"__type__":"cc.Node","_name":"SpineNode","_parent":{"__id__":2},"_children":[{"__id__":5}],"_components":[{"__type__":"sp.Skeleton","node":{"__id__":4},"_materials":[{"__uuid__":"7a/QZLET9IDreTiBfRn2PD"}],"defaultAnimation":"run","_preCacheMode":0,"timeScale":0.5,"_animationName":"run","_N$skeletonData":{"__uuid__":"bctrsfyYVEyb1Hv9NrleVR"}}],"_trs":{"__type__":"TypedArray","ctor":"Float64Array","array":[0,-231.442,0,0,0,0,1,0.8,0.8,1]},"_groupIndex":6,"groupIndex":6},{"__type__":"cc.Node","_name":"ATTACHED_NODE_TREE","_parent":{"__id__":4},"_children":[{"__id__":6}],"_trs":{"__type__":"TypedArray","ctor":"Float64Array","array":[0,0,0,0,0,0,1,1,1,1]},"_groupIndex":6,"groupIndex":6},{"__type__":"cc.Node","_name":"ATTACHED_NODE:hip","_parent":{"__id__":5},"_children":[{"__id__":7},{"__id__":11},{"__id__":15}],"_trs":{"__type__":"TypedArray","ctor":"Float64Array","array":[0,0,0,0,0,0,1,1,1,1]},"_groupIndex":6,"groupIndex":6},{"__type__":"cc.Node","_name":"ATTACHED_NODE:front_thigh","_parent":{"__id__":6},"_children":[{"__id__":8}],"_trs":{"__type__":"TypedArray","ctor":"Float64Array","array":[0,0,0,0,0,0,1,1,1,1]},"_groupIndex":6,"groupIndex":6},{"__type__":"cc.Node","_name":"ATTACHED_NODE:front_shin","_parent":{"__id__":7},"_children":[{"__id__":9}],"_trs":{"__type__":"TypedArray","ctor":"Float64Array","array":[0,0,0,0,0,0,1,1,1,1]},"_groupIndex":6,"groupIndex":6},{"__type__":"cc.Node","_name":"ATTACHED_NODE:front_foot","_parent":{"__id__":8},"_children":[{"__id__":10}],"_trs":{"__type__":"TypedArray","ctor":"Float64Array","array":[0,0,0,0,0,0,1,1,1,1]},"_groupIndex":6,"groupIndex":6},{"__type__":"cc.Node","_name":"FrontFootCollider","_parent":{"__id__":9},"_components":[{"__type__":"cc.PolygonCollider","node":{"__id__":10},"points":[{"__type__":"cc.Vec2","x":35.7,"y":26.8},{"__type__":"cc.Vec2","x":-35.1,"y":-9.2},{"__type__":"cc.Vec2","x":-18.1,"y":-44.9},{"__type__":"cc.Vec2","x":99.6,"y":-1.5},{"__type__":"cc.Vec2","x":81.9,"y":15.4}]}],"_trs":{"__type__":"TypedArray","ctor":"Float64Array","array":[0,0,0,0,0,0,1,1,1,1]},"_groupIndex":6,"groupIndex":6},{"__type__":"cc.Node","_name":"ATTACHED_NODE:rear_thigh","_parent":{"__id__":6},"_children":[{"__id__":12}],"_trs":{"__type__":"TypedArray","ctor":"Float64Array","array":[0,0,0,0,0,0,1,1,1,1]},"_groupIndex":6,"groupIndex":6},{"__type__":"cc.Node","_name":"ATTACHED_NODE:rear_shin","_parent":{"__id__":11},"_children":[{"__id__":13}],"_trs":{"__type__":"TypedArray","ctor":"Float64Array","array":[0,0,0,0,0,0,1,1,1,1]},"_groupIndex":6,"groupIndex":6},{"__type__":"cc.Node","_name":"ATTACHED_NODE:rear_foot","_parent":{"__id__":12},"_children":[{"__id__":14}],"_trs":{"__type__":"TypedArray","ctor":"Float64Array","array":[0,0,0,0,0,0,1,1,1,1]},"_groupIndex":6,"groupIndex":6},{"__type__":"cc.Node","_name":"RearFootCollider","_parent":{"__id__":13},"_components":[{"__type__":"cc.PolygonCollider","node":{"__id__":14},"points":[{"__type__":"cc.Vec2","x":-8.9,"y":-47.7},{"__type__":"cc.Vec2","x":97.4},{"__type__":"cc.Vec2","x":65.2,"y":26.3},{"__type__":"cc.Vec2","x":-3.7,"y":16.3},{"__type__":"cc.Vec2","x":-38.1,"y":-6.6}]}],"_trs":{"__type__":"TypedArray","ctor":"Float64Array","array":[0,0,0,0,0,0,1,1,1,1]},"_groupIndex":6,"groupIndex":6},{"__type__":"cc.Node","_name":"ATTACHED_NODE:torso","_parent":{"__id__":6},"_children":[{"__id__":16},{"__id__":18},{"__id__":21}],"_trs":{"__type__":"TypedArray","ctor":"Float64Array","array":[0,0,0,0,0,0,1,1,1,1]},"_groupIndex":6,"groupIndex":6},{"__type__":"cc.Node","_name":"ATTACHED_NODE:front_upper_arm","_parent":{"__id__":15},"_children":[{"__id__":17}],"_trs":{"__type__":"TypedArray","ctor":"Float64Array","array":[0,0,0,0,0,0,1,1,1,1]},"_groupIndex":6,"groupIndex":6},{"__type__":"cc.Node","_name":"ATTACHED_NODE:front_bracer","_parent":{"__id__":16},"_children":[{"__type__":"cc.Node","_name":"ATTACHED_NODE:front_fist","_parent":{"__id__":17},"_trs":{"__type__":"TypedArray","ctor":"Float64Array","array":[0,0,0,0,0,0,1,1,1,1]},"_groupIndex":6,"groupIndex":6}],"_trs":{"__type__":"TypedArray","ctor":"Float64Array","array":[0,0,0,0,0,0,1,1,1,1]},"_groupIndex":6,"groupIndex":6},{"__type__":"cc.Node","_name":"ATTACHED_NODE:neck","_parent":{"__id__":15},"_children":[{"__id__":19}],"_trs":{"__type__":"TypedArray","ctor":"Float64Array","array":[0,0,0,0,0,0,1,1,1,1]},"_groupIndex":6,"groupIndex":6},{"__type__":"cc.Node","_name":"ATTACHED_NODE:head","_parent":{"__id__":18},"_children":[{"__id__":20}],"_trs":{"__type__":"TypedArray","ctor":"Float64Array","array":[0,0,0,0,0,0,1,1,1,1]},"_groupIndex":6,"groupIndex":6},{"__type__":"cc.Node","_name":"HeadCollider","_parent":{"__id__":19},"_components":[{"__type__":"cc.PolygonCollider","node":{"__id__":20},"points":[{"__type__":"cc.Vec2","x":67,"y":-121},{"__type__":"cc.Vec2","x":251,"y":-105},{"__type__":"cc.Vec2","x":280,"y":44},{"__type__":"cc.Vec2","x":120,"y":171},{"__type__":"cc.Vec2","x":-18,"y":50},{"__type__":"cc.Vec2","x":6,"y":-99}]}],"_trs":{"__type__":"TypedArray","ctor":"Float64Array","array":[0,0,0,0,0,0,1,1,1,1]},"_groupIndex":6,"groupIndex":6},{"__type__":"cc.Node","_name":"ATTACHED_NODE:rear_upper_arm","_parent":{"__id__":15},"_children":[{"__id__":22}],"_trs":{"__type__":"TypedArray","ctor":"Float64Array","array":[0,0,0,0,0,0,1,1,1,1]},"_groupIndex":6,"groupIndex":6},{"__type__":"cc.Node","_name":"ATTACHED_NODE:rear_bracer","_parent":{"__id__":21},"_children":[{"__id__":23}],"_trs":{"__type__":"TypedArray","ctor":"Float64Array","array":[0,0,0,0,0,0,1,1,1,1]},"_groupIndex":6,"groupIndex":6},{"__type__":"cc.Node","_name":"ATTACHED_NODE:gun","_parent":{"__id__":22},"_children":[{"__type__":"cc.Node","_name":"ATTACHED_NODE:gunTip","_parent":{"__id__":23},"_trs":{"__type__":"TypedArray","ctor":"Float64Array","array":[0,0,0,0,0,0,1,1,1,1]},"_groupIndex":6,"groupIndex":6}],"_trs":{"__type__":"TypedArray","ctor":"Float64Array","array":[0,0,0,0,0,0,1,1,1,1]},"_groupIndex":6,"groupIndex":6},{"__type__":"cc.Node","_name":"platform","_parent":{"__id__":2},"_components":[{"__type__":"cc.Sprite","node":{"__id__":24},"_materials":[{"__uuid__":"ecpdLyjvZBwrvm+cedCcQy"}],"_spriteFrame":{"__uuid__":"a2MjXRFdtLlYQ5ouAFv/+R"},"_sizeMode":0},{"__type__":"cc.BoxCollider","node":{"__id__":24},"_size":{"__type__":"cc.Size","width":857,"height":50}},{"__type__":"318b3Y0citJN6RZS4dOnAn0","node":{"__id__":24}},{"__type__":"cc.Widget","node":{"__id__":24},"_alignFlags":16}],"_contentSize":{"__type__":"cc.Size","width":857,"height":50},"_trs":{"__type__":"TypedArray","ctor":"Float64Array","array":[0,-253,0,0,0,0,1,1,1,1]},"_groupIndex":3,"groupIndex":3}]]