[{"__type__":"cc.SpriteFrame","content":{"name":"sheep_run_0","texture":"834FFm1hFFKqwvTL9cPVoG","rect":[178,236,168,113],"offset":[-4,0],"originalSize":[228,159],"capInsets":[0,0,0,0]}},[{"__type__":"cc.SceneAsset","_name":"SpriteAnimation","scene":{"__id__":1},"asyncLoadAssets":null},{"__type__":"cc.Scene","_name":"New Node","_children":[{"__id__":2},{"__id__":8},{"__id__":9}],"_contentSize":{"__type__":"cc.Size","width":100,"height":100},"_trs":{"__type__":"TypedArray","ctor":"Float64Array","array":[0,0,0,0,0,0,1,0.5697916666666667,0.5697916666666667,1]},"_zIndex":0,"autoReleaseAssets":true},{"__type__":"cc.Node","_name":"Canvas","_parent":{"__id__":1},"_children":[{"__id__":3},{"__id__":4},{"__id__":5},{"__id__":7}],"_components":[{"__type__":"cc.Canvas","node":{"__id__":2}},{"__type__":"cc.Widget","node":{"__id__":2},"_alignFlags":45}],"_contentSize":{"__type__":"cc.Size","width":960,"height":640},"_trs":{"__type__":"TypedArray","ctor":"Float64Array","array":[480,320,0,0,0,0,0,1,1,1]},"_zIndex":0,"_id":"14c4azE7yxPz6NM7YE0OAbb"},{"__type__":"cc.Node","_name":"Main Camera","_parent":{"__id__":2},"_components":[{"__type__":"cc.Camera","node":{"__id__":3},"_clearFlags":7,"_depth":-1}],"_trs":{"__type__":"TypedArray","ctor":"Float64Array","array":[0,0,0,0,0,0,0,1,1,1]},"_zIndex":0},{"__type__":"cc.Node","_parent":{"__id__":2},"_id":"ab4048MhXJIibqfJMK0oJKp","_prefab":{"__type__":"cc.PrefabInfo","root":{"__id__":4},"asset":{"__uuid__":"b8OSNRvpdPAZhePn0hGPPJ"},"fileId":"78fd70+ls5GgJcFkzvLSRk8","sync":true},"_name":"Background","_trs":{"__type__":"TypedArray","ctor":"Float64Array","array":[0,0,0,0,0,0,0,1,1,1]}},{"__type__":"cc.Node","_name":"Sheep","_parent":{"__id__":2},"_components":[{"__type__":"cc.Sprite","node":{"__id__":5},"_spriteFrame":{"__uuid__":"7cy3hPfFFKC6We6V2kDzAT"}},{"__id__":6}],"_contentSize":{"__type__":"cc.Size","width":168,"height":113},"_trs":{"__type__":"TypedArray","ctor":"Float64Array","array":[0,0,0,0,0,0,0,1,1,1]},"_zIndex":0},{"__type__":"cc.Animation","node":{"__id__":5},"_defaultClip":{"__uuid__":"dc6EXKZqdE3bGMvUmHbhqa"},"_clips":[{"__uuid__":"dc6EXKZqdE3bGMvUmHbhqa"},{"__uuid__":"16uyqzQSZNj7KqgKIWBIv6"}],"playOnLoad":true},{"__type__":"cc.Node","_name":"Tips","_parent":{"__id__":2},"_components":[{"__type__":"e4f88adp3hERoJ48DZ2PSAl","node":{"__id__":7},"_useOriginalSize":false,"_string":"这是精灵帧动画","_N$string":"这是精灵帧动画","_N$horizontalAlign":1,"_N$verticalAlign":1,"_N$textKey":"cases/03_gameplay/03_animation/SpriteAnimation.fire.9"}],"_contentSize":{"__type__":"cc.Size","width":280,"height":40},"_trs":{"__type__":"TypedArray","ctor":"Float64Array","array":[0,-207,0,0,0,0,0,1,1,1]},"_zIndex":0},{"__type__":"cc.Node","_name":"SheepAnimationCtrl","_parent":{"__id__":1},"_components":[{"__type__":"ae6fcR8cuFGRYHW525VJD/k","node":{"__id__":8},"sheepAnim":{"__id__":6}}],"_trs":{"__type__":"TypedArray","ctor":"Float64Array","array":[0,0,0,0,0,0,0,1,1,1]},"_zIndex":0,"_id":"e7287lZKuBCyoyoWdifRdWD"},{"__type__":"cc.Node","_name":"Instruction","_parent":{"__id__":1},"_components":[{"__type__":"6a871gy73FDLap3Eje/2h6i","node":{"__id__":9},"text":"## Sprite Animation 基本用法\n\n1. 打开 Timeline 面板（Main-Menu/Panel/Timeline）\n2. 选中 sheep 节点，应该可以看到 Timeline 中显示了 cc.Sprite.sprite 轨道和动画帧\n3. [Timeline面板]点击播放按钮，可以预览动画播放；在刻度区域点击鼠标，可以操作动画指针显示指定关键帧位置的图像\n4. [Timeline面板]点击 clip 下拉菜单，可以从 sheep_run 和 sheep_jump 中选择，并可以用上述方法预览\n5. 点击编辑器的预览按钮，在浏览器中打开场景，游戏启动后会先循环播放 sheep_run，2秒钟后播放 sheep_jump\n6. 查看 Sheep_Animation_1.js 文件，了解 cc.AnimationComponent.play() 接口的用法。\n\n\n## Sprite Animation 创建工作流程（后续会大幅简化）\n\n1. 新建一个节点，为其添加 Sprite 和 AnimationComponent 组件\n2. 在 Asset 面板新建一个 AnimationClip，并妥善命名\n3. 选中刚才的节点，在 AnimationComponent 组件里把 Animations 列表的容量设为 1 或更多\n4. 将刚才新建的 AnimationClip 拖入 AnimationComponent.Animations 列表中\n5. 打开 Timeline 面板，在选中刚才新建节点的情况下，确认 clip 下拉菜单里已经选中刚创建的 AnimationClip\n6. [Timeline] 在 property 列表中点击 Add Property 按钮，选择添加 cc.Sprite.sprite 属性轨道\n7. 从 Asset 面板中拖拽你希望在动画中显示的 Sprite 资源到 cc.Sprite.sprite 轨道，拖拽时可以指定添加该关键帧的时间轴位置。\n8. [Timeline] 点击播放按钮预览帧动画"}],"_trs":{"__type__":"TypedArray","ctor":"Float64Array","array":[0,0,0,0,0,0,0,1,1,1]},"_zIndex":0,"_id":"a8ba7qJtIFJhp/csDPhAYB6"}]]