[{"__type__":"cc.SceneAsset","_name":"dynamic-batch-mesh-renderer","scene":{"__id__":1},"asyncLoadAssets":null},{"__type__":"cc.Scene","_name":"New Node","_children":[{"__id__":2}],"_anchorPoint":{"__type__":"cc.Vec2"},"_trs":{"__type__":"TypedArray","ctor":"Float64Array","array":[0,0,0,0,0,0,1,1,1,1]},"autoReleaseAssets":false},{"__type__":"cc.Node","_name":"Canvas","_parent":{"__id__":1},"_children":[{"__id__":3},{"__id__":4},{"__id__":5},{"__id__":6},{"__id__":7},{"__id__":8},{"__id__":9}],"_components":[{"__type__":"cc.Canvas","node":{"__id__":2}},{"__type__":"cc.Widget","node":{"__id__":2},"_alignFlags":45}],"_contentSize":{"__type__":"cc.Size","width":960,"height":640},"_trs":{"__type__":"TypedArray","ctor":"Float64Array","array":[480,320,0,0,0,0,1,1,1,1]},"_id":"10UfRFUqZEJ6ecC94S81oX"},{"__type__":"cc.Node","_name":"Main Camera","_parent":{"__id__":2},"_components":[{"__type__":"cc.Camera","node":{"__id__":3},"_clearFlags":7,"_depth":-1,"_ortho":false,"_alignWithScreen":false}],"_trs":{"__type__":"TypedArray","ctor":"Float64Array","array":[0,177.69400024414062,352.47198486328125,-0.258819043636322,0,0,0.9659258127212524,1,1,1]},"_eulerAngles":{"__type__":"cc.Vec3","x":-30},"_is3DNode":true},{"__type__":"cc.Node","_name":"New Box","_parent":{"__id__":2},"_components":[{"__type__":"cc.MeshRenderer","node":{"__id__":4},"_materials":[{"__uuid__":"a5hJI5OtNB0Yq0rp/qEfl/"}],"_mesh":{"__uuid__":"04bxcsFXRIi7u4ZBWprblt"},"_enableAutoBatch":true}],"_trs":{"__type__":"TypedArray","ctor":"Float64Array","array":[150,0,0,8.146033536604591e-8,0,0,1,100,100,100]},"_eulerAngles":{"__type__":"cc.Vec3","x":0.000009334666828389458},"_is3DNode":true},{"__type__":"cc.Node","_name":"New Box","_parent":{"__id__":2},"_components":[{"__type__":"cc.MeshRenderer","node":{"__id__":5},"_materials":[{"__uuid__":"a5hJI5OtNB0Yq0rp/qEfl/"}],"_mesh":{"__uuid__":"04bxcsFXRIi7u4ZBWprblt"},"_enableAutoBatch":true}],"_trs":{"__type__":"TypedArray","ctor":"Float64Array","array":[287.697998046875,0,0,8.146033536604591e-8,0,0,1,100,100,100]},"_eulerAngles":{"__type__":"cc.Vec3","x":0.000009334666828389458},"_is3DNode":true},{"__type__":"cc.Node","_name":"New Box ","_parent":{"__id__":2},"_components":[{"__type__":"cc.MeshRenderer","node":{"__id__":6},"_materials":[{"__uuid__":"a5hJI5OtNB0Yq0rp/qEfl/"}],"_mesh":{"__uuid__":"04bxcsFXRIi7u4ZBWprblt"},"_enableAutoBatch":true}],"_trs":{"__type__":"TypedArray","ctor":"Float64Array","array":[0.12200000137090683,0,0,8.146033536604591e-8,0,0,1,100,100,100]},"_eulerAngles":{"__type__":"cc.Vec3","x":0.000009334666828389458},"_is3DNode":true},{"__type__":"cc.Node","_name":"New Box","_parent":{"__id__":2},"_components":[{"__type__":"cc.MeshRenderer","node":{"__id__":7},"_materials":[{"__uuid__":"a5hJI5OtNB0Yq0rp/qEfl/"}],"_mesh":{"__uuid__":"04bxcsFXRIi7u4ZBWprblt"},"_enableAutoBatch":true}],"_trs":{"__type__":"TypedArray","ctor":"Float64Array","array":[-150,0,0,8.146033536604591e-8,0,0,1,100,100,100]},"_eulerAngles":{"__type__":"cc.Vec3","x":0.000009334666828389458},"_is3DNode":true},{"__type__":"cc.Node","_name":"New Box","_parent":{"__id__":2},"_components":[{"__type__":"cc.MeshRenderer","node":{"__id__":8},"_materials":[{"__uuid__":"a5hJI5OtNB0Yq0rp/qEfl/"}],"_mesh":{"__uuid__":"04bxcsFXRIi7u4ZBWprblt"},"_enableAutoBatch":true}],"_trs":{"__type__":"TypedArray","ctor":"Float64Array","array":[-287.552001953125,0,0,8.146033536604591e-8,0,0,1,100,100,100]},"_eulerAngles":{"__type__":"cc.Vec3","x":0.000009334666828389458},"_is3DNode":true},{"__type__":"cc.Node","_name":"New Directional Light","_parent":{"__id__":2},"_components":[{"__type__":"cc.Light","node":{"__id__":9},"_shadowMaxDepth":1000,"_shadowFrustumSize":50}],"_trs":{"__type__":"TypedArray","ctor":"Float64Array","array":[0,0,0,-0.258819043636322,0,0,0.9659258127212524,1,1,1]},"_eulerAngles":{"__type__":"cc.Vec3","x":-30},"_is3DNode":true}]