[[{"__type__":"cc.SceneAsset","_name":"AnimatedWidget","scene":{"__id__":1},"asyncLoadAssets":null},{"__type__":"cc.Scene","_name":"New Node","_children":[{"__id__":2}],"_anchorPoint":{"__type__":"cc.Vec2"},"_trs":{"__type__":"TypedArray","ctor":"Float64Array","array":[0,0,0,0,0,0,1,0.5697916666666667,0.5697916666666667,1]},"_zIndex":0,"autoReleaseAssets":true},{"__type__":"cc.Node","_name":"Canvas","_parent":{"__id__":1},"_children":[{"__id__":3},{"__id__":4},{"__id__":5},{"__id__":6}],"_components":[{"__type__":"cc.Canvas","node":{"__id__":2}},{"__type__":"cc.Widget","node":{"__id__":2},"_alignFlags":45}],"_contentSize":{"__type__":"cc.Size","width":960,"height":640},"_trs":{"__type__":"TypedArray","ctor":"Float64Array","array":[480,320,0,0,0,0,0,1,1,1]},"_zIndex":0,"_id":"9f353qWiFlBxIquJgihEdTR"},{"__type__":"cc.Node","_name":"Main Camera","_parent":{"__id__":2},"_components":[{"__type__":"cc.Camera","node":{"__id__":3},"_clearFlags":7,"_depth":-1}],"_trs":{"__type__":"TypedArray","ctor":"Float64Array","array":[0,0,0,0,0,0,0,1,1,1]},"_zIndex":0},{"__type__":"cc.Node","_parent":{"__id__":2},"_id":"a00a3ucOBpNdKQJw/C5EFwx","_prefab":{"__type__":"cc.PrefabInfo","root":{"__id__":4},"asset":{"__uuid__":"b8OSNRvpdPAZhePn0hGPPJ"},"fileId":"78fd70+ls5GgJcFkzvLSRk8","sync":true},"_name":"Background","_trs":{"__type__":"TypedArray","ctor":"Float64Array","array":[0,0,0,0,0,0,0,1,1,1]}},{"__type__":"cc.Node","_name":"Animated","_parent":{"__id__":2},"_components":[{"__type__":"cc.Sprite","node":{"__id__":5},"_spriteFrame":{"__uuid__":"c0GPA1PjJA7bli4XEgVjPQ"},"_type":1,"_sizeMode":0},{"__type__":"cc.Widget","node":{"__id__":5},"alignMode":2,"_alignFlags":5,"_left":278,"_top":550,"_bottom":20,"_originalHeight":300},{"__type__":"cc.Animation","node":{"__id__":5},"_defaultClip":{"__uuid__":"5dD12MNo9LVoIP2EZgIwGo"},"_clips":[{"__uuid__":"5dD12MNo9LVoIP2EZgIwGo"}],"playOnLoad":true}],"_contentSize":{"__type__":"cc.Size","width":400,"height":70},"_trs":{"__type__":"TypedArray","ctor":"Float64Array","array":[-2,-265,0,0,0,0,0,1,1,1]},"_zIndex":0},{"__type__":"cc.Node","_name":"Tips","_parent":{"__id__":2},"_components":[{"__type__":"e4f88adp3hERoJ48DZ2PSAl","node":{"__id__":6},"_useOriginalSize":false,"_string":"动画挂件。","_N$string":"动画挂件。","_N$horizontalAlign":1,"_N$verticalAlign":1,"_N$textKey":"cases/02_ui/01_widget/AnimatedWidget.fire.9"},{"__type__":"cc.Widget","node":{"__id__":6},"alignMode":0,"_alignFlags":1,"_top":83}],"_contentSize":{"__type__":"cc.Size","width":200,"height":40},"_trs":{"__type__":"TypedArray","ctor":"Float64Array","array":[0,217,0,0,0,0,0,1,1,1]},"_zIndex":0}],{"__type__":"cc.SpriteFrame","content":{"name":"bg","texture":"5cSEe6cUVByreKJqRNvahb","rect":[0,0,14,14],"offset":[0,0],"originalSize":[14,14],"capInsets":[5,5,5,5]}}]