[{"__type__":"cc.SpriteFrame","content":{"name":"emoji3","texture":"22TOboDjJDCpgHlFL8dprJ","rect":[71,1,68,68],"offset":[0,0],"originalSize":[68,68],"capInsets":[0,0,0,0]}},[{"__type__":"cc.SceneAsset","_name":"RichText","scene":{"__id__":1},"asyncLoadAssets":null},{"__type__":"cc.Scene","_name":"New Node","_children":[{"__id__":2}],"_anchorPoint":{"__type__":"cc.Vec2"},"_trs":{"__type__":"TypedArray","ctor":"Float64Array","array":[0,0,0,0,0,0,1,1,1,1]},"autoReleaseAssets":false},{"__type__":"cc.Node","_name":"Canvas","_parent":{"__id__":1},"_children":[{"__id__":3},{"__id__":4},{"__id__":5},{"__id__":31},{"__id__":32}],"_components":[{"__type__":"cc.Canvas","node":{"__id__":2}},{"__type__":"cc.Widget","node":{"__id__":2},"_alignFlags":45}],"_contentSize":{"__type__":"cc.Size","width":960,"height":640},"_trs":{"__type__":"TypedArray","ctor":"Float64Array","array":[480,320,0,0,0,0,1,1,1,1]},"_id":"acNmfgVxtGnraE8xCtmmlF"},{"__type__":"cc.Node","_parent":{"__id__":2},"_id":"5a8TxEA1pNKY/PN21fo0mW","_prefab":{"__type__":"cc.PrefabInfo","root":{"__id__":3},"asset":{"__uuid__":"b8OSNRvpdPAZhePn0hGPPJ"},"fileId":"78fd70+ls5GgJcFkzvLSRk8","sync":true},"_name":"Background","_trs":{"__type__":"TypedArray","ctor":"Float64Array","array":[0,0,0,0,0,0,1,1,1,1]}},{"__type__":"cc.Node","_name":"Main Camera","_parent":{"__id__":2},"_components":[{"__type__":"cc.Camera","node":{"__id__":4},"_clearFlags":7,"_depth":-1}],"_trs":{"__type__":"TypedArray","ctor":"Float64Array","array":[0,0,349.00128173828125,0,0,0,1,1,1,1]}},{"__type__":"cc.Node","_name":"RichText","_parent":{"__id__":2},"_children":[{"__id__":6},{"__id__":7},{"__id__":8},{"__id__":9},{"__id__":10},{"__id__":11},{"__id__":12},{"__id__":13},{"__id__":14},{"__id__":15},{"__id__":16},{"__id__":17},{"__id__":18},{"__id__":19},{"__id__":20},{"__id__":21},{"__id__":22},{"__id__":23},{"__id__":24},{"__id__":25},{"__id__":26},{"__id__":27},{"__id__":28},{"__id__":29}],"_components":[{"__type__":"cc.RichText","node":{"__id__":5},"_isSystemFontUsed":false,"_N$string":"<color=#ff0000>妈妈</c><outline color=red width=3>再也</outline><size=20>不用担心</size>\n我在 <size=56><outline  width=4 color=#00ff00 click=\"clickme\"><color=red>Creator</c></s> 里面\n使用<color=#ff0000>五</c><color=#00ff00>彩</c><color=#00e0ff>缤</c><color=#ffff00>纷</>，\n<size=20>大小</s><size=60>不一</s>\n的<size=33><outline color=#00ff00 width=3>文字</o></s>了，<size=40><color=#00ff00>开心<img src=\"emoji1\" click=\"clickme\"/><size=30><u>的</u></c><color=#0fffff><size=50>快</s><img src=\"emoji2\" />哭了</color><img src=\"emoji3\" />","_N$font":{"__uuid__":"5bnLwjdrNB/5lTQhn9vqcs"},"_N$maxWidth":500,"_N$lineHeight":60,"_N$imageAtlas":{"__uuid__":"1e2jY/YgBIIrKXS/MIKR2d"}},{"__type__":"ce4b5HKaNtMU4kQr7fbr5VH","node":{"__id__":5},"positionMessage":{"__id__":30}}],"_contentSize":{"__type__":"cc.Size","width":500,"height":375.59999999999997},"_trs":{"__type__":"TypedArray","ctor":"Float64Array","array":[0,0,0,0,0,0,1,1,1,1]}},{"__type__":"cc.PrivateNode","_name":"RICHTEXT_CHILD","_objFlags":1024,"_parent":{"__id__":5},"_components":[{"__type__":"cc.Label","node":{"__id__":6},"_materials":[{"__uuid__":"ecpdLyjvZBwrvm+cedCcQy"}],"_string":"妈妈","_N$string":"妈妈","_lineHeight":60,"_N$file":{"__uuid__":"5bnLwjdrNB/5lTQhn9vqcs"},"_isSystemFontUsed":false,"_N$verticalAlign":1}],"_color":{"__type__":"cc.Color","r":255},"_contentSize":{"__type__":"cc.Size","width":80,"height":75.6},"_anchorPoint":{"__type__":"cc.Vec2"},"_trs":{"__type__":"TypedArray","ctor":"Float32Array","array":[-250,112.19999694824219,0,0,0,0,1,1,1,1]}},{"__type__":"cc.PrivateNode","_name":"RICHTEXT_CHILD","_objFlags":1024,"_parent":{"__id__":5},"_components":[{"__type__":"cc.Label","node":{"__id__":7},"_materials":[{"__uuid__":"ecpdLyjvZBwrvm+cedCcQy"}],"_string":"再也","_N$string":"再也","_lineHeight":60,"_N$file":{"__uuid__":"5bnLwjdrNB/5lTQhn9vqcs"},"_isSystemFontUsed":false,"_N$verticalAlign":1},{"__type__":"cc.LabelOutline","node":{"__id__":7},"_color":{"__type__":"cc.Color","r":255},"_width":3}],"_contentSize":{"__type__":"cc.Size","width":86,"height":81.6},"_anchorPoint":{"__type__":"cc.Vec2"},"_trs":{"__type__":"TypedArray","ctor":"Float32Array","array":[-170,112.19999694824219,0,0,0,0,1,1,1,1]}},{"__type__":"cc.PrivateNode","_name":"RICHTEXT_CHILD","_objFlags":1024,"_parent":{"__id__":5},"_components":[{"__type__":"cc.Label","node":{"__id__":8},"_materials":[{"__uuid__":"ecpdLyjvZBwrvm+cedCcQy"}],"_string":"不用担心","_N$string":"不用担心","_fontSize":20,"_lineHeight":60,"_N$file":{"__uuid__":"5bnLwjdrNB/5lTQhn9vqcs"},"_isSystemFontUsed":false,"_N$verticalAlign":1}],"_contentSize":{"__type__":"cc.Size","width":80,"height":75.6},"_anchorPoint":{"__type__":"cc.Vec2"},"_trs":{"__type__":"TypedArray","ctor":"Float32Array","array":[-84,112.19999694824219,0,0,0,0,1,1,1,1]}},{"__type__":"cc.PrivateNode","_name":"RICHTEXT_CHILD","_objFlags":1024,"_parent":{"__id__":5},"_components":[{"__type__":"cc.Label","node":{"__id__":9},"_materials":[{"__uuid__":"ecpdLyjvZBwrvm+cedCcQy"}],"_string":"我在 ","_N$string":"我在 ","_lineHeight":60,"_N$file":{"__uuid__":"5bnLwjdrNB/5lTQhn9vqcs"},"_isSystemFontUsed":false,"_N$verticalAlign":1}],"_contentSize":{"__type__":"cc.Size","width":91.39,"height":75.6},"_anchorPoint":{"__type__":"cc.Vec2"},"_trs":{"__type__":"TypedArray","ctor":"Float32Array","array":[-250,52.20000076293945,0,0,0,0,1,1,1,1]}},{"__type__":"cc.PrivateNode","_name":"RICHTEXT_CHILD","_objFlags":1024,"_parent":{"__id__":5},"_components":[{"__type__":"cc.Label","node":{"__id__":10},"_materials":[{"__uuid__":"ecpdLyjvZBwrvm+cedCcQy"}],"_string":"Creator","_N$string":"Creator","_fontSize":56,"_lineHeight":60,"_N$file":{"__uuid__":"5bnLwjdrNB/5lTQhn9vqcs"},"_isSystemFontUsed":false,"_N$verticalAlign":1},{"__type__":"cc.LabelOutline","node":{"__id__":10},"_color":{"__type__":"cc.Color","g":255},"_width":4}],"_color":{"__type__":"cc.Color","r":255},"_contentSize":{"__type__":"cc.Size","width":216.47,"height":83.6},"_anchorPoint":{"__type__":"cc.Vec2"},"_trs":{"__type__":"TypedArray","ctor":"Float32Array","array":[-158.61000061035156,52.20000076293945,0,0,0,0,1,1,1,1]}},{"__type__":"cc.PrivateNode","_name":"RICHTEXT_CHILD","_objFlags":1024,"_parent":{"__id__":5},"_components":[{"__type__":"cc.Label","node":{"__id__":11},"_materials":[{"__uuid__":"ecpdLyjvZBwrvm+cedCcQy"}],"_string":" 里面","_N$string":" 里面","_fontSize":56,"_lineHeight":60,"_N$file":{"__uuid__":"5bnLwjdrNB/5lTQhn9vqcs"},"_isSystemFontUsed":false,"_N$verticalAlign":1}],"_contentSize":{"__type__":"cc.Size","width":127.94,"height":75.6},"_anchorPoint":{"__type__":"cc.Vec2"},"_trs":{"__type__":"TypedArray","ctor":"Float32Array","array":[57.86000061035156,52.20000076293945,0,0,0,0,1,1,1,1]}},{"__type__":"cc.PrivateNode","_name":"RICHTEXT_CHILD","_objFlags":1024,"_parent":{"__id__":5},"_components":[{"__type__":"cc.Label","node":{"__id__":12},"_materials":[{"__uuid__":"ecpdLyjvZBwrvm+cedCcQy"}],"_string":"使用","_N$string":"使用","_fontSize":56,"_lineHeight":60,"_N$file":{"__uuid__":"5bnLwjdrNB/5lTQhn9vqcs"},"_isSystemFontUsed":false,"_N$verticalAlign":1}],"_contentSize":{"__type__":"cc.Size","width":112,"height":75.6},"_anchorPoint":{"__type__":"cc.Vec2"},"_trs":{"__type__":"TypedArray","ctor":"Float32Array","array":[-250,-7.800000190734863,0,0,0,0,1,1,1,1]}},{"__type__":"cc.PrivateNode","_name":"RICHTEXT_CHILD","_objFlags":1024,"_parent":{"__id__":5},"_components":[{"__type__":"cc.Label","node":{"__id__":13},"_materials":[{"__uuid__":"ecpdLyjvZBwrvm+cedCcQy"}],"_string":"五","_N$string":"五","_fontSize":56,"_lineHeight":60,"_N$file":{"__uuid__":"5bnLwjdrNB/5lTQhn9vqcs"},"_isSystemFontUsed":false,"_N$verticalAlign":1}],"_color":{"__type__":"cc.Color","r":255},"_contentSize":{"__type__":"cc.Size","width":56,"height":75.6},"_anchorPoint":{"__type__":"cc.Vec2"},"_trs":{"__type__":"TypedArray","ctor":"Float32Array","array":[-138,-7.800000190734863,0,0,0,0,1,1,1,1]}},{"__type__":"cc.PrivateNode","_name":"RICHTEXT_CHILD","_objFlags":1024,"_parent":{"__id__":5},"_components":[{"__type__":"cc.Label","node":{"__id__":14},"_materials":[{"__uuid__":"ecpdLyjvZBwrvm+cedCcQy"}],"_string":"彩","_N$string":"彩","_fontSize":56,"_lineHeight":60,"_N$file":{"__uuid__":"5bnLwjdrNB/5lTQhn9vqcs"},"_isSystemFontUsed":false,"_N$verticalAlign":1}],"_color":{"__type__":"cc.Color","g":255},"_contentSize":{"__type__":"cc.Size","width":56,"height":75.6},"_anchorPoint":{"__type__":"cc.Vec2"},"_trs":{"__type__":"TypedArray","ctor":"Float32Array","array":[-82,-7.800000190734863,0,0,0,0,1,1,1,1]}},{"__type__":"cc.PrivateNode","_name":"RICHTEXT_CHILD","_objFlags":1024,"_parent":{"__id__":5},"_components":[{"__type__":"cc.Label","node":{"__id__":15},"_materials":[{"__uuid__":"ecpdLyjvZBwrvm+cedCcQy"}],"_string":"缤","_N$string":"缤","_fontSize":56,"_lineHeight":60,"_N$file":{"__uuid__":"5bnLwjdrNB/5lTQhn9vqcs"},"_isSystemFontUsed":false,"_N$verticalAlign":1}],"_color":{"__type__":"cc.Color","g":224,"b":255},"_contentSize":{"__type__":"cc.Size","width":56,"height":75.6},"_anchorPoint":{"__type__":"cc.Vec2"},"_trs":{"__type__":"TypedArray","ctor":"Float32Array","array":[-26,-7.800000190734863,0,0,0,0,1,1,1,1]}},{"__type__":"cc.PrivateNode","_name":"RICHTEXT_CHILD","_objFlags":1024,"_parent":{"__id__":5},"_components":[{"__type__":"cc.Label","node":{"__id__":16},"_materials":[{"__uuid__":"ecpdLyjvZBwrvm+cedCcQy"}],"_string":"纷","_N$string":"纷","_fontSize":56,"_lineHeight":60,"_N$file":{"__uuid__":"5bnLwjdrNB/5lTQhn9vqcs"},"_isSystemFontUsed":false,"_N$verticalAlign":1}],"_color":{"__type__":"cc.Color","r":255,"g":255},"_contentSize":{"__type__":"cc.Size","width":56,"height":75.6},"_anchorPoint":{"__type__":"cc.Vec2"},"_trs":{"__type__":"TypedArray","ctor":"Float32Array","array":[30,-7.800000190734863,0,0,0,0,1,1,1,1]}},{"__type__":"cc.PrivateNode","_name":"RICHTEXT_CHILD","_objFlags":1024,"_parent":{"__id__":5},"_components":[{"__type__":"cc.Label","node":{"__id__":17},"_materials":[{"__uuid__":"ecpdLyjvZBwrvm+cedCcQy"}],"_string":"，","_N$string":"，","_fontSize":56,"_lineHeight":60,"_N$file":{"__uuid__":"5bnLwjdrNB/5lTQhn9vqcs"},"_isSystemFontUsed":false,"_N$verticalAlign":1}],"_contentSize":{"__type__":"cc.Size","width":56,"height":75.6},"_anchorPoint":{"__type__":"cc.Vec2"},"_trs":{"__type__":"TypedArray","ctor":"Float32Array","array":[86,-7.800000190734863,0,0,0,0,1,1,1,1]}},{"__type__":"cc.PrivateNode","_name":"RICHTEXT_CHILD","_objFlags":1024,"_parent":{"__id__":5},"_components":[{"__type__":"cc.Label","node":{"__id__":18},"_materials":[{"__uuid__":"ecpdLyjvZBwrvm+cedCcQy"}],"_string":"大小","_N$string":"大小","_fontSize":20,"_lineHeight":60,"_N$file":{"__uuid__":"5bnLwjdrNB/5lTQhn9vqcs"},"_isSystemFontUsed":false,"_N$verticalAlign":1}],"_contentSize":{"__type__":"cc.Size","width":40,"height":75.6},"_anchorPoint":{"__type__":"cc.Vec2"},"_trs":{"__type__":"TypedArray","ctor":"Float32Array","array":[-250,-67.80000305175781,0,0,0,0,1,1,1,1]}},{"__type__":"cc.PrivateNode","_name":"RICHTEXT_CHILD","_objFlags":1024,"_parent":{"__id__":5},"_components":[{"__type__":"cc.Label","node":{"__id__":19},"_materials":[{"__uuid__":"ecpdLyjvZBwrvm+cedCcQy"}],"_string":"不一","_N$string":"不一","_fontSize":60,"_lineHeight":60,"_N$file":{"__uuid__":"5bnLwjdrNB/5lTQhn9vqcs"},"_isSystemFontUsed":false,"_N$verticalAlign":1}],"_contentSize":{"__type__":"cc.Size","width":120,"height":75.6},"_anchorPoint":{"__type__":"cc.Vec2"},"_trs":{"__type__":"TypedArray","ctor":"Float32Array","array":[-210,-67.80000305175781,0,0,0,0,1,1,1,1]}},{"__type__":"cc.PrivateNode","_name":"RICHTEXT_CHILD","_objFlags":1024,"_parent":{"__id__":5},"_components":[{"__type__":"cc.Label","node":{"__id__":20},"_materials":[{"__uuid__":"ecpdLyjvZBwrvm+cedCcQy"}],"_string":"的","_N$string":"的","_fontSize":56,"_lineHeight":60,"_N$file":{"__uuid__":"5bnLwjdrNB/5lTQhn9vqcs"},"_isSystemFontUsed":false,"_N$verticalAlign":1}],"_contentSize":{"__type__":"cc.Size","width":56,"height":75.6},"_anchorPoint":{"__type__":"cc.Vec2"},"_trs":{"__type__":"TypedArray","ctor":"Float32Array","array":[-250,-127.80000305175781,0,0,0,0,1,1,1,1]}},{"__type__":"cc.PrivateNode","_name":"RICHTEXT_CHILD","_objFlags":1024,"_parent":{"__id__":5},"_components":[{"__type__":"cc.Label","node":{"__id__":21},"_materials":[{"__uuid__":"ecpdLyjvZBwrvm+cedCcQy"}],"_string":"文字","_N$string":"文字","_fontSize":33,"_lineHeight":60,"_N$file":{"__uuid__":"5bnLwjdrNB/5lTQhn9vqcs"},"_isSystemFontUsed":false,"_N$verticalAlign":1},{"__type__":"cc.LabelOutline","node":{"__id__":21},"_color":{"__type__":"cc.Color","g":255},"_width":3}],"_contentSize":{"__type__":"cc.Size","width":72,"height":81.6},"_anchorPoint":{"__type__":"cc.Vec2"},"_trs":{"__type__":"TypedArray","ctor":"Float32Array","array":[-194,-127.80000305175781,0,0,0,0,1,1,1,1]}},{"__type__":"cc.PrivateNode","_name":"RICHTEXT_CHILD","_objFlags":1024,"_parent":{"__id__":5},"_components":[{"__type__":"cc.Label","node":{"__id__":22},"_materials":[{"__uuid__":"ecpdLyjvZBwrvm+cedCcQy"}],"_string":"了，","_N$string":"了，","_fontSize":56,"_lineHeight":60,"_N$file":{"__uuid__":"5bnLwjdrNB/5lTQhn9vqcs"},"_isSystemFontUsed":false,"_N$verticalAlign":1}],"_contentSize":{"__type__":"cc.Size","width":112,"height":75.6},"_anchorPoint":{"__type__":"cc.Vec2"},"_trs":{"__type__":"TypedArray","ctor":"Float32Array","array":[-122,-127.80000305175781,0,0,0,0,1,1,1,1]}},{"__type__":"cc.PrivateNode","_name":"RICHTEXT_CHILD","_objFlags":1024,"_parent":{"__id__":5},"_components":[{"__type__":"cc.Label","node":{"__id__":23},"_materials":[{"__uuid__":"ecpdLyjvZBwrvm+cedCcQy"}],"_string":"开心","_N$string":"开心","_lineHeight":60,"_N$file":{"__uuid__":"5bnLwjdrNB/5lTQhn9vqcs"},"_isSystemFontUsed":false,"_N$verticalAlign":1}],"_color":{"__type__":"cc.Color","g":255},"_contentSize":{"__type__":"cc.Size","width":80,"height":75.6},"_anchorPoint":{"__type__":"cc.Vec2"},"_trs":{"__type__":"TypedArray","ctor":"Float32Array","array":[-10,-127.80000305175781,0,0,0,0,1,1,1,1]}},{"__type__":"cc.PrivateNode","_name":"RICHTEXT_Image_CHILD","_objFlags":1024,"_parent":{"__id__":5},"_components":[{"__type__":"cc.Sprite","node":{"__id__":24},"_materials":[{"__uuid__":"ecpdLyjvZBwrvm+cedCcQy"}],"_spriteFrame":{"__uuid__":"bcCcQQN5ZDSKq03IdQ/sM/"},"_type":1,"_sizeMode":0}],"_contentSize":{"__type__":"cc.Size","width":60,"height":60},"_anchorPoint":{"__type__":"cc.Vec2"},"_trs":{"__type__":"TypedArray","ctor":"Float32Array","array":[70,-127.80000305175781,0,0,0,0,1,1,1,1]}},{"__type__":"cc.PrivateNode","_name":"RICHTEXT_CHILD","_objFlags":1024,"_parent":{"__id__":5},"_components":[{"__type__":"cc.Label","node":{"__id__":25},"_materials":[{"__uuid__":"ecpdLyjvZBwrvm+cedCcQy"}],"_string":"的","_N$string":"的","_fontSize":30,"_lineHeight":60,"_N$file":{"__uuid__":"5bnLwjdrNB/5lTQhn9vqcs"},"_isSystemFontUsed":false,"_N$verticalAlign":1}],"_color":{"__type__":"cc.Color","g":255},"_contentSize":{"__type__":"cc.Size","width":30,"height":75.6},"_anchorPoint":{"__type__":"cc.Vec2"},"_trs":{"__type__":"TypedArray","ctor":"Float32Array","array":[130,-127.80000305175781,0,0,0,0,1,1,1,1]}},{"__type__":"cc.PrivateNode","_name":"RICHTEXT_CHILD","_objFlags":1024,"_parent":{"__id__":5},"_components":[{"__type__":"cc.Label","node":{"__id__":26},"_materials":[{"__uuid__":"ecpdLyjvZBwrvm+cedCcQy"}],"_string":"快","_N$string":"快","_fontSize":50,"_lineHeight":60,"_N$file":{"__uuid__":"5bnLwjdrNB/5lTQhn9vqcs"},"_isSystemFontUsed":false,"_N$verticalAlign":1}],"_color":{"__type__":"cc.Color","r":15,"g":255,"b":255},"_contentSize":{"__type__":"cc.Size","width":50,"height":75.6},"_anchorPoint":{"__type__":"cc.Vec2"},"_trs":{"__type__":"TypedArray","ctor":"Float32Array","array":[160,-127.80000305175781,0,0,0,0,1,1,1,1]}},{"__type__":"cc.PrivateNode","_name":"RICHTEXT_Image_CHILD","_objFlags":1024,"_parent":{"__id__":5},"_components":[{"__type__":"cc.Sprite","node":{"__id__":27},"_materials":[{"__uuid__":"ecpdLyjvZBwrvm+cedCcQy"}],"_spriteFrame":{"__uuid__":"f32CcnI5FAMb0zVfYUUjZp"},"_type":1,"_sizeMode":0}],"_contentSize":{"__type__":"cc.Size","width":60,"height":60},"_anchorPoint":{"__type__":"cc.Vec2"},"_trs":{"__type__":"TypedArray","ctor":"Float32Array","array":[-250,-187.8000030517578,0,0,0,0,1,1,1,1]}},{"__type__":"cc.PrivateNode","_name":"RICHTEXT_CHILD","_objFlags":1024,"_parent":{"__id__":5},"_components":[{"__type__":"cc.Label","node":{"__id__":28},"_materials":[{"__uuid__":"ecpdLyjvZBwrvm+cedCcQy"}],"_string":"哭了","_N$string":"哭了","_lineHeight":60,"_N$file":{"__uuid__":"5bnLwjdrNB/5lTQhn9vqcs"},"_isSystemFontUsed":false,"_N$verticalAlign":1}],"_color":{"__type__":"cc.Color","r":15,"g":255,"b":255},"_contentSize":{"__type__":"cc.Size","width":80,"height":75.6},"_anchorPoint":{"__type__":"cc.Vec2"},"_trs":{"__type__":"TypedArray","ctor":"Float32Array","array":[-190,-187.8000030517578,0,0,0,0,1,1,1,1]}},{"__type__":"cc.PrivateNode","_name":"RICHTEXT_Image_CHILD","_objFlags":1024,"_parent":{"__id__":5},"_components":[{"__type__":"cc.Sprite","node":{"__id__":29},"_materials":[{"__uuid__":"ecpdLyjvZBwrvm+cedCcQy"}],"_spriteFrame":{"__uuid__":"50XjaN+lVB8JNKRiXMGWxu"},"_type":1,"_sizeMode":0}],"_contentSize":{"__type__":"cc.Size","width":60,"height":60},"_anchorPoint":{"__type__":"cc.Vec2"},"_trs":{"__type__":"TypedArray","ctor":"Float32Array","array":[-110,-187.8000030517578,0,0,0,0,1,1,1,1]}},{"__type__":"cc.Label","node":{"__id__":31},"_materials":[{"__uuid__":"ecpdLyjvZBwrvm+cedCcQy"}],"_useOriginalSize":false,"_N$verticalAlign":1},{"__type__":"cc.Node","_name":"ClickPosition","_parent":{"__id__":2},"_components":[{"__id__":30}],"_contentSize":{"__type__":"cc.Size","height":50.4},"_trs":{"__type__":"TypedArray","ctor":"Float64Array","array":[-25,-260,0,0,0,0,1,1,1,1]}},{"__type__":"cc.Node","_name":"Tip","_parent":{"__id__":2},"_components":[{"__type__":"cc.Label","node":{"__id__":32},"_materials":[{"__uuid__":"ecpdLyjvZBwrvm+cedCcQy"}],"_useOriginalSize":false,"_string":"Click \"Creator\" and the laugh emoji","_N$string":"Click \"Creator\" and the laugh emoji","_N$horizontalAlign":1,"_N$verticalAlign":1}],"_contentSize":{"__type__":"cc.Size","width":619.8,"height":50.4},"_trs":{"__type__":"TypedArray","ctor":"Float64Array","array":[0,232.8979949951172,0,0,0,0,1,1,1,1]}}],{"__type__":"cc.SpriteFrame","content":{"name":"emoji1","texture":"22TOboDjJDCpgHlFL8dprJ","rect":[1,1,68,68],"offset":[0,0],"originalSize":[68,68],"capInsets":[0,0,0,0]}},{"__type__":"cc.SpriteFrame","content":{"name":"emoji2","texture":"22TOboDjJDCpgHlFL8dprJ","rect":[141,1,66,66],"offset":[0,0],"originalSize":[68,68],"capInsets":[0,0,0,0]}}]