{"__type__":"cc.SkeletonAnimationClip","_name":"mixamo.com","_native":".bin","_duration":15.75,"sample":30,"wrapMode":2,"description":{"mixamorig:Hips":{"position":{"offset":0,"frameCount":379},"quat":{"offset":1516,"frameCount":379},"scale":{"offset":3411,"frameCount":1}},"mixamorig:Hips/mixamorig:Spine":{"quat":{"offset":3415,"frameCount":379},"scale":{"offset":5310,"frameCount":1},"position":{"offset":5314,"frameCount":1}},"mixamorig:Hips/mixamorig:Spine/mixamorig:Spine1":{"quat":{"offset":5318,"frameCount":379},"scale":{"offset":7213,"frameCount":1},"position":{"offset":7217,"frameCount":1}},"mixamorig:Hips/mixamorig:Spine/mixamorig:Spine1/mixamorig:Spine2":{"quat":{"offset":7221,"frameCount":379},"scale":{"offset":9116,"frameCount":1},"position":{"offset":9120,"frameCount":1}},"mixamorig:Hips/mixamorig:Spine/mixamorig:Spine1/mixamorig:Spine2/mixamorig:Neck":{"quat":{"offset":9124,"frameCount":379},"scale":{"offset":11019,"frameCount":1},"position":{"offset":11023,"frameCount":1}},"mixamorig:Hips/mixamorig:Spine/mixamorig:Spine1/mixamorig:Spine2/mixamorig:Neck/mixamorig:Head":{"quat":{"offset":11027,"frameCount":379},"scale":{"offset":12922,"frameCount":1},"position":{"offset":12926,"frameCount":1}},"mixamorig:Hips/mixamorig:Spine/mixamorig:Spine1/mixamorig:Spine2/mixamorig:LeftShoulder":{"quat":{"offset":12930,"frameCount":379},"scale":{"offset":14825,"frameCount":1},"position":{"offset":14829,"frameCount":1}},"mixamorig:Hips/mixamorig:Spine/mixamorig:Spine1/mixamorig:Spine2/mixamorig:LeftShoulder/mixamorig:LeftArm":{"quat":{"offset":14833,"frameCount":379},"scale":{"offset":16728,"frameCount":1},"position":{"offset":16732,"frameCount":1}},"mixamorig:Hips/mixamorig:Spine/mixamorig:Spine1/mixamorig:Spine2/mixamorig:LeftShoulder/mixamorig:LeftArm/mixamorig:LeftForeArm":{"quat":{"offset":16736,"frameCount":323},"scale":{"offset":18351,"frameCount":1},"position":{"offset":18355,"frameCount":1}},"mixamorig:Hips/mixamorig:Spine/mixamorig:Spine1/mixamorig:Spine2/mixamorig:LeftShoulder/mixamorig:LeftArm/mixamorig:LeftForeArm/mixamorig:LeftHand":{"quat":{"offset":18359,"frameCount":379},"scale":{"offset":20254,"frameCount":1},"position":{"offset":20258,"frameCount":1}},"mixamorig:Hips/mixamorig:Spine/mixamorig:Spine1/mixamorig:Spine2/mixamorig:LeftShoulder/mixamorig:LeftArm/mixamorig:LeftForeArm/mixamorig:LeftHand/mixamorig:LeftHandThumb1":{"quat":{"offset":20262,"frameCount":28},"scale":{"offset":20402,"frameCount":1},"position":{"offset":20406,"frameCount":1}},"mixamorig:Hips/mixamorig:Spine/mixamorig:Spine1/mixamorig:Spine2/mixamorig:LeftShoulder/mixamorig:LeftArm/mixamorig:LeftForeArm/mixamorig:LeftHand/mixamorig:LeftHandThumb1/mixamorig:LeftHandThumb2":{"quat":{"offset":20410,"frameCount":2},"scale":{"offset":20420,"frameCount":1},"position":{"offset":20424,"frameCount":1}},"mixamorig:Hips/mixamorig:Spine/mixamorig:Spine1/mixamorig:Spine2/mixamorig:LeftShoulder/mixamorig:LeftArm/mixamorig:LeftForeArm/mixamorig:LeftHand/mixamorig:LeftHandThumb1/mixamorig:LeftHandThumb2/mixamorig:LeftHandThumb3":{"quat":{"offset":20428,"frameCount":2},"scale":{"offset":20438,"frameCount":1},"position":{"offset":20442,"frameCount":1}},"mixamorig:Hips/mixamorig:Spine/mixamorig:Spine1/mixamorig:Spine2/mixamorig:LeftShoulder/mixamorig:LeftArm/mixamorig:LeftForeArm/mixamorig:LeftHand/mixamorig:LeftHandIndex1":{"quat":{"offset":20446,"frameCount":367},"scale":{"offset":22281,"frameCount":1},"position":{"offset":22285,"frameCount":1}},"mixamorig:Hips/mixamorig:Spine/mixamorig:Spine1/mixamorig:Spine2/mixamorig:LeftShoulder/mixamorig:LeftArm/mixamorig:LeftForeArm/mixamorig:LeftHand/mixamorig:LeftHandIndex1/mixamorig:LeftHandIndex2":{"quat":{"offset":22289,"frameCount":342},"scale":{"offset":23999,"frameCount":1},"position":{"offset":24003,"frameCount":1}},"mixamorig:Hips/mixamorig:Spine/mixamorig:Spine1/mixamorig:Spine2/mixamorig:LeftShoulder/mixamorig:LeftArm/mixamorig:LeftForeArm/mixamorig:LeftHand/mixamorig:LeftHandIndex1/mixamorig:LeftHandIndex2/mixamorig:LeftHandIndex3":{"quat":{"offset":24007,"frameCount":332},"scale":{"offset":25667,"frameCount":1},"position":{"offset":25671,"frameCount":1}},"mixamorig:Hips/mixamorig:Spine/mixamorig:Spine1/mixamorig:Spine2/mixamorig:LeftShoulder/mixamorig:LeftArm/mixamorig:LeftForeArm/mixamorig:LeftHand/mixamorig:LeftHandMiddle1":{"quat":{"offset":25675,"frameCount":363},"scale":{"offset":27490,"frameCount":1},"position":{"offset":27494,"frameCount":1}},"mixamorig:Hips/mixamorig:Spine/mixamorig:Spine1/mixamorig:Spine2/mixamorig:LeftShoulder/mixamorig:LeftArm/mixamorig:LeftForeArm/mixamorig:LeftHand/mixamorig:LeftHandMiddle1/mixamorig:LeftHandMiddle2":{"quat":{"offset":27498,"frameCount":352},"scale":{"offset":29258,"frameCount":1},"position":{"offset":29262,"frameCount":1}},"mixamorig:Hips/mixamorig:Spine/mixamorig:Spine1/mixamorig:Spine2/mixamorig:LeftShoulder/mixamorig:LeftArm/mixamorig:LeftForeArm/mixamorig:LeftHand/mixamorig:LeftHandMiddle1/mixamorig:LeftHandMiddle2/mixamorig:LeftHandMiddle3":{"quat":{"offset":29266,"frameCount":352},"scale":{"offset":31026,"frameCount":1},"position":{"offset":31030,"frameCount":1}},"mixamorig:Hips/mixamorig:Spine/mixamorig:Spine1/mixamorig:Spine2/mixamorig:LeftShoulder/mixamorig:LeftArm/mixamorig:LeftForeArm/mixamorig:LeftHand/mixamorig:LeftHandRing1":{"quat":{"offset":31034,"frameCount":356},"scale":{"offset":32814,"frameCount":1},"position":{"offset":32818,"frameCount":1}},"mixamorig:Hips/mixamorig:Spine/mixamorig:Spine1/mixamorig:Spine2/mixamorig:LeftShoulder/mixamorig:LeftArm/mixamorig:LeftForeArm/mixamorig:LeftHand/mixamorig:LeftHandRing1/mixamorig:LeftHandRing2":{"quat":{"offset":32822,"frameCount":354},"scale":{"offset":34592,"frameCount":1},"position":{"offset":34596,"frameCount":1}},"mixamorig:Hips/mixamorig:Spine/mixamorig:Spine1/mixamorig:Spine2/mixamorig:LeftShoulder/mixamorig:LeftArm/mixamorig:LeftForeArm/mixamorig:LeftHand/mixamorig:LeftHandRing1/mixamorig:LeftHandRing2/mixamorig:LeftHandRing3":{"quat":{"offset":34600,"frameCount":350},"scale":{"offset":36350,"frameCount":1},"position":{"offset":36354,"frameCount":1}},"mixamorig:Hips/mixamorig:Spine/mixamorig:Spine1/mixamorig:Spine2/mixamorig:LeftShoulder/mixamorig:LeftArm/mixamorig:LeftForeArm/mixamorig:LeftHand/mixamorig:LeftHandPinky1":{"quat":{"offset":36358,"frameCount":368},"scale":{"offset":38198,"frameCount":1},"position":{"offset":38202,"frameCount":1}},"mixamorig:Hips/mixamorig:Spine/mixamorig:Spine1/mixamorig:Spine2/mixamorig:LeftShoulder/mixamorig:LeftArm/mixamorig:LeftForeArm/mixamorig:LeftHand/mixamorig:LeftHandPinky1/mixamorig:LeftHandPinky2":{"quat":{"offset":38206,"frameCount":366},"scale":{"offset":40036,"frameCount":1},"position":{"offset":40040,"frameCount":1}},"mixamorig:Hips/mixamorig:Spine/mixamorig:Spine1/mixamorig:Spine2/mixamorig:LeftShoulder/mixamorig:LeftArm/mixamorig:LeftForeArm/mixamorig:LeftHand/mixamorig:LeftHandPinky1/mixamorig:LeftHandPinky2/mixamorig:LeftHandPinky3":{"quat":{"offset":40044,"frameCount":357},"scale":{"offset":41829,"frameCount":1},"position":{"offset":41833,"frameCount":1}},"mixamorig:Hips/mixamorig:Spine/mixamorig:Spine1/mixamorig:Spine2/mixamorig:RightShoulder":{"quat":{"offset":41837,"frameCount":379},"scale":{"offset":43732,"frameCount":1},"position":{"offset":43736,"frameCount":1}},"mixamorig:Hips/mixamorig:Spine/mixamorig:Spine1/mixamorig:Spine2/mixamorig:RightShoulder/mixamorig:RightArm":{"quat":{"offset":43740,"frameCount":379},"scale":{"offset":45635,"frameCount":1},"position":{"offset":45639,"frameCount":1}},"mixamorig:Hips/mixamorig:Spine/mixamorig:Spine1/mixamorig:Spine2/mixamorig:RightShoulder/mixamorig:RightArm/mixamorig:RightForeArm":{"quat":{"offset":45643,"frameCount":356},"scale":{"offset":47423,"frameCount":1},"position":{"offset":47427,"frameCount":1}},"mixamorig:Hips/mixamorig:Spine/mixamorig:Spine1/mixamorig:Spine2/mixamorig:RightShoulder/mixamorig:RightArm/mixamorig:RightForeArm/mixamorig:RightHand":{"quat":{"offset":47431,"frameCount":379},"scale":{"offset":49326,"frameCount":1},"position":{"offset":49330,"frameCount":1}},"mixamorig:Hips/mixamorig:Spine/mixamorig:Spine1/mixamorig:Spine2/mixamorig:RightShoulder/mixamorig:RightArm/mixamorig:RightForeArm/mixamorig:RightHand/mixamorig:RightHandPinky1":{"quat":{"offset":49334,"frameCount":371},"scale":{"offset":51189,"frameCount":1},"position":{"offset":51193,"frameCount":1}},"mixamorig:Hips/mixamorig:Spine/mixamorig:Spine1/mixamorig:Spine2/mixamorig:RightShoulder/mixamorig:RightArm/mixamorig:RightForeArm/mixamorig:RightHand/mixamorig:RightHandPinky1/mixamorig:RightHandPinky2":{"quat":{"offset":51197,"frameCount":361},"scale":{"offset":53002,"frameCount":1},"position":{"offset":53006,"frameCount":1}},"mixamorig:Hips/mixamorig:Spine/mixamorig:Spine1/mixamorig:Spine2/mixamorig:RightShoulder/mixamorig:RightArm/mixamorig:RightForeArm/mixamorig:RightHand/mixamorig:RightHandPinky1/mixamorig:RightHandPinky2/mixamorig:RightHandPinky3":{"quat":{"offset":53010,"frameCount":356},"scale":{"offset":54790,"frameCount":1},"position":{"offset":54794,"frameCount":1}},"mixamorig:Hips/mixamorig:Spine/mixamorig:Spine1/mixamorig:Spine2/mixamorig:RightShoulder/mixamorig:RightArm/mixamorig:RightForeArm/mixamorig:RightHand/mixamorig:RightHandRing1":{"quat":{"offset":54798,"frameCount":372},"scale":{"offset":56658,"frameCount":1},"position":{"offset":56662,"frameCount":1}},"mixamorig:Hips/mixamorig:Spine/mixamorig:Spine1/mixamorig:Spine2/mixamorig:RightShoulder/mixamorig:RightArm/mixamorig:RightForeArm/mixamorig:RightHand/mixamorig:RightHandRing1/mixamorig:RightHandRing2":{"quat":{"offset":56666,"frameCount":363},"scale":{"offset":58481,"frameCount":1},"position":{"offset":58485,"frameCount":1}},"mixamorig:Hips/mixamorig:Spine/mixamorig:Spine1/mixamorig:Spine2/mixamorig:RightShoulder/mixamorig:RightArm/mixamorig:RightForeArm/mixamorig:RightHand/mixamorig:RightHandRing1/mixamorig:RightHandRing2/mixamorig:RightHandRing3":{"quat":{"offset":58489,"frameCount":369},"scale":{"offset":60334,"frameCount":1},"position":{"offset":60338,"frameCount":1}},"mixamorig:Hips/mixamorig:Spine/mixamorig:Spine1/mixamorig:Spine2/mixamorig:RightShoulder/mixamorig:RightArm/mixamorig:RightForeArm/mixamorig:RightHand/mixamorig:RightHandMiddle1":{"quat":{"offset":60342,"frameCount":368},"scale":{"offset":62182,"frameCount":1},"position":{"offset":62186,"frameCount":1}},"mixamorig:Hips/mixamorig:Spine/mixamorig:Spine1/mixamorig:Spine2/mixamorig:RightShoulder/mixamorig:RightArm/mixamorig:RightForeArm/mixamorig:RightHand/mixamorig:RightHandMiddle1/mixamorig:RightHandMiddle2":{"quat":{"offset":62190,"frameCount":350},"scale":{"offset":63940,"frameCount":1},"position":{"offset":63944,"frameCount":1}},"mixamorig:Hips/mixamorig:Spine/mixamorig:Spine1/mixamorig:Spine2/mixamorig:RightShoulder/mixamorig:RightArm/mixamorig:RightForeArm/mixamorig:RightHand/mixamorig:RightHandMiddle1/mixamorig:RightHandMiddle2/mixamorig:RightHandMiddle3":{"quat":{"offset":63948,"frameCount":367},"scale":{"offset":65783,"frameCount":1},"position":{"offset":65787,"frameCount":1}},"mixamorig:Hips/mixamorig:Spine/mixamorig:Spine1/mixamorig:Spine2/mixamorig:RightShoulder/mixamorig:RightArm/mixamorig:RightForeArm/mixamorig:RightHand/mixamorig:RightHandIndex1":{"quat":{"offset":65791,"frameCount":375},"scale":{"offset":67666,"frameCount":1},"position":{"offset":67670,"frameCount":1}},"mixamorig:Hips/mixamorig:Spine/mixamorig:Spine1/mixamorig:Spine2/mixamorig:RightShoulder/mixamorig:RightArm/mixamorig:RightForeArm/mixamorig:RightHand/mixamorig:RightHandIndex1/mixamorig:RightHandIndex2":{"quat":{"offset":67674,"frameCount":356},"scale":{"offset":69454,"frameCount":1},"position":{"offset":69458,"frameCount":1}},"mixamorig:Hips/mixamorig:Spine/mixamorig:Spine1/mixamorig:Spine2/mixamorig:RightShoulder/mixamorig:RightArm/mixamorig:RightForeArm/mixamorig:RightHand/mixamorig:RightHandIndex1/mixamorig:RightHandIndex2/mixamorig:RightHandIndex3":{"quat":{"offset":69462,"frameCount":368},"scale":{"offset":71302,"frameCount":1},"position":{"offset":71306,"frameCount":1}},"mixamorig:Hips/mixamorig:Spine/mixamorig:Spine1/mixamorig:Spine2/mixamorig:RightShoulder/mixamorig:RightArm/mixamorig:RightForeArm/mixamorig:RightHand/mixamorig:RightHandThumb1":{"quat":{"offset":71310,"frameCount":42},"scale":{"offset":71520,"frameCount":1},"position":{"offset":71524,"frameCount":1}},"mixamorig:Hips/mixamorig:Spine/mixamorig:Spine1/mixamorig:Spine2/mixamorig:RightShoulder/mixamorig:RightArm/mixamorig:RightForeArm/mixamorig:RightHand/mixamorig:RightHandThumb1/mixamorig:RightHandThumb2":{"quat":{"offset":71528,"frameCount":2},"scale":{"offset":71538,"frameCount":1},"position":{"offset":71542,"frameCount":1}},"mixamorig:Hips/mixamorig:Spine/mixamorig:Spine1/mixamorig:Spine2/mixamorig:RightShoulder/mixamorig:RightArm/mixamorig:RightForeArm/mixamorig:RightHand/mixamorig:RightHandThumb1/mixamorig:RightHandThumb2/mixamorig:RightHandThumb3":{"quat":{"offset":71546,"frameCount":2},"scale":{"offset":71556,"frameCount":1},"position":{"offset":71560,"frameCount":1}},"mixamorig:Hips/mixamorig:LeftUpLeg":{"quat":{"offset":71564,"frameCount":379},"scale":{"offset":73459,"frameCount":1},"position":{"offset":73463,"frameCount":1}},"mixamorig:Hips/mixamorig:LeftUpLeg/mixamorig:LeftLeg":{"quat":{"offset":73467,"frameCount":379},"scale":{"offset":75362,"frameCount":1},"position":{"offset":75366,"frameCount":1}},"mixamorig:Hips/mixamorig:LeftUpLeg/mixamorig:LeftLeg/mixamorig:LeftFoot":{"quat":{"offset":75370,"frameCount":379},"scale":{"offset":77265,"frameCount":1},"position":{"offset":77269,"frameCount":1}},"mixamorig:Hips/mixamorig:LeftUpLeg/mixamorig:LeftLeg/mixamorig:LeftFoot/mixamorig:LeftToeBase":{"quat":{"offset":77273,"frameCount":372},"scale":{"offset":79133,"frameCount":1},"position":{"offset":79137,"frameCount":1}},"mixamorig:Hips/mixamorig:RightUpLeg":{"quat":{"offset":79141,"frameCount":379},"scale":{"offset":81036,"frameCount":1},"position":{"offset":81040,"frameCount":1}},"mixamorig:Hips/mixamorig:RightUpLeg/mixamorig:RightLeg":{"quat":{"offset":81044,"frameCount":379},"scale":{"offset":82939,"frameCount":1},"position":{"offset":82943,"frameCount":1}},"mixamorig:Hips/mixamorig:RightUpLeg/mixamorig:RightLeg/mixamorig:RightFoot":{"quat":{"offset":82947,"frameCount":379},"scale":{"offset":84842,"frameCount":1},"position":{"offset":84846,"frameCount":1}},"mixamorig:Hips/mixamorig:RightUpLeg/mixamorig:RightLeg/mixamorig:RightFoot/mixamorig:RightToeBase":{"quat":{"offset":84850,"frameCount":299},"scale":{"offset":86345,"frameCount":1},"position":{"offset":86349,"frameCount":1}},"mixamorig:Hips/mixamorig:Spine/mixamorig:Spine1/mixamorig:Spine2/mixamorig:Neck/mixamorig:Head/mixamorig:HeadTop_End":{"quat":{"offset":86353,"frameCount":1},"scale":{"offset":86358,"frameCount":1},"position":{"offset":86362,"frameCount":1}},"mixamorig:Hips/mixamorig:Spine/mixamorig:Spine1/mixamorig:Spine2/mixamorig:Neck/mixamorig:Head/mixamorig:LeftEye":{"quat":{"offset":86366,"frameCount":1},"scale":{"offset":86371,"frameCount":1},"position":{"offset":86375,"frameCount":1}},"mixamorig:Hips/mixamorig:Spine/mixamorig:Spine1/mixamorig:Spine2/mixamorig:Neck/mixamorig:Head/mixamorig:RightEye":{"quat":{"offset":86379,"frameCount":1},"scale":{"offset":86384,"frameCount":1},"position":{"offset":86388,"frameCount":1}},"mixamorig:Hips/mixamorig:Spine/mixamorig:Spine1/mixamorig:Spine2/mixamorig:LeftShoulder/mixamorig:LeftArm/mixamorig:LeftForeArm/mixamorig:LeftHand/mixamorig:LeftHandThumb1/mixamorig:LeftHandThumb2/mixamorig:LeftHandThumb3/mixamorig:LeftHandThumb4":{"quat":{"offset":86392,"frameCount":1},"scale":{"offset":86397,"frameCount":1},"position":{"offset":86401,"frameCount":1}},"mixamorig:Hips/mixamorig:Spine/mixamorig:Spine1/mixamorig:Spine2/mixamorig:LeftShoulder/mixamorig:LeftArm/mixamorig:LeftForeArm/mixamorig:LeftHand/mixamorig:LeftHandIndex1/mixamorig:LeftHandIndex2/mixamorig:LeftHandIndex3/mixamorig:LeftHandIndex4":{"quat":{"offset":86405,"frameCount":1},"scale":{"offset":86410,"frameCount":1},"position":{"offset":86414,"frameCount":1}},"mixamorig:Hips/mixamorig:Spine/mixamorig:Spine1/mixamorig:Spine2/mixamorig:LeftShoulder/mixamorig:LeftArm/mixamorig:LeftForeArm/mixamorig:LeftHand/mixamorig:LeftHandMiddle1/mixamorig:LeftHandMiddle2/mixamorig:LeftHandMiddle3/mixamorig:LeftHandMiddle4":{"quat":{"offset":86418,"frameCount":1},"scale":{"offset":86423,"frameCount":1},"position":{"offset":86427,"frameCount":1}},"mixamorig:Hips/mixamorig:Spine/mixamorig:Spine1/mixamorig:Spine2/mixamorig:LeftShoulder/mixamorig:LeftArm/mixamorig:LeftForeArm/mixamorig:LeftHand/mixamorig:LeftHandRing1/mixamorig:LeftHandRing2/mixamorig:LeftHandRing3/mixamorig:LeftHandRing4":{"quat":{"offset":86431,"frameCount":1},"scale":{"offset":86436,"frameCount":1},"position":{"offset":86440,"frameCount":1}},"mixamorig:Hips/mixamorig:Spine/mixamorig:Spine1/mixamorig:Spine2/mixamorig:LeftShoulder/mixamorig:LeftArm/mixamorig:LeftForeArm/mixamorig:LeftHand/mixamorig:LeftHandPinky1/mixamorig:LeftHandPinky2/mixamorig:LeftHandPinky3/mixamorig:LeftHandPinky4":{"quat":{"offset":86444,"frameCount":1},"scale":{"offset":86449,"frameCount":1},"position":{"offset":86453,"frameCount":1}},"mixamorig:Hips/mixamorig:Spine/mixamorig:Spine1/mixamorig:Spine2/mixamorig:RightShoulder/mixamorig:RightArm/mixamorig:RightForeArm/mixamorig:RightHand/mixamorig:RightHandPinky1/mixamorig:RightHandPinky2/mixamorig:RightHandPinky3/mixamorig:RightHandPinky4":{"quat":{"offset":86457,"frameCount":1},"scale":{"offset":86462,"frameCount":1},"position":{"offset":86466,"frameCount":1}},"mixamorig:Hips/mixamorig:Spine/mixamorig:Spine1/mixamorig:Spine2/mixamorig:RightShoulder/mixamorig:RightArm/mixamorig:RightForeArm/mixamorig:RightHand/mixamorig:RightHandRing1/mixamorig:RightHandRing2/mixamorig:RightHandRing3/mixamorig:RightHandRing4":{"quat":{"offset":86470,"frameCount":1},"scale":{"offset":86475,"frameCount":1},"position":{"offset":86479,"frameCount":1}},"mixamorig:Hips/mixamorig:Spine/mixamorig:Spine1/mixamorig:Spine2/mixamorig:RightShoulder/mixamorig:RightArm/mixamorig:RightForeArm/mixamorig:RightHand/mixamorig:RightHandMiddle1/mixamorig:RightHandMiddle2/mixamorig:RightHandMiddle3/mixamorig:RightHandMiddle4":{"quat":{"offset":86483,"frameCount":1},"scale":{"offset":86488,"frameCount":1},"position":{"offset":86492,"frameCount":1}},"mixamorig:Hips/mixamorig:Spine/mixamorig:Spine1/mixamorig:Spine2/mixamorig:RightShoulder/mixamorig:RightArm/mixamorig:RightForeArm/mixamorig:RightHand/mixamorig:RightHandIndex1/mixamorig:RightHandIndex2/mixamorig:RightHandIndex3/mixamorig:RightHandIndex4":{"quat":{"offset":86496,"frameCount":1},"scale":{"offset":86501,"frameCount":1},"position":{"offset":86505,"frameCount":1}},"mixamorig:Hips/mixamorig:Spine/mixamorig:Spine1/mixamorig:Spine2/mixamorig:RightShoulder/mixamorig:RightArm/mixamorig:RightForeArm/mixamorig:RightHand/mixamorig:RightHandThumb1/mixamorig:RightHandThumb2/mixamorig:RightHandThumb3/mixamorig:RightHandThumb4":{"quat":{"offset":86509,"frameCount":1},"scale":{"offset":86514,"frameCount":1},"position":{"offset":86518,"frameCount":1}},"mixamorig:Hips/mixamorig:LeftUpLeg/mixamorig:LeftLeg/mixamorig:LeftFoot/mixamorig:LeftToeBase/mixamorig:LeftToe_End":{"quat":{"offset":86522,"frameCount":1},"scale":{"offset":86527,"frameCount":1},"position":{"offset":86531,"frameCount":1}},"mixamorig:Hips/mixamorig:RightUpLeg/mixamorig:RightLeg/mixamorig:RightFoot/mixamorig:RightToeBase/mixamorig:RightToe_End":{"quat":{"offset":86535,"frameCount":1},"scale":{"offset":86540,"frameCount":1},"position":{"offset":86544,"frameCount":1}},"Beta_Joints":{"quat":{"offset":86548,"frameCount":1},"scale":{"offset":86553,"frameCount":1},"position":{"offset":86557,"frameCount":1}},"Beta_Surface":{"quat":{"offset":86561,"frameCount":1},"scale":{"offset":86566,"frameCount":1},"position":{"offset":86570,"frameCount":1}}}}