{"__type__":"dragonBones.DragonBonesAtlasAsset","_name":"mecha_1502b_tex","_atlasJson":"{\"imagePath\":\"mecha_1502b_tex.png\",\"width\":512,\"SubTexture\":[{\"width\":74,\"y\":93,\"height\":20,\"name\":\"bullet_01_f/bullet_01\",\"x\":307},{\"width\":48,\"y\":1,\"height\":38,\"name\":\"fire_effect_01_f/fireEffect\",\"x\":212},{\"width\":180,\"y\":430,\"height\":52,\"name\":\"flame_01_f/ba_bu_flame1\",\"x\":1},{\"frameX\":-2,\"frameHeight\":234,\"y\":1,\"frameY\":0,\"frameWidth\":86,\"width\":81,\"height\":233,\"name\":\"flame_01_f/bbb\",\"x\":1},{\"width\":44,\"y\":1,\"height\":39,\"name\":\"mecha_1502b_folder/shouder_l_0\",\"x\":319},{\"width\":29,\"y\":77,\"height\":106,\"name\":\"mecha_1502b_folder/foot_l_0\",\"x\":434},{\"width\":50,\"y\":185,\"height\":32,\"name\":\"mecha_1502b_folder/thigh_1_l_0\",\"x\":434},{\"width\":122,\"y\":177,\"height\":46,\"name\":\"mecha_1502b_folder/calf_l\",\"x\":84},{\"width\":101,\"y\":118,\"height\":57,\"name\":\"mecha_1502b_folder/thigh_l\",\"x\":84},{\"width\":41,\"y\":77,\"height\":65,\"name\":\"mecha_1502b_folder/pelvis\",\"x\":465},{\"width\":89,\"y\":236,\"height\":192,\"name\":\"mecha_1502b_folder/chest\",\"x\":1},{\"width\":29,\"y\":77,\"height\":109,\"name\":\"mecha_1502b_folder/foot_r\",\"x\":403},{\"width\":55,\"y\":1,\"height\":32,\"name\":\"mecha_1502b_folder/thigh_1_r_1\",\"x\":262},{\"width\":126,\"y\":1,\"height\":52,\"name\":\"mecha_1502b_folder/calf_r\",\"x\":84},{\"width\":103,\"y\":55,\"height\":61,\"name\":\"mecha_1502b_folder/thigh_r\",\"x\":84},{\"width\":43,\"y\":144,\"height\":39,\"name\":\"mecha_1502b_folder/shouder_r_1\",\"x\":465},{\"width\":116,\"y\":55,\"height\":44,\"name\":\"weapon_1502b_folder/back_l\",\"x\":189},{\"frameX\":0,\"frameHeight\":36,\"y\":39,\"frameY\":0,\"frameWidth\":94,\"width\":93,\"height\":36,\"name\":\"weapon_1502b_folder/image/paoguan_0002\",\"x\":403},{\"width\":94,\"y\":1,\"height\":36,\"name\":\"weapon_1502b_folder/image/paoguan_0001\",\"x\":403},{\"width\":94,\"y\":55,\"height\":36,\"name\":\"weapon_1502b_folder/image/paoguan_0003\",\"x\":307},{\"width\":121,\"y\":118,\"height\":45,\"name\":\"weapon_1502b_folder/back_r\",\"x\":187}],\"height\":512,\"name\":\"mecha_1502b\"}","_texture":{"__uuid__":"bcg8Zt7UlJ74+aYRfmDcSJ"},"texture":{"__uuid__":"bcg8Zt7UlJ74+aYRfmDcSJ"}}