[{"__type__":"cc.Prefab","_name":"box","data":{"__id__":1}},{"__type__":"cc.Node","_name":"box","_components":[{"__type__":"cc.MeshRenderer","node":{"__id__":1},"_materials":[{"__uuid__":"a5hJI5OtNB0Yq0rp/qEfl/"}],"_mesh":{"__uuid__":"04bxcsFXRIi7u4ZBWprblt"}}],"_prefab":{"__type__":"cc.PrefabInfo","root":{"__id__":1},"asset":{"__uuid__":"a8fMFHAbJD+I5Cp8qQsMdX"},"fileId":"04A14e1BZJxrPk6zgr35H5"},"_trs":{"__type__":"TypedArray","ctor":"Float64Array","array":[0,0,0,0,0,0,1,1,1,1]},"_is3DNode":true}]