{"__type__":"sp.SkeletonData","_name":"raptor-pro","_native":".bin","_atlasText":"\r\nraptor.png\r\nsize: 1024,512\r\nformat: RGBA8888\r\nfilter: Linear,Linear\r\nrepeat: none\r\nback-arm\r\n  rotate: false\r\n  xy: 895, 295\r\n  size: 46, 25\r\n  orig: 46, 25\r\n  offset: 0, 0\r\n  index: -1\r\nback-bracer\r\n  rotate: true\r\n  xy: 992, 216\r\n  size: 39, 28\r\n  orig: 39, 28\r\n  offset: 0, 0\r\n  index: -1\r\nback-hand\r\n  rotate: false\r\n  xy: 594, 58\r\n  size: 36, 34\r\n  orig: 36, 34\r\n  offset: 0, 0\r\n  index: -1\r\nback-knee\r\n  rotate: true\r\n  xy: 729, 86\r\n  size: 49, 67\r\n  orig: 49, 67\r\n  offset: 0, 0\r\n  index: -1\r\nback-thigh\r\n  rotate: false\r\n  xy: 379, 2\r\n  size: 39, 24\r\n  orig: 39, 24\r\n  offset: 0, 0\r\n  index: -1\r\neyes-open\r\n  rotate: true\r\n  xy: 902, 194\r\n  size: 47, 45\r\n  orig: 47, 45\r\n  offset: 0, 0\r\n  index: -1\r\nfront-arm\r\n  rotate: false\r\n  xy: 945, 306\r\n  size: 48, 26\r\n  orig: 48, 26\r\n  offset: 0, 0\r\n  index: -1\r\nfront-bracer\r\n  rotate: false\r\n  xy: 949, 197\r\n  size: 41, 29\r\n  orig: 41, 29\r\n  offset: 0, 0\r\n  index: -1\r\nfront-hand\r\n  rotate: false\r\n  xy: 949, 266\r\n  size: 41, 38\r\n  orig: 41, 38\r\n  offset: 0, 0\r\n  index: -1\r\nfront-open-hand\r\n  rotate: false\r\n  xy: 875, 148\r\n  size: 43, 44\r\n  orig: 43, 44\r\n  offset: 0, 0\r\n  index: -1\r\nfront-thigh\r\n  rotate: true\r\n  xy: 793, 171\r\n  size: 57, 29\r\n  orig: 57, 29\r\n  offset: 0, 0\r\n  index: -1\r\ngun\r\n  rotate: true\r\n  xy: 379, 28\r\n  size: 107, 103\r\n  orig: 107, 103\r\n  offset: 0, 0\r\n  index: -1\r\ngun-nohand\r\n  rotate: false\r\n  xy: 487, 87\r\n  size: 105, 102\r\n  orig: 105, 102\r\n  offset: 0, 0\r\n  index: -1\r\nhead\r\n  rotate: false\r\n  xy: 807, 361\r\n  size: 136, 149\r\n  orig: 136, 149\r\n  offset: 0, 0\r\n  index: -1\r\nlower-leg\r\n  rotate: false\r\n  xy: 827, 195\r\n  size: 73, 98\r\n  orig: 73, 98\r\n  offset: 0, 0\r\n  index: -1\r\nmouth-grind\r\n  rotate: true\r\n  xy: 920, 145\r\n  size: 47, 30\r\n  orig: 47, 30\r\n  offset: 0, 0\r\n  index: -1\r\nmouth-smile\r\n  rotate: true\r\n  xy: 992, 257\r\n  size: 47, 30\r\n  orig: 47, 30\r\n  offset: 0, 0\r\n  index: -1\r\nneck\r\n  rotate: false\r\n  xy: 359, 114\r\n  size: 18, 21\r\n  orig: 18, 21\r\n  offset: 0, 0\r\n  index: -1\r\nraptor-back-arm\r\n  rotate: false\r\n  xy: 653, 142\r\n  size: 82, 86\r\n  orig: 82, 86\r\n  offset: 0, 0\r\n  index: -1\r\nraptor-body\r\n  rotate: false\r\n  xy: 2, 277\r\n  size: 632, 233\r\n  orig: 632, 233\r\n  offset: 0, 0\r\n  index: -1\r\nraptor-front-arm\r\n  rotate: true\r\n  xy: 484, 4\r\n  size: 81, 102\r\n  orig: 81, 102\r\n  offset: 0, 0\r\n  index: -1\r\nraptor-front-leg\r\n  rotate: false\r\n  xy: 2, 18\r\n  size: 191, 257\r\n  orig: 191, 257\r\n  offset: 0, 0\r\n  index: -1\r\nraptor-hindleg-back\r\n  rotate: false\r\n  xy: 636, 295\r\n  size: 169, 215\r\n  orig: 169, 215\r\n  offset: 0, 0\r\n  index: -1\r\nraptor-horn\r\n  rotate: false\r\n  xy: 195, 22\r\n  size: 182, 80\r\n  orig: 182, 80\r\n  offset: 0, 0\r\n  index: -1\r\nraptor-horn-back\r\n  rotate: true\r\n  xy: 945, 334\r\n  size: 176, 77\r\n  orig: 176, 77\r\n  offset: 0, 0\r\n  index: -1\r\nraptor-jaw\r\n  rotate: false\r\n  xy: 359, 137\r\n  size: 126, 138\r\n  orig: 126, 138\r\n  offset: 0, 0\r\n  index: -1\r\nraptor-jaw-tooth\r\n  rotate: true\r\n  xy: 895, 322\r\n  size: 37, 48\r\n  orig: 37, 48\r\n  offset: 0, 0\r\n  index: -1\r\nraptor-mouth-inside\r\n  rotate: true\r\n  xy: 949, 228\r\n  size: 36, 41\r\n  orig: 36, 41\r\n  offset: 0, 0\r\n  index: -1\r\nraptor-saddle-strap-back\r\n  rotate: true\r\n  xy: 653, 86\r\n  size: 54, 74\r\n  orig: 54, 74\r\n  offset: 0, 0\r\n  index: -1\r\nraptor-saddle-strap-front\r\n  rotate: false\r\n  xy: 594, 94\r\n  size: 57, 95\r\n  orig: 57, 95\r\n  offset: 0, 0\r\n  index: -1\r\nraptor-saddle-w-shadow\r\n  rotate: false\r\n  xy: 195, 104\r\n  size: 162, 171\r\n  orig: 162, 171\r\n  offset: 0, 0\r\n  index: -1\r\nraptor-tail-shadow\r\n  rotate: false\r\n  xy: 636, 230\r\n  size: 189, 63\r\n  orig: 189, 63\r\n  offset: 0, 0\r\n  index: -1\r\nraptor-tongue\r\n  rotate: false\r\n  xy: 807, 295\r\n  size: 86, 64\r\n  orig: 86, 64\r\n  offset: 0, 0\r\n  index: -1\r\nstirrup-back\r\n  rotate: true\r\n  xy: 952, 151\r\n  size: 44, 35\r\n  orig: 44, 35\r\n  offset: 0, 0\r\n  index: -1\r\nstirrup-front\r\n  rotate: false\r\n  xy: 902, 243\r\n  size: 45, 50\r\n  orig: 45, 50\r\n  offset: 0, 0\r\n  index: -1\r\nstirrup-strap\r\n  rotate: false\r\n  xy: 824, 147\r\n  size: 49, 46\r\n  orig: 49, 46\r\n  offset: 0, 0\r\n  index: -1\r\ntorso\r\n  rotate: false\r\n  xy: 737, 137\r\n  size: 54, 91\r\n  orig: 54, 91\r\n  offset: 0, 0\r\n  index: -1\r\nvisor\r\n  rotate: false\r\n  xy: 487, 191\r\n  size: 131, 84\r\n  orig: 131, 84\r\n  offset: 0, 0\r\n  index: -1\r\n","textures":[{"__uuid__":"8aaz2OGnRMTpzOyC39WFDv"}],"textureNames":["raptor.png"]}