{"__type__":"dragonBones.DragonBonesAtlasAsset","_name":"mecha_1004d_show_tex","_atlasJson":"{\"SubTexture\":[{\"width\":119,\"y\":540,\"height\":101,\"name\":\"mecha_1004d_folder/shouder_r\",\"x\":439},{\"frameX\":0,\"frameHeight\":95,\"y\":536,\"frameY\":0,\"frameWidth\":179,\"width\":179,\"height\":94,\"name\":\"mecha_1004d_folder/forearm_r\",\"x\":1},{\"width\":48,\"y\":536,\"height\":41,\"name\":\"mecha_1004d_folder/hand_r\",\"x\":238},{\"width\":293,\"y\":448,\"height\":86,\"name\":\"weapon_1004_r\",\"x\":1},{\"width\":150,\"y\":459,\"height\":92,\"name\":\"mecha_1004d_folder/thigh_r\",\"x\":650},{\"frameX\":0,\"frameHeight\":83,\"y\":581,\"frameY\":0,\"frameWidth\":122,\"width\":122,\"height\":82,\"name\":\"mecha_1004d_folder/calf_r\",\"x\":299},{\"width\":48,\"y\":314,\"height\":148,\"name\":\"mecha_1004d_folder/foot_r\",\"x\":975},{\"width\":288,\"y\":1,\"height\":331,\"name\":\"mecha_1004d_folder/chest\",\"x\":386},{\"frameX\":0,\"frameHeight\":117,\"y\":334,\"frameY\":0,\"frameWidth\":118,\"width\":118,\"height\":116,\"name\":\"mecha_1004d_folder/pelvis\",\"x\":545},{\"frameX\":0,\"frameHeight\":92,\"y\":581,\"frameY\":0,\"frameWidth\":116,\"width\":115,\"height\":91,\"name\":\"mecha_1004d_folder/thigh_l\",\"x\":182},{\"width\":147,\"y\":632,\"height\":65,\"name\":\"mecha_1004d_folder/calf_l\",\"x\":1},{\"width\":58,\"y\":540,\"height\":61,\"name\":\"mecha_1004d_folder/foot_l\",\"x\":560},{\"width\":297,\"y\":314,\"height\":143,\"name\":\"weapon_1004b_l\",\"x\":676},{\"width\":328,\"y\":263,\"height\":183,\"name\":\"weapon_1004d_l\",\"x\":1},{\"frameX\":0,\"frameHeight\":160,\"y\":1,\"frameY\":0,\"frameWidth\":323,\"width\":323,\"height\":159,\"name\":\"weapon_1004c_l\",\"x\":676},{\"width\":212,\"y\":334,\"height\":120,\"name\":\"weapon_1004_l\",\"x\":331},{\"width\":383,\"y\":1,\"height\":260,\"name\":\"weapon_1004e_l\",\"x\":1},{\"width\":54,\"y\":536,\"height\":40,\"name\":\"mecha_1004d_folder/hand_l\",\"x\":182},{\"width\":141,\"y\":456,\"height\":123,\"name\":\"mecha_1004d_folder/shouder_l\",\"x\":296},{\"width\":209,\"y\":456,\"height\":82,\"name\":\"mecha_1004d_folder/forearm_l\",\"x\":439},{\"frameX\":0,\"frameHeight\":150,\"y\":162,\"frameY\":0,\"frameWidth\":315,\"width\":313,\"height\":150,\"name\":\"logo\",\"x\":676}],\"width\":1024,\"height\":1024,\"name\":\"mecha_1004d_show\",\"imagePath\":\"mecha_1004d_show_tex.png\"}","_texture":{"__uuid__":"3a1Bu+cSBItYWO/VpveW8z"},"texture":{"__uuid__":"3a1Bu+cSBItYWO/VpveW8z"}}