[{"__type__":"cc.SpriteFrame","content":{"name":"default_btn_disabled","texture":"71VhFCTINJM6/Ky3oX9nBT","rect":[0,0,40,40],"offset":[0,0],"originalSize":[40,40],"capInsets":[12,12,12,12]}},[{"__type__":"cc.SceneAsset","_name":"particle-shape","scene":{"__id__":1},"asyncLoadAssets":null},{"__type__":"cc.Scene","_name":"New Node","_children":[{"__id__":2},{"__id__":3},{"__id__":4},{"__id__":5},{"__id__":6},{"__id__":7},{"__id__":8},{"__id__":9},{"__id__":10},{"__id__":11},{"__id__":12},{"__id__":13},{"__id__":14},{"__id__":15},{"__id__":16},{"__id__":17},{"__id__":18}],"_anchorPoint":{"__type__":"cc.Vec2"},"_trs":{"__type__":"TypedArray","ctor":"Float64Array","array":[0,0,0,0,0,0,1,1,1,1]},"autoReleaseAssets":false},{"__type__":"cc.Node","_name":"3DCamera","_parent":{"__id__":1},"_components":[{"__type__":"cc.Camera","node":{"__id__":2},"_cullingMask":-129,"_clearFlags":7,"_depth":-1,"_ortho":false,"_alignWithScreen":false}],"_contentSize":{"__type__":"cc.Size","width":960,"height":640},"_trs":{"__type__":"TypedArray","ctor":"Float64Array","array":[494,322,20,-0.08715574274765817,0,0,0.9961946980917455,1,1,1]},"_eulerAngles":{"__type__":"cc.Vec3","x":-10},"_is3DNode":true,"_id":"e1WoFrQ79G7r4ZuQE3HlNb"},{"__type__":"cc.Node","_name":"box_volume","_parent":{"__id__":1},"_components":[{"__type__":"cc.ParticleSystem3D","node":{"__id__":3},"_materials":[{"__uuid__":"43L6CczwNM/6GGmCYEQIoH"}],"startDelay":{"__type__":"cc.CurveRange"},"startLifetime":{"__type__":"cc.CurveRange","constant":5},"startColor":{"__type__":"cc.GradientRange"},"startSize":{"__type__":"cc.CurveRange","constant":0.2},"startSpeed":{"__type__":"cc.CurveRange"},"startRotation":{"__type__":"cc.CurveRange"},"gravityModifier":{"__type__":"cc.CurveRange"},"rateOverTime":{"__type__":"cc.CurveRange","constant":10.3},"rateOverDistance":{"__type__":"cc.CurveRange"},"_shapeModule":{"__type__":"cc.ShapeModule","enable":true,"_shapeType":0,"arcSpeed":{"__type__":"cc.CurveRange"}}}],"_trs":{"__type__":"TypedArray","ctor":"Float64Array","array":[480,320,0,0,0,0,1,1,1,1]},"_is3DNode":true,"_id":"b0qz6XNaZHVJkqU25zKj0N"},{"__type__":"cc.Node","_name":"box_edge","_parent":{"__id__":1},"_components":[{"__type__":"cc.ParticleSystem3D","node":{"__id__":4},"_materials":[{"__uuid__":"43L6CczwNM/6GGmCYEQIoH"}],"startDelay":{"__type__":"cc.CurveRange"},"startLifetime":{"__type__":"cc.CurveRange","constant":5},"startColor":{"__type__":"cc.GradientRange"},"startSize":{"__type__":"cc.CurveRange","constant":0.2},"startSpeed":{"__type__":"cc.CurveRange"},"startRotation":{"__type__":"cc.CurveRange"},"gravityModifier":{"__type__":"cc.CurveRange"},"rateOverTime":{"__type__":"cc.CurveRange","constant":20},"rateOverDistance":{"__type__":"cc.CurveRange"},"_shapeModule":{"__type__":"cc.ShapeModule","enable":true,"_shapeType":0,"emitFrom":1,"arcSpeed":{"__type__":"cc.CurveRange"}}}],"_trs":{"__type__":"TypedArray","ctor":"Float64Array","array":[482,320,0,0,0,0,1,1,1,1]},"_is3DNode":true,"_id":"efimMq7XxObr9b9ZRwscPh"},{"__type__":"cc.Node","_name":"box_shell","_parent":{"__id__":1},"_components":[{"__type__":"cc.ParticleSystem3D","node":{"__id__":5},"_materials":[{"__uuid__":"43L6CczwNM/6GGmCYEQIoH"}],"startDelay":{"__type__":"cc.CurveRange"},"startLifetime":{"__type__":"cc.CurveRange","constant":5},"startColor":{"__type__":"cc.GradientRange"},"startSize":{"__type__":"cc.CurveRange","constant":0.2},"startSpeed":{"__type__":"cc.CurveRange"},"startRotation":{"__type__":"cc.CurveRange"},"gravityModifier":{"__type__":"cc.CurveRange"},"rateOverTime":{"__type__":"cc.CurveRange","constant":30},"rateOverDistance":{"__type__":"cc.CurveRange"},"_shapeModule":{"__type__":"cc.ShapeModule","enable":true,"_shapeType":0,"emitFrom":2,"arcSpeed":{"__type__":"cc.CurveRange"}}}],"_trs":{"__type__":"TypedArray","ctor":"Float64Array","array":[484,320,0,0,0,0,1,1,1,1]},"_is3DNode":true,"_id":"d6ncaeOy5EGZrhIWZrFeTW"},{"__type__":"cc.Node","_name":"circle_thickness","_parent":{"__id__":1},"_components":[{"__type__":"cc.ParticleSystem3D","node":{"__id__":6},"_materials":[{"__uuid__":"43L6CczwNM/6GGmCYEQIoH"}],"startDelay":{"__type__":"cc.CurveRange"},"startLifetime":{"__type__":"cc.CurveRange","constant":5},"startColor":{"__type__":"cc.GradientRange"},"startSize":{"__type__":"cc.CurveRange","constant":0.2},"startSpeed":{"__type__":"cc.CurveRange"},"startRotation":{"__type__":"cc.CurveRange"},"gravityModifier":{"__type__":"cc.CurveRange"},"rateOverTime":{"__type__":"cc.CurveRange","constant":20},"rateOverDistance":{"__type__":"cc.CurveRange"},"_shapeModule":{"__type__":"cc.ShapeModule","enable":true,"_shapeType":1,"radius":0.5,"radiusThickness":0.3,"arcSpread":0.125,"arcSpeed":{"__type__":"cc.CurveRange","constant":2}}}],"_trs":{"__type__":"TypedArray","ctor":"Float64Array","array":[486,320,0,0,0,0,1,1,1,1]},"_is3DNode":true,"_id":"e2cLL15MBEI7MGriq87E9o"},{"__type__":"cc.Node","_name":"circle_arc_loop","_parent":{"__id__":1},"_components":[{"__type__":"cc.ParticleSystem3D","node":{"__id__":7},"_materials":[{"__uuid__":"43L6CczwNM/6GGmCYEQIoH"}],"startDelay":{"__type__":"cc.CurveRange"},"startLifetime":{"__type__":"cc.CurveRange","constant":5},"startColor":{"__type__":"cc.GradientRange"},"startSize":{"__type__":"cc.CurveRange","constant":0.2},"startSpeed":{"__type__":"cc.CurveRange"},"startRotation":{"__type__":"cc.CurveRange"},"gravityModifier":{"__type__":"cc.CurveRange"},"rateOverTime":{"__type__":"cc.CurveRange","constant":10},"rateOverDistance":{"__type__":"cc.CurveRange"},"_shapeModule":{"__type__":"cc.ShapeModule","enable":true,"_shapeType":1,"radius":0.5,"arcMode":1,"arcSpread":0.1,"arcSpeed":{"__type__":"cc.CurveRange","constant":0.5}}}],"_trs":{"__type__":"TypedArray","ctor":"Float64Array","array":[488,320,0,0,0,0,1,1,1,1]},"_is3DNode":true,"_id":"4eN2SjJfVC/q3+4XqbKWny"},{"__type__":"cc.Node","_name":"circle_arc_pingpong","_parent":{"__id__":1},"_components":[{"__type__":"cc.ParticleSystem3D","node":{"__id__":8},"_materials":[{"__uuid__":"43L6CczwNM/6GGmCYEQIoH"}],"startDelay":{"__type__":"cc.CurveRange"},"startLifetime":{"__type__":"cc.CurveRange","constant":5},"startColor":{"__type__":"cc.GradientRange"},"startSize":{"__type__":"cc.CurveRange","constant":0.2},"startSpeed":{"__type__":"cc.CurveRange"},"startRotation":{"__type__":"cc.CurveRange"},"gravityModifier":{"__type__":"cc.CurveRange"},"rateOverTime":{"__type__":"cc.CurveRange","constant":10},"rateOverDistance":{"__type__":"cc.CurveRange"},"_shapeModule":{"__type__":"cc.ShapeModule","enable":true,"_shapeType":1,"radius":0.5,"arcMode":2,"arcSpread":0.1,"arcSpeed":{"__type__":"cc.CurveRange","constant":1}}}],"_trs":{"__type__":"TypedArray","ctor":"Float64Array","array":[490,320,0,0,0,0,1,1,1,1]},"_is3DNode":true,"_id":"0dDYlU1apFBKTTTSV07Zt+"},{"__type__":"cc.Node","_name":"cone_volume","_parent":{"__id__":1},"_components":[{"__type__":"cc.ParticleSystem3D","node":{"__id__":9},"_materials":[{"__uuid__":"43L6CczwNM/6GGmCYEQIoH"}],"startDelay":{"__type__":"cc.CurveRange"},"startLifetime":{"__type__":"cc.CurveRange","constant":5},"startColor":{"__type__":"cc.GradientRange"},"startSize":{"__type__":"cc.CurveRange","constant":0.2},"startSpeed":{"__type__":"cc.CurveRange"},"startRotation":{"__type__":"cc.CurveRange"},"gravityModifier":{"__type__":"cc.CurveRange"},"rateOverTime":{"__type__":"cc.CurveRange","constant":20},"rateOverDistance":{"__type__":"cc.CurveRange"},"_shapeModule":{"__type__":"cc.ShapeModule","enable":true,"radius":0.1,"arcSpeed":{"__type__":"cc.CurveRange","constant":8},"length":2}}],"_trs":{"__type__":"TypedArray","ctor":"Float64Array","array":[492,320,0,0.7071067811865475,0,0,0.7071067811865476,1,1,1]},"_eulerAngles":{"__type__":"cc.Vec3","x":90},"_is3DNode":true,"_id":"3cDHWUL9tLQozlHPP7r9lO"},{"__type__":"cc.Node","_name":"cone_base","_parent":{"__id__":1},"_components":[{"__type__":"cc.ParticleSystem3D","node":{"__id__":10},"_materials":[{"__uuid__":"43L6CczwNM/6GGmCYEQIoH"}],"startDelay":{"__type__":"cc.CurveRange"},"startLifetime":{"__type__":"cc.CurveRange","constant":5},"startColor":{"__type__":"cc.GradientRange"},"startSize":{"__type__":"cc.CurveRange","constant":0.2},"startSpeed":{"__type__":"cc.CurveRange"},"startRotation":{"__type__":"cc.CurveRange"},"gravityModifier":{"__type__":"cc.CurveRange"},"rateOverTime":{"__type__":"cc.CurveRange","constant":10},"rateOverDistance":{"__type__":"cc.CurveRange"},"_shapeModule":{"__type__":"cc.ShapeModule","enable":true,"emitFrom":0,"radius":0.5,"arcSpread":8,"arcSpeed":{"__type__":"cc.CurveRange"},"length":2}}],"_trs":{"__type__":"TypedArray","ctor":"Float64Array","array":[494,320,0,0.7071067811865475,0,0,0.7071067811865476,1,1,1]},"_eulerAngles":{"__type__":"cc.Vec3","x":90},"_is3DNode":true,"_id":"c7m0qt0PBH97dpU/Cjw62d"},{"__type__":"cc.Node","_name":"cone_volume_thick0","_parent":{"__id__":1},"_components":[{"__type__":"cc.ParticleSystem3D","node":{"__id__":11},"_materials":[{"__uuid__":"43L6CczwNM/6GGmCYEQIoH"}],"startDelay":{"__type__":"cc.CurveRange"},"startLifetime":{"__type__":"cc.CurveRange","constant":5},"startColor":{"__type__":"cc.GradientRange"},"startSize":{"__type__":"cc.CurveRange","constant":0.2},"startSpeed":{"__type__":"cc.CurveRange"},"startRotation":{"__type__":"cc.CurveRange"},"gravityModifier":{"__type__":"cc.CurveRange"},"rateOverTime":{"__type__":"cc.CurveRange","constant":10},"rateOverDistance":{"__type__":"cc.CurveRange"},"_shapeModule":{"__type__":"cc.ShapeModule","enable":true,"radius":0.5,"radiusThickness":0,"arcSpread":8,"arcSpeed":{"__type__":"cc.CurveRange"},"length":2}}],"_trs":{"__type__":"TypedArray","ctor":"Float64Array","array":[496,320,0,0.7071067811865475,0,0,0.7071067811865476,1,1,1]},"_eulerAngles":{"__type__":"cc.Vec3","x":90},"_is3DNode":true,"_id":"58YZwojvFCarwFM4aGmXe3"},{"__type__":"cc.Node","_name":"cone_base_thick0","_parent":{"__id__":1},"_components":[{"__type__":"cc.ParticleSystem3D","node":{"__id__":12},"_materials":[{"__uuid__":"43L6CczwNM/6GGmCYEQIoH"}],"startDelay":{"__type__":"cc.CurveRange"},"startLifetime":{"__type__":"cc.CurveRange","constant":5},"startColor":{"__type__":"cc.GradientRange"},"startSize":{"__type__":"cc.CurveRange","constant":0.2},"startSpeed":{"__type__":"cc.CurveRange"},"startRotation":{"__type__":"cc.CurveRange"},"gravityModifier":{"__type__":"cc.CurveRange"},"rateOverTime":{"__type__":"cc.CurveRange","constant":10},"rateOverDistance":{"__type__":"cc.CurveRange"},"_shapeModule":{"__type__":"cc.ShapeModule","enable":true,"emitFrom":0,"radius":0.5,"radiusThickness":0,"arcSpread":8,"arcSpeed":{"__type__":"cc.CurveRange"},"length":2}}],"_trs":{"__type__":"TypedArray","ctor":"Float64Array","array":[498,320,0,0.7071067811865475,0,0,0.7071067811865476,1,1,1]},"_eulerAngles":{"__type__":"cc.Vec3","x":90},"_is3DNode":true,"_id":"40tQvDagZBGpx9gEMgtgRt"},{"__type__":"cc.Node","_name":"cone_base_thick0_arc_loop","_parent":{"__id__":1},"_components":[{"__type__":"cc.ParticleSystem3D","node":{"__id__":13},"_materials":[{"__uuid__":"43L6CczwNM/6GGmCYEQIoH"}],"startDelay":{"__type__":"cc.CurveRange"},"startLifetime":{"__type__":"cc.CurveRange","constant":5},"startColor":{"__type__":"cc.GradientRange"},"startSize":{"__type__":"cc.CurveRange","constant":0.2},"startSpeed":{"__type__":"cc.CurveRange","constant":1},"startRotation":{"__type__":"cc.CurveRange"},"gravityModifier":{"__type__":"cc.CurveRange"},"rateOverTime":{"__type__":"cc.CurveRange","constant":10},"rateOverDistance":{"__type__":"cc.CurveRange"},"_shapeModule":{"__type__":"cc.ShapeModule","enable":true,"emitFrom":0,"radius":0.5,"radiusThickness":0,"arcMode":1,"arcSpread":0.05,"arcSpeed":{"__type__":"cc.CurveRange","constant":0.5},"length":2}}],"_trs":{"__type__":"TypedArray","ctor":"Float64Array","array":[500,320,0,0.7071067811865475,0,0,0.7071067811865476,1,1,1]},"_eulerAngles":{"__type__":"cc.Vec3","x":90},"_is3DNode":true,"_id":"0cbukVpo1DvqR1Dre4q1GJ"},{"__type__":"cc.Node","_name":"sphere_volume","_parent":{"__id__":1},"_components":[{"__type__":"cc.ParticleSystem3D","node":{"__id__":14},"_materials":[{"__uuid__":"43L6CczwNM/6GGmCYEQIoH"}],"startDelay":{"__type__":"cc.CurveRange"},"startLifetime":{"__type__":"cc.CurveRange","constant":5},"startColor":{"__type__":"cc.GradientRange"},"startSize":{"__type__":"cc.CurveRange","constant":0.2},"startSpeed":{"__type__":"cc.CurveRange"},"startRotation":{"__type__":"cc.CurveRange"},"gravityModifier":{"__type__":"cc.CurveRange"},"rateOverTime":{"__type__":"cc.CurveRange","constant":10},"rateOverDistance":{"__type__":"cc.CurveRange"},"_shapeModule":{"__type__":"cc.ShapeModule","enable":true,"_shapeType":3,"radius":0.5,"arcMode":1,"arcSpread":0.1,"arcSpeed":{"__type__":"cc.CurveRange","constant":1}}}],"_trs":{"__type__":"TypedArray","ctor":"Float64Array","array":[502,320,0,0,0,0,1,1,1,1]},"_is3DNode":true,"_id":"a9b02JaGdDkIFQGkfaw0Y/"},{"__type__":"cc.Node","_name":"sphere_shell","_parent":{"__id__":1},"_components":[{"__type__":"cc.ParticleSystem3D","node":{"__id__":15},"_materials":[{"__uuid__":"43L6CczwNM/6GGmCYEQIoH"}],"startDelay":{"__type__":"cc.CurveRange"},"startLifetime":{"__type__":"cc.CurveRange","constant":5},"startColor":{"__type__":"cc.GradientRange"},"startSize":{"__type__":"cc.CurveRange","constant":0.2},"startSpeed":{"__type__":"cc.CurveRange"},"startRotation":{"__type__":"cc.CurveRange"},"gravityModifier":{"__type__":"cc.CurveRange"},"rateOverTime":{"__type__":"cc.CurveRange","constant":10},"rateOverDistance":{"__type__":"cc.CurveRange"},"_shapeModule":{"__type__":"cc.ShapeModule","enable":true,"_shapeType":3,"emitFrom":2,"radius":0.5,"arcSpread":8,"arcSpeed":{"__type__":"cc.CurveRange"}}}],"_trs":{"__type__":"TypedArray","ctor":"Float64Array","array":[504,320,0,0,0,0,1,1,1,1]},"_is3DNode":true,"_id":"c157PAMYhC/K0jf94NcX9i"},{"__type__":"cc.Node","_name":"hemisphere_volume","_parent":{"__id__":1},"_components":[{"__type__":"cc.ParticleSystem3D","node":{"__id__":16},"_materials":[{"__uuid__":"43L6CczwNM/6GGmCYEQIoH"}],"startDelay":{"__type__":"cc.CurveRange"},"startLifetime":{"__type__":"cc.CurveRange","constant":5},"startColor":{"__type__":"cc.GradientRange"},"startSize":{"__type__":"cc.CurveRange","constant":0.2},"startSpeed":{"__type__":"cc.CurveRange"},"startRotation":{"__type__":"cc.CurveRange"},"gravityModifier":{"__type__":"cc.CurveRange"},"rateOverTime":{"__type__":"cc.CurveRange","constant":10},"rateOverDistance":{"__type__":"cc.CurveRange"},"_shapeModule":{"__type__":"cc.ShapeModule","enable":true,"_shapeType":4,"radius":0.5,"arcSpread":0.1,"arcSpeed":{"__type__":"cc.CurveRange","constant":1}}}],"_trs":{"__type__":"TypedArray","ctor":"Float64Array","array":[506,320,0,0,0,0,1,1,1,1]},"_is3DNode":true,"_id":"a5GqAQ+WBG5bKHmy8a4jOj"},{"__type__":"cc.Node","_name":"hemisphere_shell","_parent":{"__id__":1},"_components":[{"__type__":"cc.ParticleSystem3D","node":{"__id__":17},"_materials":[{"__uuid__":"43L6CczwNM/6GGmCYEQIoH"}],"startDelay":{"__type__":"cc.CurveRange"},"startLifetime":{"__type__":"cc.CurveRange","constant":5},"startColor":{"__type__":"cc.GradientRange"},"startSize":{"__type__":"cc.CurveRange","constant":0.2},"startSpeed":{"__type__":"cc.CurveRange"},"startRotation":{"__type__":"cc.CurveRange"},"gravityModifier":{"__type__":"cc.CurveRange"},"rateOverTime":{"__type__":"cc.CurveRange","constant":10},"rateOverDistance":{"__type__":"cc.CurveRange"},"_shapeModule":{"__type__":"cc.ShapeModule","enable":true,"_shapeType":4,"emitFrom":2,"radius":0.5,"arcSpread":8,"arcSpeed":{"__type__":"cc.CurveRange"}}}],"_trs":{"__type__":"TypedArray","ctor":"Float64Array","array":[508,320,0,0,0,0,1,1,1,1]},"_is3DNode":true,"_id":"0fdoIdOgxL75vyxIRF22SK"},{"__type__":"cc.Node","_name":"Canvas","_parent":{"__id__":1},"_children":[{"__id__":19},{"__id__":20}],"_components":[{"__type__":"cc.Canvas","node":{"__id__":18}},{"__type__":"cc.Widget","node":{"__id__":18},"_alignFlags":45}],"_contentSize":{"__type__":"cc.Size","width":960,"height":640},"_trs":{"__type__":"TypedArray","ctor":"Float64Array","array":[480,320,0,0,0,0,1,1,1,1]},"_id":"a5esZu+45LA5mBpvttspPD"},{"__type__":"cc.Node","_name":"Main Camera","_parent":{"__id__":18},"_components":[{"__type__":"cc.Camera","node":{"__id__":19},"_cullingMask":0,"_depth":-1}],"_trs":{"__type__":"TypedArray","ctor":"Float64Array","array":[0,0,252.8794179050561,0,0,0,1,1,1,1]}},{"__type__":"cc.Node","_name":"Tips","_parent":{"__id__":18},"_children":[{"__id__":21},{"__id__":22}],"_components":[{"__type__":"b71d3yctLlH0bVfbZXKVJIY","node":{"__id__":20}}],"_prefab":{"__type__":"cc.PrefabInfo","root":{"__id__":20},"asset":{"__uuid__":"a74mwN3Q5Ht4wFbg5wegAn"},"fileId":"b0lbEfCndDEJdHHJ7piqFe"},"_trs":{"__type__":"TypedArray","ctor":"Float64Array","array":[0,0,0,0,0,0,1,1,1,1]}},{"__type__":"cc.Node","_name":"UICamera","_parent":{"__id__":20},"_components":[{"__type__":"cc.Camera","node":{"__id__":21},"_cullingMask":128,"_nearClip":0.1}],"_prefab":{"__type__":"cc.PrefabInfo","root":{"__id__":20},"asset":{"__uuid__":"a74mwN3Q5Ht4wFbg5wegAn"},"fileId":"c1wQiISyNAdrdkEJ9otmnO"},"_trs":{"__type__":"TypedArray","ctor":"Float64Array","array":[0,0,252.8794179050561,0,0,0,1,1,1,1]},"_groupIndex":7,"groupIndex":7},{"__type__":"cc.Node","_name":"Panel","_parent":{"__id__":20},"_children":[{"__id__":23},{"__id__":24}],"_components":[{"__type__":"b71d3yctLlH0bVfbZXKVJIY","node":{"__id__":22}}],"_prefab":{"__type__":"cc.PrefabInfo","root":{"__id__":20},"asset":{"__uuid__":"a74mwN3Q5Ht4wFbg5wegAn"},"fileId":"14l3GXDeNCv5k0fBqVbbX6"},"_trs":{"__type__":"TypedArray","ctor":"Float64Array","array":[0,0,0,0,0,0,1,1,1,1]},"_groupIndex":7,"groupIndex":7},{"__type__":"cc.Node","_name":"tips","_parent":{"__id__":22},"_active":false,"_components":[{"__type__":"e4f88adp3hERoJ48DZ2PSAl","node":{"__id__":23},"_materials":[{"__uuid__":"ecpdLyjvZBwrvm+cedCcQy"}],"_string":"          Particle emitter shape    Particle generation position\nLeft one          Cube                 Internal\nLeft two          Cube                 Frame\nLeft three          Cube                 Surface\nLeft four              Circle             Along a circle\nLeft five              Circle             Generate particles in a circle\n                                      Cycle direction is the same\nLeft six              Circle             Generate particles in a circle\n                                      Cycles in opposite directions\nLeft seven            Cone                   Internal\nLeft eight            Cone                Cone bottom circle\nLeft nine            Cone                    Surface\nLeft ten            Cone               Cone bottom circumference\nLeft eleven       Cone       Cone-bottom circular circulation generates particles\n                                 Particles move obliquely upward\nLeft twelve        Sphere                     Internal\nLeft thirteen        Sphere                     Surface\nLeft fourteen      Hemisphere                    Internal\nLeft fifteen      Hemisphere                    Surface","_N$string":"          Particle emitter shape    Particle generation position\nLeft one          Cube                 Internal\nLeft two          Cube                 Frame\nLeft three          Cube                 Surface\nLeft four              Circle             Along a circle\nLeft five              Circle             Generate particles in a circle\n                                      Cycle direction is the same\nLeft six              Circle             Generate particles in a circle\n                                      Cycles in opposite directions\nLeft seven            Cone                   Internal\nLeft eight            Cone                Cone bottom circle\nLeft nine            Cone                    Surface\nLeft ten            Cone               Cone bottom circumference\nLeft eleven       Cone       Cone-bottom circular circulation generates particles\n                                 Particles move obliquely upward\nLeft twelve        Sphere                     Internal\nLeft thirteen        Sphere                     Surface\nLeft fourteen      Hemisphere                    Internal\nLeft fifteen      Hemisphere                    Surface","_fontSize":16,"_lineHeight":20,"_N$textKey":"cases/particle3d.shape"}],"_prefab":{"__type__":"cc.PrefabInfo","root":{"__id__":20},"asset":{"__uuid__":"a74mwN3Q5Ht4wFbg5wegAn"},"fileId":"abCfp1iSlA64OqoqEiTNMo"},"_contentSize":{"__type__":"cc.Size","width":543.38,"height":385.2},"_trs":{"__type__":"TypedArray","ctor":"Float64Array","array":[0,0,0,0,0,0,1,1,1,1]},"_groupIndex":7,"groupIndex":7},{"__type__":"cc.Node","_name":"Button","_parent":{"__id__":22},"_children":[{"__id__":25}],"_components":[{"__type__":"cc.Button","node":{"__id__":24},"_normalMaterial":{"__uuid__":"ecpdLyjvZBwrvm+cedCcQy"},"clickEvents":[{"__type__":"cc.ClickEvent","target":{"__id__":22},"_componentId":"b71d3yctLlH0bVfbZXKVJIY","handler":"showtip"}],"_N$transition":3,"transition":3,"_N$normalColor":{"__type__":"cc.Color","r":230,"g":230,"b":230},"_N$pressedColor":{"__type__":"cc.Color","r":200,"g":200,"b":200},"pressedColor":{"__type__":"cc.Color","r":200,"g":200,"b":200},"_N$disabledColor":{"__type__":"cc.Color","r":120,"g":120,"b":120,"a":200},"_N$normalSprite":{"__uuid__":"f0BIwQ8D5Ml7nTNQbh1YlS"},"_N$pressedSprite":{"__uuid__":"e97GVMl6JHh5Ml5qEDdSGa"},"pressedSprite":{"__uuid__":"e97GVMl6JHh5Ml5qEDdSGa"},"_N$hoverSprite":{"__uuid__":"f0BIwQ8D5Ml7nTNQbh1YlS"},"hoverSprite":{"__uuid__":"f0BIwQ8D5Ml7nTNQbh1YlS"},"_N$disabledSprite":{"__uuid__":"29FYIk+N1GYaeWH/q1NxQO"},"_N$target":{"__id__":25}}],"_prefab":{"__type__":"cc.PrefabInfo","root":{"__id__":20},"asset":{"__uuid__":"a74mwN3Q5Ht4wFbg5wegAn"},"fileId":"042fgcbyFBHIwftn3ae4/m"},"_contentSize":{"__type__":"cc.Size","width":100,"height":40},"_trs":{"__type__":"TypedArray","ctor":"Float64Array","array":[275.067,234.405,0,0,0,0,1,1,1,1]},"_groupIndex":7,"groupIndex":7},{"__type__":"cc.Node","_name":"Background","_parent":{"__id__":24},"_children":[{"__id__":26}],"_components":[{"__type__":"cc.Sprite","node":{"__id__":25},"_materials":[{"__uuid__":"ecpdLyjvZBwrvm+cedCcQy"}],"_spriteFrame":{"__uuid__":"f0BIwQ8D5Ml7nTNQbh1YlS"},"_type":1,"_sizeMode":0},{"__type__":"cc.Widget","node":{"__id__":25},"alignMode":0,"_alignFlags":45,"_originalWidth":100,"_originalHeight":40}],"_prefab":{"__type__":"cc.PrefabInfo","root":{"__id__":20},"asset":{"__uuid__":"a74mwN3Q5Ht4wFbg5wegAn"},"fileId":"68jxhsHghGgria2abVOt27"},"_contentSize":{"__type__":"cc.Size","width":100,"height":40},"_trs":{"__type__":"TypedArray","ctor":"Float64Array","array":[0,0,0,0,0,0,1,1,1,1]},"_groupIndex":7,"groupIndex":7},{"__type__":"cc.Node","_name":"Label","_parent":{"__id__":25},"_components":[{"__type__":"cc.Label","node":{"__id__":26},"_materials":[{"__uuid__":"ecpdLyjvZBwrvm+cedCcQy"}],"_useOriginalSize":false,"_string":"Tips","_N$string":"Tips","_fontSize":20,"_enableWrapText":false,"_N$horizontalAlign":1,"_N$verticalAlign":1,"_N$overflow":1}],"_prefab":{"__type__":"cc.PrefabInfo","root":{"__id__":20},"asset":{"__uuid__":"a74mwN3Q5Ht4wFbg5wegAn"},"fileId":"fcB7M+eT1EmYR5YM5blWQ2"},"_color":{"__type__":"cc.Color"},"_contentSize":{"__type__":"cc.Size","width":100,"height":60},"_trs":{"__type__":"TypedArray","ctor":"Float64Array","array":[0,0,0,0,0,0,1,1,1,1]},"_groupIndex":7,"groupIndex":7}],{"__type__":"cc.SpriteFrame","content":{"name":"default_btn_pressed","texture":"b4P/PCArtIdIH38t6mlw8Y","rect":[0,0,40,40],"offset":[0,0],"originalSize":[40,40],"capInsets":[12,12,12,12]}},{"__type__":"cc.SpriteFrame","content":{"name":"default_btn_normal","texture":"e8Ueib+qJEhL6mXAHdnwbi","rect":[0,0,40,40],"offset":[0,0],"originalSize":[40,40],"capInsets":[12,12,12,12]}}]