[{"__type__":"cc.SpriteFrame","content":{"name":"btn_pressed","texture":"4eAuwshg5DzJkQj/KqFRiE","rect":[0,0,194,68],"offset":[0,0],"originalSize":[194,68],"capInsets":[5,5,5,5]}},{"__type__":"cc.SpriteFrame","content":{"name":"btn_normal","texture":"ebBql6UWFNcLrHio+IX4OZ","rect":[0,0,194,68],"offset":[0,0],"originalSize":[194,68],"capInsets":[5,5,5,5]}},{"__type__":"cc.SpriteFrame","content":{"name":"btn_disabled","texture":"8aYDUe2cxG9LHWbN42pbmt","rect":[0,0,194,68],"offset":[0,0],"originalSize":[194,68],"capInsets":[5,5,5,5]}},[{"__type__":"cc.Prefab","_name":"Right Menu","data":{"__id__":1}},{"__type__":"cc.Node","_name":"Right Menu","_children":[{"__id__":2}],"_components":[{"__type__":"cc.Widget","node":{"__id__":1},"_alignFlags":33}],"_prefab":{"__type__":"cc.PrefabInfo","root":{"__id__":1},"asset":{"__uuid__":"c8IzyV19hDKqRwff0+xtnA"},"fileId":"efSlmJz71AUKVSyCBTGh3d"},"_trs":{"__type__":"TypedArray","ctor":"Float64Array","array":[457,297,0,0,0,0,0,1,1,1]},"_zIndex":0},{"__type__":"cc.Node","_name":"Slider","_parent":{"__id__":1},"_children":[{"__id__":3},{"__id__":4},{"__id__":5},{"__id__":6},{"__id__":8}],"_components":[{"__type__":"cc.Animation","node":{"__id__":2},"_defaultClip":{"__uuid__":"87rleNRe1FTKGOXGRBhiuq"},"_clips":[{"__uuid__":"87rleNRe1FTKGOXGRBhiuq"},{"__uuid__":"852hYuzUtJcaJ2nxcey0e6"}]},{"__type__":"19224TiKDhPbZ8/hTkQA7ey","node":{"__id__":2}}],"_prefab":{"__type__":"cc.PrefabInfo","root":{"__id__":1},"asset":{"__uuid__":"c8IzyV19hDKqRwff0+xtnA"},"fileId":"2dHFrMkdtMcr4XPG7JZh4J"},"_trs":{"__type__":"TypedArray","ctor":"Float64Array","array":[0,0,0,0,0,0,0,1,1,1]},"_zIndex":0},{"__type__":"cc.Node","_name":"btnSearch","_parent":{"__id__":2},"_components":[{"__type__":"cc.Sprite","node":{"__id__":3},"_srcBlendFactor":1,"_spriteFrame":{"__uuid__":"dcVpKFRf9EyIuEZiDzec83"},"_type":1,"_sizeMode":0},{"__type__":"cc.Button","node":{"__id__":3},"clickEvents":[null],"_N$transition":1,"transition":1,"_N$pressedColor":{"__type__":"cc.Color","r":179,"g":179,"b":179},"pressedColor":{"__type__":"cc.Color","r":179,"g":179,"b":179},"_N$disabledColor":{"__type__":"cc.Color","r":255,"g":255,"b":255},"_N$target":{"__id__":3}}],"_prefab":{"__type__":"cc.PrefabInfo","root":{"__id__":1},"asset":{"__uuid__":"c8IzyV19hDKqRwff0+xtnA"},"fileId":"3espFoLhFAtYFYdKpzi0ti"},"_contentSize":{"__type__":"cc.Size","width":24,"height":24},"_trs":{"__type__":"TypedArray","ctor":"Float64Array","array":[-20,-18,0,0,0,0,0,1.7000000476837158,1.7000000476837158,1]},"_zIndex":0},{"__type__":"cc.Node","_name":"btnInfo","_parent":{"__id__":2},"_components":[{"__type__":"cc.Sprite","node":{"__id__":4},"_srcBlendFactor":1,"_spriteFrame":{"__uuid__":"e4dFhUe6lCC4eo27mxaeWf"},"_type":1,"_sizeMode":0},{"__type__":"cc.Button","node":{"__id__":4},"clickEvents":[null],"_N$transition":1,"transition":1,"_N$pressedColor":{"__type__":"cc.Color","r":179,"g":179,"b":179},"pressedColor":{"__type__":"cc.Color","r":179,"g":179,"b":179},"_N$disabledColor":{"__type__":"cc.Color","r":255,"g":255,"b":255},"_N$target":{"__id__":4}}],"_prefab":{"__type__":"cc.PrefabInfo","root":{"__id__":1},"asset":{"__uuid__":"c8IzyV19hDKqRwff0+xtnA"},"fileId":"1b5afZjYaRBbZ0uzp4fy4Wu"},"_contentSize":{"__type__":"cc.Size","width":24,"height":24},"_trs":{"__type__":"TypedArray","ctor":"Float64Array","array":[-20,-81,0,0,0,0,0,1.7000000476837158,1.7000000476837158,1]},"_zIndex":0},{"__type__":"cc.Node","_name":"eject btn","_parent":{"__id__":2},"_components":[{"__type__":"cc.Sprite","node":{"__id__":5},"_srcBlendFactor":1,"_spriteFrame":{"__uuid__":"eclvtAPaZNUqoM2YXo0SUb"},"_sizeMode":2,"_isTrimmedMode":false},{"__type__":"cc.Button","node":{"__id__":5},"clickEvents":[{"__type__":"cc.ClickEvent","target":{"__id__":2},"_componentId":"19224TiKDhPbZ8/hTkQA7ey","handler":"toggle","customEventData":"slide down"}],"_N$transition":1,"transition":1,"_N$pressedColor":{"__type__":"cc.Color","r":179,"g":179,"b":179},"pressedColor":{"__type__":"cc.Color","r":179,"g":179,"b":179},"_N$disabledColor":{"__type__":"cc.Color","r":255,"g":255,"b":255},"_N$target":{"__id__":4}}],"_prefab":{"__type__":"cc.PrefabInfo","root":{"__id__":1},"asset":{"__uuid__":"c8IzyV19hDKqRwff0+xtnA"},"fileId":"8cnWCDoP9JubCndUBsawb7"},"_contentSize":{"__type__":"cc.Size","width":24,"height":24},"_trs":{"__type__":"TypedArray","ctor":"Float64Array","array":[-21,-133,0,0,0,0,0,1,1,1]},"_eulerAngles":{"__type__":"cc.Vec3","z":90},"_zIndex":0},{"__type__":"cc.Node","_name":"btnGC","_parent":{"__id__":2},"_children":[{"__id__":7}],"_components":[{"__type__":"cc.Sprite","node":{"__id__":6},"_spriteFrame":{"__uuid__":"62P+DTpoxGv73ndfrQBifG"},"_type":1,"_sizeMode":0},{"__type__":"cc.Button","node":{"__id__":6},"clickEvents":[null],"_N$transition":2,"transition":2,"_N$pressedColor":{"__type__":"cc.Color","r":179,"g":179,"b":179},"pressedColor":{"__type__":"cc.Color","r":179,"g":179,"b":179},"_N$disabledColor":{"__type__":"cc.Color","r":255,"g":255,"b":255},"_N$normalSprite":{"__uuid__":"62P+DTpoxGv73ndfrQBifG"},"_N$pressedSprite":{"__uuid__":"10VBcgulVAP7DEney37Yde"},"pressedSprite":{"__uuid__":"10VBcgulVAP7DEney37Yde"},"_N$hoverSprite":{"__uuid__":"62P+DTpoxGv73ndfrQBifG"},"hoverSprite":{"__uuid__":"62P+DTpoxGv73ndfrQBifG"},"_N$disabledSprite":{"__uuid__":"benVLTCGJAAp9ZBs9YA6U9"},"_N$target":{"__id__":6}}],"_prefab":{"__type__":"cc.PrefabInfo","root":{"__id__":1},"asset":{"__uuid__":"c8IzyV19hDKqRwff0+xtnA"},"fileId":"e02nIDFi9IF59O5DC2ykLE"},"_contentSize":{"__type__":"cc.Size","width":100,"height":40},"_trs":{"__type__":"TypedArray","ctor":"Float64Array","array":[-20,109.30000305175781,0,0,0,0,0,1,1,1]},"_zIndex":0},{"__type__":"cc.Node","_name":"label","_parent":{"__id__":6},"_components":[{"__type__":"cc.Label","node":{"__id__":7},"_useOriginalSize":false,"_string":"GC","_N$string":"GC","_fontSize":20,"_N$verticalAlign":1}],"_prefab":{"__type__":"cc.PrefabInfo","root":{"__id__":1},"asset":{"__uuid__":"c8IzyV19hDKqRwff0+xtnA"},"fileId":"0bqG+9L2FLar0T4vT3fgED"},"_contentSize":{"__type__":"cc.Size","width":30,"height":40},"_trs":{"__type__":"TypedArray","ctor":"Float64Array","array":[0,0,0,0,0,0,0,1,1,1]},"_zIndex":0},{"__type__":"cc.Node","_name":"btnRestart","_parent":{"__id__":2},"_children":[{"__id__":9}],"_components":[{"__type__":"cc.Sprite","node":{"__id__":8},"_spriteFrame":{"__uuid__":"62P+DTpoxGv73ndfrQBifG"},"_type":1,"_sizeMode":0},{"__type__":"cc.Button","node":{"__id__":8},"clickEvents":[null],"_N$transition":2,"transition":2,"_N$pressedColor":{"__type__":"cc.Color","r":179,"g":179,"b":179},"pressedColor":{"__type__":"cc.Color","r":179,"g":179,"b":179},"_N$disabledColor":{"__type__":"cc.Color","r":255,"g":255,"b":255},"_N$normalSprite":{"__uuid__":"62P+DTpoxGv73ndfrQBifG"},"_N$pressedSprite":{"__uuid__":"10VBcgulVAP7DEney37Yde"},"pressedSprite":{"__uuid__":"10VBcgulVAP7DEney37Yde"},"_N$hoverSprite":{"__uuid__":"62P+DTpoxGv73ndfrQBifG"},"hoverSprite":{"__uuid__":"62P+DTpoxGv73ndfrQBifG"},"_N$disabledSprite":{"__uuid__":"benVLTCGJAAp9ZBs9YA6U9"},"_N$target":{"__id__":8}}],"_prefab":{"__type__":"cc.PrefabInfo","root":{"__id__":1},"asset":{"__uuid__":"c8IzyV19hDKqRwff0+xtnA"},"fileId":"d4Xyhl1rxPKaGx6BMCpt2r"},"_contentSize":{"__type__":"cc.Size","width":100,"height":40},"_trs":{"__type__":"TypedArray","ctor":"Float64Array","array":[-20,50,0,0,0,0,0,1,1,1]},"_zIndex":0},{"__type__":"cc.Node","_name":"label","_parent":{"__id__":8},"_components":[{"__type__":"cc.Label","node":{"__id__":9},"_useOriginalSize":false,"_string":"Restart","_N$string":"Restart","_fontSize":20,"_N$verticalAlign":1}],"_prefab":{"__type__":"cc.PrefabInfo","root":{"__id__":1},"asset":{"__uuid__":"c8IzyV19hDKqRwff0+xtnA"},"fileId":"54pRCv65hFfrACUuzOfb/A"},"_contentSize":{"__type__":"cc.Size","width":64.46,"height":40},"_trs":{"__type__":"TypedArray","ctor":"Float64Array","array":[0,0,0,0,0,0,0,1,1,1]},"_zIndex":0}],{"__type__":"cc.SpriteFrame","content":{"name":"search_btn","texture":"46UzFyuq5HX6+YLux275rN","rect":[0,0,24,24],"offset":[0,0],"originalSize":[24,24],"capInsets":[0,0,0,0]}},{"__type__":"cc.SpriteFrame","content":{"name":"help_btn","texture":"03ikfO0yJGVKgNBBnHORaP","rect":[0,0,24,24],"offset":[0,0],"originalSize":[24,24],"capInsets":[0,0,0,0]}},{"__type__":"cc.SpriteFrame","content":{"name":"eject_btn","texture":"5d59wr30xATZ9o15naIkNW","rect":[6,5,8,15],"offset":[-2,-0.5],"originalSize":[24,24],"capInsets":[0,0,0,0]}}]