[{"__type__":"cc.SpriteFrame","content":{"name":"radio_button_off","texture":"9cXuGMWwlHJrI75G5JobAI","rect":[187,14,30,32],"offset":[0,0],"originalSize":[32,32],"capInsets":[0,0,0,0]}},{"__type__":"cc.SpriteFrame","content":{"name":"radio_button_on","texture":"9cXuGMWwlHJrI75G5JobAI","rect":[153,14,32,32],"offset":[0,0],"originalSize":[32,32],"capInsets":[0,0,0,0]}},{"__type__":"cc.SpriteFrame","content":{"name":"CheckBox_Disable","texture":"9cXuGMWwlHJrI75G5JobAI","rect":[1,1,40,40],"offset":[0,0],"originalSize":[40,40],"capInsets":[0,0,0,0]}},{"__type__":"cc.SpriteAtlas","_name":"ui.plist","_spriteFrames":{"CheckBoxNode_Disable":{"__uuid__":"97Tnf8AbFIKL5Vpa3HbhXG"},"CheckBoxNode_Normal":{"__uuid__":"fdj8sKQp1JW4vxdgJ4gPBr"},"CheckBox_Disable":{"__uuid__":"55uc0BVRxI8anXbpQMesgd"},"CheckBox_Normal":{"__uuid__":"6fSMakYGpF+bzK+iad7gBg"},"CheckBox_Press":{"__uuid__":"79oLlKO2hHy7lK0Nut8HiL"},"radio_button_off":{"__uuid__":"1bMQn619tMDKI2ku61Hhly"},"radio_button_on":{"__uuid__":"33h2AePTVEbIly0475DY0u"},"sliderProgress2":{"__uuid__":"99C+G1o9lMuaX6Uc0x/tWR"},"sliderThumb":{"__uuid__":"58XwIgfCpLdKViqO6kXV6c"},"sliderTrack2":{"__uuid__":"e93wwmYxtNzKppzRNtIELI"}}},{"__type__":"cc.SpriteFrame","content":{"name":"sliderThumb","texture":"9cXuGMWwlHJrI75G5JobAI","rect":[125,14,26,26],"offset":[0,0],"originalSize":[26,26],"capInsets":[0,0,0,0]}},{"__type__":"cc.SpriteFrame","content":{"name":"CheckBox_Normal","texture":"9cXuGMWwlHJrI75G5JobAI","rect":[43,1,40,40],"offset":[0,0],"originalSize":[40,40],"capInsets":[0,0,0,0]}},{"__type__":"cc.SpriteFrame","content":{"name":"CheckBox_Press","texture":"9cXuGMWwlHJrI75G5JobAI","rect":[85,1,38,38],"offset":[0,0],"originalSize":[40,40],"capInsets":[0,0,0,0]}},{"__type__":"cc.SpriteFrame","content":{"name":"CheckBoxNode_Disable","texture":"9cXuGMWwlHJrI75G5JobAI","rect":[219,14,30,22],"offset":[-1,0],"originalSize":[40,40],"capInsets":[0,0,0,0]}},{"__type__":"cc.SpriteFrame","content":{"name":"sliderProgress2","texture":"9cXuGMWwlHJrI75G5JobAI","rect":[125,1,131,11],"offset":[0,1],"originalSize":[131,13],"capInsets":[0,0,0,0]}},{"__type__":"cc.SpriteFrame","content":{"name":"sliderTrack2","texture":"9cXuGMWwlHJrI75G5JobAI","rect":[1,43,131,13],"offset":[0,0],"originalSize":[131,13],"capInsets":[0,0,0,0]}},{"__type__":"cc.SpriteFrame","content":{"name":"CheckBoxNode_Normal","texture":"9cXuGMWwlHJrI75G5JobAI","rect":[219,38,30,22],"offset":[-1,0],"originalSize":[40,40],"capInsets":[0,0,0,0]}}]