[{"__type__":"cc.SpriteFrame","content":{"name":"default_btn_disabled","texture":"71VhFCTINJM6/Ky3oX9nBT","rect":[0,0,40,40],"offset":[0,0],"originalSize":[40,40],"capInsets":[12,12,12,12]}},[{"__type__":"cc.SceneAsset","_name":"screen-to-world-point","scene":{"__id__":1},"asyncLoadAssets":null},{"__type__":"cc.Scene","_name":"New Node","_children":[{"__id__":2},{"__id__":10},{"__id__":13}],"_anchorPoint":{"__type__":"cc.Vec2"},"_trs":{"__type__":"TypedArray","ctor":"Float64Array","array":[0,0,0,0,0,0,1,1,1,1]},"autoReleaseAssets":false},{"__type__":"cc.Node","_name":"Canvas","_parent":{"__id__":1},"_children":[{"__id__":3},{"__id__":4}],"_components":[{"__type__":"cc.Canvas","node":{"__id__":2}},{"__type__":"cc.Widget","node":{"__id__":2},"_alignFlags":45}],"_contentSize":{"__type__":"cc.Size","width":960,"height":640},"_trs":{"__type__":"TypedArray","ctor":"Float64Array","array":[480,320,0,0,0,0,0,1,1,1]},"_groupIndex":7,"groupIndex":7,"_id":"314DNnMURISY4aa7qEU2AE"},{"__type__":"cc.Node","_name":"Main Camera","_parent":{"__id__":2},"_components":[{"__type__":"cc.Camera","node":{"__id__":3},"_cullingMask":128,"_backgroundColor":{"__type__":"cc.Color","r":56,"g":59,"b":65},"_depth":1}],"_trs":{"__type__":"TypedArray","ctor":"Float64Array","array":[0,0,554.2562866210938,0,0,0,0,1,1,1]}},{"__type__":"cc.Node","_name":"New Slider","_parent":{"__id__":2},"_children":[{"__id__":5},{"__id__":6},{"__id__":8}],"_components":[{"__type__":"cc.Slider","node":{"__id__":4},"slideEvents":[{"__type__":"cc.ClickEvent","target":{"__id__":10},"_componentId":"ca9ec5p7O9EHYbE772Zf4dj","handler":"distanceChanged"}],"_N$handle":{"__id__":7}},{"__type__":"cc.Widget","node":{"__id__":4},"_alignFlags":1,"_top":100,"_bottom":36.06099999999998}],"_contentSize":{"__type__":"cc.Size","width":300,"height":20},"_trs":{"__type__":"TypedArray","ctor":"Float64Array","array":[0,210,0,0,0,0,0,1,1,1]}},{"__type__":"cc.Node","_name":"Background","_parent":{"__id__":4},"_components":[{"__type__":"cc.Sprite","node":{"__id__":5},"_materials":[{"__uuid__":"ecpdLyjvZBwrvm+cedCcQy"}],"_spriteFrame":{"__uuid__":"312JYturtOx74Zjp9UpOqZ"},"_type":1,"_sizeMode":0}],"_contentSize":{"__type__":"cc.Size","width":300,"height":20},"_trs":{"__type__":"TypedArray","ctor":"Float64Array","array":[0,0,0,0,0,0,0,1,1,1]}},{"__type__":"cc.Node","_name":"Handle","_parent":{"__id__":4},"_components":[{"__type__":"cc.Sprite","node":{"__id__":6},"_materials":[{"__uuid__":"ecpdLyjvZBwrvm+cedCcQy"}],"_spriteFrame":{"__uuid__":"e7q6FL+VZEgLJUjVeDLic/"},"_type":1,"_sizeMode":2},{"__id__":7}],"_contentSize":{"__type__":"cc.Size","width":32,"height":32},"_trs":{"__type__":"TypedArray","ctor":"Float64Array","array":[0,0,0,0,0,0,0,1,1,1]}},{"__type__":"cc.Button","node":{"__id__":6},"zoomScale":1.1,"_N$enableAutoGrayEffect":true,"_N$transition":3,"transition":3,"_N$pressedColor":{"__type__":"cc.Color","r":255,"g":255,"b":255},"pressedColor":{"__type__":"cc.Color","r":255,"g":255,"b":255},"_N$disabledColor":{"__type__":"cc.Color","r":255,"g":255,"b":255},"_N$normalSprite":{"__uuid__":"e7q6FL+VZEgLJUjVeDLic/"},"_N$pressedSprite":{"__uuid__":"e7q6FL+VZEgLJUjVeDLic/"},"pressedSprite":{"__uuid__":"e7q6FL+VZEgLJUjVeDLic/"},"_N$hoverSprite":{"__uuid__":"e7q6FL+VZEgLJUjVeDLic/"},"hoverSprite":{"__uuid__":"e7q6FL+VZEgLJUjVeDLic/"},"_N$disabledSprite":{"__uuid__":"29FYIk+N1GYaeWH/q1NxQO"},"_N$target":{"__id__":6}},{"__type__":"cc.Node","_name":"New Label","_parent":{"__id__":4},"_components":[{"__id__":9}],"_contentSize":{"__type__":"cc.Size","width":237.93,"height":50.4},"_trs":{"__type__":"TypedArray","ctor":"Float64Array","array":[0,43.63600158691406,0,0,0,0,0,1,1,1]}},{"__type__":"cc.Label","node":{"__id__":8},"_materials":[{"__uuid__":"ecpdLyjvZBwrvm+cedCcQy"}],"_useOriginalSize":false,"_string":"distance : 0.5","_N$string":"distance : 0.5","_N$horizontalAlign":1,"_N$verticalAlign":1},{"__type__":"cc.Node","_name":"root","_parent":{"__id__":1},"_children":[{"__id__":11},{"__id__":12}],"_components":[{"__type__":"ca9ec5p7O9EHYbE772Zf4dj","node":{"__id__":10},"box":{"__id__":11},"distanceLabel":{"__id__":9}}],"_trs":{"__type__":"TypedArray","ctor":"Float64Array","array":[0,0,0,0,0,0,0,1,1,1]},"_id":"a9rjUQIp1Ee5SQ3xvMnQJr"},{"__type__":"cc.Node","_name":"Box","_parent":{"__id__":10},"_components":[{"__type__":"cc.MeshRenderer","node":{"__id__":11},"_materials":[{"__uuid__":"a5hJI5OtNB0Yq0rp/qEfl/"}],"_mesh":{"__uuid__":"04bxcsFXRIi7u4ZBWprblt"}}],"_trs":{"__type__":"TypedArray","ctor":"Float64Array","array":[0,0,0,0,0,0,0,100,100,100]},"_eulerAngles":{"__type__":"cc.Vec3","x":0.000009334666828389458},"_is3DNode":true},{"__type__":"cc.Node","_name":"New Camera","_parent":{"__id__":10},"_components":[{"__type__":"cc.Camera","node":{"__id__":12},"_cullingMask":1,"_clearFlags":7,"_backgroundColor":{"__type__":"cc.Color","r":56,"g":59,"b":65},"_nearClip":0.1,"_ortho":false,"_alignWithScreen":false}],"_trs":{"__type__":"TypedArray","ctor":"Float64Array","array":[0,0,695.5560302734375,0,0,0,0,1,1,1]},"_is3DNode":true},{"__type__":"cc.Node","_name":"New Light","_parent":{"__id__":1},"_components":[{"__type__":"cc.Light","node":{"__id__":13},"_range":1,"_shadowMaxDepth":1000,"_shadowFrustumSize":50}],"_trs":{"__type__":"TypedArray","ctor":"Float64Array","array":[0,0,0,0,0,0,0,1,1,1]},"_eulerAngles":{"__type__":"cc.Vec3","x":-45},"_is3DNode":true,"_id":"20pfTNHGlKLrxkoebd4hCG"}],{"__type__":"cc.SpriteFrame","content":{"name":"default_scrollbar","texture":"02kcE0s9pAmLe145ftvpR/","rect":[0,0,30,15],"offset":[0,0],"originalSize":[30,15],"capInsets":[10,4,10,4]}},{"__type__":"cc.SpriteFrame","content":{"name":"default_radio_button_off","texture":"56fc2Ai/RFNYpaMT8crweK","rect":[3,3,26,26],"offset":[0,0],"originalSize":[32,32],"capInsets":[0,0,0,0]}}]