[{"__type__":"cc.SpriteFrame","content":{"name":"default_btn_disabled","texture":"71VhFCTINJM6/Ky3oX9nBT","rect":[0,0,40,40],"offset":[0,0],"originalSize":[40,40],"capInsets":[12,12,12,12]}},{"__type__":"cc.SpriteFrame","content":{"name":"default_sprite_splash","texture":"02delMVqdBD70a/HSD99FK","rect":[0,0,2,2],"offset":[0,0],"originalSize":[2,2],"capInsets":[0,0,0,0]}},[{"__type__":"cc.SceneAsset","_name":"test-physics-velocity","scene":{"__id__":1},"asyncLoadAssets":null},{"__type__":"cc.Scene","_name":"New Node","_children":[{"__id__":2}],"_anchorPoint":{"__type__":"cc.Vec2"},"_trs":{"__type__":"TypedArray","ctor":"Float64Array","array":[0,0,0,0,0,0,1,1,1,1]},"autoReleaseAssets":false},{"__type__":"cc.Node","_name":"Canvas","_parent":{"__id__":1},"_children":[{"__id__":3},{"__id__":4},{"__id__":5},{"__id__":6},{"__id__":13},{"__id__":16},{"__id__":17},{"__id__":18},{"__id__":10},{"__id__":19}],"_components":[{"__type__":"cc.Canvas","node":{"__id__":2}},{"__type__":"c4021KQFRRMpq8Rl1Z07uGF","node":{"__id__":2},"needPhysics":true,"needPhysicsWord":{"__id__":19}},{"__type__":"cc.Widget","node":{"__id__":2},"_alignFlags":45}],"_contentSize":{"__type__":"cc.Size","width":960,"height":640},"_trs":{"__type__":"TypedArray","ctor":"Float64Array","array":[480,320,0,0,0,0,1,1,1,1]},"_id":"5cXI8nYghBkoXAOiZlGdEq"},{"__type__":"cc.Node","_name":"Main Camera","_parent":{"__id__":2},"_components":[{"__type__":"cc.Camera","node":{"__id__":3},"_cullingMask":-129,"_clearFlags":7,"_depth":-1,"_fov":45,"_ortho":false,"_alignWithScreen":false}],"_trs":{"__type__":"TypedArray","ctor":"Float64Array","array":[0,4.383999824523926,9.586999893188477,-0.14630748357260165,0,0,0.9892391623114467,1,1,1]},"_eulerAngles":{"__type__":"cc.Vec3","x":-16.826},"_is3DNode":true},{"__type__":"cc.Node","_name":"UICamera","_parent":{"__id__":2},"_components":[{"__type__":"cc.Camera","node":{"__id__":4},"_cullingMask":128,"_nearClip":0.1}],"_trs":{"__type__":"TypedArray","ctor":"Float64Array","array":[0,0,500.56268338740557,0,0,0,1,1,1,1]},"_groupIndex":2,"groupIndex":2},{"__type__":"cc.Node","_name":"introduction","_parent":{"__id__":2},"_components":[{"__type__":"cc.Label","node":{"__id__":5},"_materials":[{"__uuid__":"ecpdLyjvZBwrvm+cedCcQy"}],"_useOriginalSize":false,"_string":"Click the jump button and the ball will jump\nClick the rotate button and the ball will rotate","_N$string":"Click the jump button and the ball will jump\nClick the rotate button and the ball will rotate","_fontSize":28,"_N$verticalAlign":1,"_N$overflow":3},{"__type__":"cc.Widget","node":{"__id__":5},"_alignFlags":17,"_top":43.16300659179688,"_horizontalCenter":17.784000396728516}],"_contentSize":{"__type__":"cc.Size","width":767,"height":90.39999999999999},"_trs":{"__type__":"TypedArray","ctor":"Float64Array","array":[17.784000396728516,231.63699340820312,0,0,0,0,1,1,1,1]},"_groupIndex":7,"groupIndex":7},{"__type__":"cc.Node","_name":"New Button","_parent":{"__id__":2},"_children":[{"__id__":7}],"_components":[{"__type__":"cc.Button","node":{"__id__":6},"_normalMaterial":{"__uuid__":"ecpdLyjvZBwrvm+cedCcQy"},"clickEvents":[{"__type__":"cc.ClickEvent","target":{"__id__":9},"_componentId":"aba27g6ntRDMpLd693yFPdQ","handler":"jump"}],"_N$transition":2,"transition":2,"_N$normalColor":{"__type__":"cc.Color","r":230,"g":230,"b":230},"_N$pressedColor":{"__type__":"cc.Color","r":200,"g":200,"b":200},"pressedColor":{"__type__":"cc.Color","r":200,"g":200,"b":200},"_N$disabledColor":{"__type__":"cc.Color","r":120,"g":120,"b":120,"a":200},"_N$normalSprite":{"__uuid__":"f0BIwQ8D5Ml7nTNQbh1YlS"},"_N$pressedSprite":{"__uuid__":"e97GVMl6JHh5Ml5qEDdSGa"},"pressedSprite":{"__uuid__":"e97GVMl6JHh5Ml5qEDdSGa"},"_N$hoverSprite":{"__uuid__":"f0BIwQ8D5Ml7nTNQbh1YlS"},"hoverSprite":{"__uuid__":"f0BIwQ8D5Ml7nTNQbh1YlS"},"_N$disabledSprite":{"__uuid__":"29FYIk+N1GYaeWH/q1NxQO"},"_N$target":{"__id__":7}}],"_contentSize":{"__type__":"cc.Size","width":100,"height":40},"_trs":{"__type__":"TypedArray","ctor":"Float64Array","array":[-264.8630065917969,146.54400634765625,0,0,0,0,1,1,1,1]},"_groupIndex":7,"groupIndex":7},{"__type__":"cc.Node","_name":"Background","_parent":{"__id__":6},"_children":[{"__id__":8}],"_components":[{"__type__":"cc.Sprite","node":{"__id__":7},"_materials":[{"__uuid__":"ecpdLyjvZBwrvm+cedCcQy"}],"_spriteFrame":{"__uuid__":"f0BIwQ8D5Ml7nTNQbh1YlS"},"_type":1,"_sizeMode":0},{"__type__":"cc.Widget","node":{"__id__":7},"alignMode":0,"_alignFlags":45,"_originalWidth":100,"_originalHeight":40}],"_contentSize":{"__type__":"cc.Size","width":100,"height":40},"_trs":{"__type__":"TypedArray","ctor":"Float64Array","array":[0,0,0,0,0,0,1,1,1,1]},"_groupIndex":7,"groupIndex":7},{"__type__":"cc.Node","_name":"Label","_parent":{"__id__":7},"_components":[{"__type__":"cc.Label","node":{"__id__":8},"_materials":[{"__uuid__":"ecpdLyjvZBwrvm+cedCcQy"}],"_useOriginalSize":false,"_string":"jump","_N$string":"jump","_fontSize":20,"_enableWrapText":false,"_N$horizontalAlign":1,"_N$verticalAlign":1,"_N$overflow":1}],"_color":{"__type__":"cc.Color"},"_contentSize":{"__type__":"cc.Size","width":100,"height":40},"_trs":{"__type__":"TypedArray","ctor":"Float64Array","array":[0,0,0,0,0,0,1,1,1,1]},"_groupIndex":7,"groupIndex":7},{"__type__":"cc.Node","_name":"New Sphere","_parent":{"__id__":10},"_children":[{"__id__":12}],"_components":[{"__type__":"cc.MeshRenderer","node":{"__id__":9},"_materials":[{"__uuid__":"19upk0MPBAbqoTsuw/CEtA"}],"_mesh":{"__uuid__":"3bvbD2xfZF3p8zi1y6+01t"}},{"__type__":"cc.RigidBody3D","node":{"__id__":9},"_linearDamping":0,"_angularDamping":0},{"__type__":"cc.SphereCollider3D","node":{"__id__":9},"_material":{"__uuid__":"deIU5VYZZDAZfKG9Bs2wx4"}},{"__type__":"aba27g6ntRDMpLd693yFPdQ","node":{"__id__":9}}],"_trs":{"__type__":"TypedArray","ctor":"Float64Array","array":[0,51.47200012207031,0,0,0,0,1,100,100,100]},"_is3DNode":true,"_groupIndex":8,"groupIndex":8},{"__type__":"cc.Node","_name":"floor","_parent":{"__id__":2},"_children":[{"__id__":11},{"__id__":9}],"_trs":{"__type__":"TypedArray","ctor":"Float64Array","array":[0,0,0,0,0,0,1,0.009999999776482582,0.009999999776482582,0.009999999776482582]},"_is3DNode":true},{"__type__":"cc.Node","_name":"New Plane","_parent":{"__id__":10},"_components":[{"__type__":"cc.MeshRenderer","node":{"__id__":11},"_materials":[{"__uuid__":"45ZpFjCddJPIkrdEC4jBE8"}],"_mesh":{"__uuid__":"a17y/JnFdBio9pa+2aeg5/"}},{"__type__":"cc.BoxCollider3D","node":{"__id__":11},"_material":{"__uuid__":"efJGTOCElKqZQqz7fEYcYN"},"_size":{"__type__":"cc.Vec3","x":10,"y":0.001,"z":10}}],"_trs":{"__type__":"TypedArray","ctor":"Float64Array","array":[0,0,0,0,0,0,1,100,100,100]},"_is3DNode":true,"_groupIndex":4,"groupIndex":4},{"__type__":"cc.Node","_name":"New Sphere","_parent":{"__id__":9},"_components":[{"__type__":"cc.MeshRenderer","node":{"__id__":12},"_materials":[{"__uuid__":"e1AlP+x4ZEoZwxe4N9itGm"}],"_mesh":{"__uuid__":"3bvbD2xfZF3p8zi1y6+01t"}}],"_trs":{"__type__":"TypedArray","ctor":"Float64Array","array":[1.2170000076293945,0,0,8.146033536604618e-8,0,0,0.9999999999999967,0.5,0.5,0.5]},"_eulerAngles":{"__type__":"cc.Vec3","x":0.000009334666828389458},"_is3DNode":true,"_groupIndex":8,"groupIndex":8},{"__type__":"cc.Node","_name":"New Button","_parent":{"__id__":2},"_children":[{"__id__":14}],"_components":[{"__type__":"cc.Button","node":{"__id__":13},"_normalMaterial":{"__uuid__":"ecpdLyjvZBwrvm+cedCcQy"},"clickEvents":[{"__type__":"cc.ClickEvent","target":{"__id__":9},"_componentId":"aba27g6ntRDMpLd693yFPdQ","handler":"rotate"}],"_N$transition":2,"transition":2,"_N$normalColor":{"__type__":"cc.Color","r":230,"g":230,"b":230},"_N$pressedColor":{"__type__":"cc.Color","r":200,"g":200,"b":200},"pressedColor":{"__type__":"cc.Color","r":200,"g":200,"b":200},"_N$disabledColor":{"__type__":"cc.Color","r":120,"g":120,"b":120,"a":200},"_N$normalSprite":{"__uuid__":"f0BIwQ8D5Ml7nTNQbh1YlS"},"_N$pressedSprite":{"__uuid__":"e97GVMl6JHh5Ml5qEDdSGa"},"pressedSprite":{"__uuid__":"e97GVMl6JHh5Ml5qEDdSGa"},"_N$hoverSprite":{"__uuid__":"f0BIwQ8D5Ml7nTNQbh1YlS"},"hoverSprite":{"__uuid__":"f0BIwQ8D5Ml7nTNQbh1YlS"},"_N$disabledSprite":{"__uuid__":"29FYIk+N1GYaeWH/q1NxQO"},"_N$target":{"__id__":14}}],"_contentSize":{"__type__":"cc.Size","width":100,"height":40},"_trs":{"__type__":"TypedArray","ctor":"Float64Array","array":[-124.97799682617188,146.54400634765625,0,0,0,0,1,1,1,1]},"_groupIndex":7,"groupIndex":7},{"__type__":"cc.Node","_name":"Background","_parent":{"__id__":13},"_children":[{"__id__":15}],"_components":[{"__type__":"cc.Sprite","node":{"__id__":14},"_materials":[{"__uuid__":"ecpdLyjvZBwrvm+cedCcQy"}],"_spriteFrame":{"__uuid__":"f0BIwQ8D5Ml7nTNQbh1YlS"},"_type":1,"_sizeMode":0},{"__type__":"cc.Widget","node":{"__id__":14},"alignMode":0,"_alignFlags":45,"_originalWidth":100,"_originalHeight":40}],"_contentSize":{"__type__":"cc.Size","width":100,"height":40},"_trs":{"__type__":"TypedArray","ctor":"Float64Array","array":[0,0,0,0,0,0,1,1,1,1]},"_groupIndex":7,"groupIndex":7},{"__type__":"cc.Node","_name":"Label","_parent":{"__id__":14},"_components":[{"__type__":"cc.Label","node":{"__id__":15},"_materials":[{"__uuid__":"ecpdLyjvZBwrvm+cedCcQy"}],"_useOriginalSize":false,"_string":"rotate","_N$string":"rotate","_fontSize":20,"_enableWrapText":false,"_N$horizontalAlign":1,"_N$verticalAlign":1,"_N$overflow":1}],"_color":{"__type__":"cc.Color"},"_contentSize":{"__type__":"cc.Size","width":100,"height":40},"_trs":{"__type__":"TypedArray","ctor":"Float64Array","array":[0,0,0,0,0,0,1,1,1,1]},"_groupIndex":7,"groupIndex":7},{"__type__":"cc.Node","_name":"New Sprite(Splash)","_parent":{"__id__":2},"_components":[{"__type__":"cc.Widget","node":{"__id__":16},"_alignFlags":45,"_originalWidth":808,"_originalHeight":494}],"_contentSize":{"__type__":"cc.Size","width":960,"height":640},"_trs":{"__type__":"TypedArray","ctor":"Float64Array","array":[0,0,0,0,0,0,1,1,1,1]},"_groupIndex":2,"groupIndex":2},{"__type__":"cc.Node","_name":"New Directional Light","_parent":{"__id__":2},"_components":[{"__type__":"cc.Light","node":{"__id__":17},"_shadowMaxDepth":1000,"_shadowFrustumSize":50}],"_trs":{"__type__":"TypedArray","ctor":"Float64Array","array":[275.3219909667969,703.885009765625,866.10498046875,-0.3151744235789017,0.16050050689271073,0.04325924012423686,0.934362514312707,1,1,1]},"_eulerAngles":{"__type__":"cc.Vec3","x":-37.084,"y":19.103,"z":-1.165},"_is3DNode":true},{"__type__":"cc.Node","_name":"New Ambient Light","_parent":{"__id__":2},"_components":[{"__type__":"cc.Light","node":{"__id__":18},"_type":3,"_intensity":0.25,"_range":1,"_shadowMaxDepth":1000,"_shadowFrustumSize":50}],"_trs":{"__type__":"TypedArray","ctor":"Float64Array","array":[0,0,0,0,0,0,1,1,1,1]},"_is3DNode":true},{"__type__":"cc.Node","_name":"New Sprite(Splash)","_parent":{"__id__":2},"_children":[{"__id__":20}],"_active":false,"_components":[{"__type__":"cc.Sprite","node":{"__id__":19},"_materials":[{"__uuid__":"ecpdLyjvZBwrvm+cedCcQy"}],"_spriteFrame":{"__uuid__":"a2MjXRFdtLlYQ5ouAFv/+R"},"_sizeMode":0},{"__type__":"cc.Widget","node":{"__id__":19},"_alignFlags":45,"_originalWidth":100,"_originalHeight":100}],"_color":{"__type__":"cc.Color"},"_contentSize":{"__type__":"cc.Size","width":960,"height":640},"_trs":{"__type__":"TypedArray","ctor":"Float64Array","array":[-480,-320,0,0,0,0,1,1,1,1]},"_groupIndex":7,"groupIndex":7},{"__type__":"cc.Node","_name":"New Label","_parent":{"__id__":19},"_components":[{"__type__":"cc.Label","node":{"__id__":20},"_materials":[{"__uuid__":"ecpdLyjvZBwrvm+cedCcQy"}],"_useOriginalSize":false,"_string":"This scene need physics engine \nwhich is NOT builtin.","_N$string":"This scene need physics engine \nwhich is NOT builtin.","_fontSize":60,"_lineHeight":70,"_N$horizontalAlign":1,"_N$verticalAlign":1}],"_color":{"__type__":"cc.Color","r":255},"_contentSize":{"__type__":"cc.Size","width":797.08,"height":158.2},"_trs":{"__type__":"TypedArray","ctor":"Float64Array","array":[0,0,0,0,0,0,1,1,1,1]},"_groupIndex":7,"groupIndex":7}],{"__type__":"cc.SpriteFrame","content":{"name":"default_btn_pressed","texture":"b4P/PCArtIdIH38t6mlw8Y","rect":[0,0,40,40],"offset":[0,0],"originalSize":[40,40],"capInsets":[12,12,12,12]}},{"__type__":"cc.SpriteFrame","content":{"name":"default_btn_normal","texture":"e8Ueib+qJEhL6mXAHdnwbi","rect":[0,0,40,40],"offset":[0,0],"originalSize":[40,40],"capInsets":[12,12,12,12]}}]