[{"__type__":"cc.SpriteFrame","content":{"name":"default_btn_disabled","texture":"71VhFCTINJM6/Ky3oX9nBT","rect":[0,0,40,40],"offset":[0,0],"originalSize":[40,40],"capInsets":[12,12,12,12]}},{"__type__":"cc.SpriteFrame","content":{"name":"default_btn_pressed","texture":"b4P/PCArtIdIH38t6mlw8Y","rect":[0,0,40,40],"offset":[0,0],"originalSize":[40,40],"capInsets":[12,12,12,12]}},{"__type__":"cc.SpriteFrame","content":{"name":"default_btn_normal","texture":"e8Ueib+qJEhL6mXAHdnwbi","rect":[0,0,40,40],"offset":[0,0],"originalSize":[40,40],"capInsets":[12,12,12,12]}},[{"__type__":"cc.SceneAsset","_name":"particle-main","scene":{"__id__":1},"asyncLoadAssets":null},{"__type__":"cc.Scene","_name":"New Node","_children":[{"__id__":2},{"__id__":3},{"__id__":4},{"__id__":5},{"__id__":6},{"__id__":7},{"__id__":9},{"__id__":11},{"__id__":12},{"__id__":13}],"_anchorPoint":{"__type__":"cc.Vec2"},"_trs":{"__type__":"TypedArray","ctor":"Float64Array","array":[0,0,0,0,0,0,1,1,1,1]},"autoReleaseAssets":false},{"__type__":"cc.Node","_name":"3DCamera","_parent":{"__id__":1},"_components":[{"__type__":"cc.Camera","node":{"__id__":2},"_cullingMask":-129,"_clearFlags":7,"_depth":-1,"_fov":45,"_ortho":false,"_alignWithScreen":false}],"_contentSize":{"__type__":"cc.Size","width":960,"height":640},"_trs":{"__type__":"TypedArray","ctor":"Float64Array","array":[488,334,18,-0.17298739392508944,0.08583165117743129,0.01513443590133862,0.9810602621904069,1,1,1]},"_eulerAngles":{"__type__":"cc.Vec3","x":-20,"y":10},"_is3DNode":true,"_id":"e1WoFrQ79G7r4ZuQE3HlNb"},{"__type__":"cc.Node","_name":"simulation_local","_parent":{"__id__":1},"_components":[{"__type__":"cc.ParticleSystem3D","node":{"__id__":3},"_materials":[{"__uuid__":"43L6CczwNM/6GGmCYEQIoH"}],"startDelay":{"__type__":"cc.CurveRange"},"startLifetime":{"__type__":"cc.CurveRange","constant":5},"startColor":{"__type__":"cc.GradientRange"},"startSize":{"__type__":"cc.CurveRange","constant":1},"startSpeed":{"__type__":"cc.CurveRange","constant":1},"startRotation":{"__type__":"cc.CurveRange"},"gravityModifier":{"__type__":"cc.CurveRange"},"rateOverTime":{"__type__":"cc.CurveRange","constant":1},"rateOverDistance":{"__type__":"cc.CurveRange"}}],"_trs":{"__type__":"TypedArray","ctor":"Float64Array","array":[478,320,0,0.7071067811865475,0,0,0.7071067811865476,1,1,1]},"_eulerAngles":{"__type__":"cc.Vec3","x":90},"_is3DNode":true,"_id":"0ete7Hl0JBsarnlm9bNJE+"},{"__type__":"cc.Node","_name":"simulation_world","_parent":{"__id__":1},"_components":[{"__type__":"cc.ParticleSystem3D","node":{"__id__":4},"_materials":[{"__uuid__":"43L6CczwNM/6GGmCYEQIoH"}],"_simulationSpace":0,"startDelay":{"__type__":"cc.CurveRange"},"startLifetime":{"__type__":"cc.CurveRange","constant":5},"startColor":{"__type__":"cc.GradientRange"},"startSize":{"__type__":"cc.CurveRange","constant":1},"startSpeed":{"__type__":"cc.CurveRange","constant":1},"startRotation":{"__type__":"cc.CurveRange"},"gravityModifier":{"__type__":"cc.CurveRange"},"rateOverTime":{"__type__":"cc.CurveRange","constant":1},"rateOverDistance":{"__type__":"cc.CurveRange"}}],"_trs":{"__type__":"TypedArray","ctor":"Float64Array","array":[480,320,0,0.7071067811865475,0,0,0.7071067811865476,1,1,1]},"_eulerAngles":{"__type__":"cc.Vec3","x":90},"_is3DNode":true,"_id":"3aMLfP2jRE9ZSTvZcRFDLW"},{"__type__":"cc.Node","_name":"scale-space-local","_parent":{"__id__":1},"_components":[{"__type__":"cc.ParticleSystem3D","node":{"__id__":5},"_materials":[{"__uuid__":"43L6CczwNM/6GGmCYEQIoH"}],"startDelay":{"__type__":"cc.CurveRange"},"startLifetime":{"__type__":"cc.CurveRange","constant":5},"startColor":{"__type__":"cc.GradientRange"},"startSize":{"__type__":"cc.CurveRange","constant":1},"startSpeed":{"__type__":"cc.CurveRange","constant":1},"startRotation":{"__type__":"cc.CurveRange"},"gravityModifier":{"__type__":"cc.CurveRange"},"rateOverTime":{"__type__":"cc.CurveRange","constant":1},"rateOverDistance":{"__type__":"cc.CurveRange"}}],"_trs":{"__type__":"TypedArray","ctor":"Float64Array","array":[482,320,0,0.7071067811865475,0,0,0.7071067811865476,2,2,2]},"_eulerAngles":{"__type__":"cc.Vec3","x":90},"_is3DNode":true,"_id":"afMN7UBqtODbeYrpKWy5bZ"},{"__type__":"cc.Node","_name":"scale-space-local-simulation-world","_parent":{"__id__":1},"_components":[{"__type__":"cc.ParticleSystem3D","node":{"__id__":6},"_materials":[{"__uuid__":"43L6CczwNM/6GGmCYEQIoH"}],"_simulationSpace":0,"startDelay":{"__type__":"cc.CurveRange"},"startLifetime":{"__type__":"cc.CurveRange","constant":5},"startColor":{"__type__":"cc.GradientRange"},"startSize":{"__type__":"cc.CurveRange","constant":1},"startSpeed":{"__type__":"cc.CurveRange","constant":1},"startRotation":{"__type__":"cc.CurveRange"},"gravityModifier":{"__type__":"cc.CurveRange"},"rateOverTime":{"__type__":"cc.CurveRange","constant":1},"rateOverDistance":{"__type__":"cc.CurveRange"}}],"_trs":{"__type__":"TypedArray","ctor":"Float64Array","array":[484,320,0,0.7071067811865475,0,0,0.7071067811865476,2,2,2]},"_eulerAngles":{"__type__":"cc.Vec3","x":90},"_is3DNode":true,"_id":"71W4vafr9O/5H83vVdx+HO"},{"__type__":"cc.Node","_name":"scale-space-world","_parent":{"__id__":1},"_children":[{"__id__":8}],"_trs":{"__type__":"TypedArray","ctor":"Float64Array","array":[486,320,0,0,0,0,1,2,2,2]},"_is3DNode":true,"_id":"36oxlt+N1J0alsQU6ZF6+1"},{"__type__":"cc.Node","_name":"scale-space-world","_parent":{"__id__":7},"_components":[{"__type__":"cc.ParticleSystem3D","node":{"__id__":8},"_materials":[{"__uuid__":"43L6CczwNM/6GGmCYEQIoH"}],"startDelay":{"__type__":"cc.CurveRange"},"startLifetime":{"__type__":"cc.CurveRange","constant":5},"startColor":{"__type__":"cc.GradientRange"},"scaleSpace":0,"startSize":{"__type__":"cc.CurveRange","constant":1},"startSpeed":{"__type__":"cc.CurveRange","constant":1},"startRotation":{"__type__":"cc.CurveRange"},"gravityModifier":{"__type__":"cc.CurveRange"},"rateOverTime":{"__type__":"cc.CurveRange","constant":1},"rateOverDistance":{"__type__":"cc.CurveRange"}}],"_trs":{"__type__":"TypedArray","ctor":"Float64Array","array":[0,0,0,0.7071067811865475,0,0,0.7071067811865476,1,1,1]},"_eulerAngles":{"__type__":"cc.Vec3","x":90},"_is3DNode":true},{"__type__":"cc.Node","_name":"scale-space-world-simulation-world","_parent":{"__id__":1},"_children":[{"__id__":10}],"_trs":{"__type__":"TypedArray","ctor":"Float64Array","array":[488,320,0,0,0,0,1,2,2,2]},"_is3DNode":true,"_id":"f4Hmq/NuNO2Jb3PjEwMkbE"},{"__type__":"cc.Node","_name":"scale-space-world-simulation-world","_parent":{"__id__":9},"_components":[{"__type__":"cc.ParticleSystem3D","node":{"__id__":10},"_materials":[{"__uuid__":"43L6CczwNM/6GGmCYEQIoH"}],"_simulationSpace":0,"startDelay":{"__type__":"cc.CurveRange"},"startLifetime":{"__type__":"cc.CurveRange","constant":5},"startColor":{"__type__":"cc.GradientRange"},"scaleSpace":0,"startSize":{"__type__":"cc.CurveRange","constant":1},"startSpeed":{"__type__":"cc.CurveRange","constant":1},"startRotation":{"__type__":"cc.CurveRange"},"gravityModifier":{"__type__":"cc.CurveRange"},"rateOverTime":{"__type__":"cc.CurveRange","constant":1},"rateOverDistance":{"__type__":"cc.CurveRange"}}],"_trs":{"__type__":"TypedArray","ctor":"Float64Array","array":[0,0,0,0.7071067811865475,0,0,0.7071067811865476,1,1,1]},"_eulerAngles":{"__type__":"cc.Vec3","x":90},"_is3DNode":true},{"__type__":"cc.Node","_name":"burst","_parent":{"__id__":1},"_components":[{"__type__":"cc.ParticleSystem3D","node":{"__id__":11},"_materials":[{"__uuid__":"43L6CczwNM/6GGmCYEQIoH"}],"startDelay":{"__type__":"cc.CurveRange"},"startLifetime":{"__type__":"cc.CurveRange","constant":5},"startColor":{"__type__":"cc.GradientRange"},"startSize":{"__type__":"cc.CurveRange","constant":1},"startSpeed":{"__type__":"cc.CurveRange","constant":1},"startRotation":{"__type__":"cc.CurveRange"},"gravityModifier":{"__type__":"cc.CurveRange"},"rateOverTime":{"__type__":"cc.CurveRange"},"rateOverDistance":{"__type__":"cc.CurveRange"},"bursts":[{"__type__":"cc.Burst","minCount":1,"maxCount":1,"_repeatCount":2,"repeatInterval":0.5,"count":{"__type__":"cc.CurveRange","constant":1}}]}],"_trs":{"__type__":"TypedArray","ctor":"Float64Array","array":[490,320,0,0.7071067811865475,0,0,0.7071067811865476,1,1,1]},"_eulerAngles":{"__type__":"cc.Vec3","x":90},"_is3DNode":true,"_id":"2a+JIp75JLc4Gp6XdKc9gt"},{"__type__":"cc.Node","_name":"rate-over-distance","_parent":{"__id__":1},"_components":[{"__type__":"cc.ParticleSystem3D","node":{"__id__":12},"_materials":[{"__uuid__":"43L6CczwNM/6GGmCYEQIoH"}],"_simulationSpace":0,"startDelay":{"__type__":"cc.CurveRange"},"startLifetime":{"__type__":"cc.CurveRange","constant":5},"startColor":{"__type__":"cc.GradientRange"},"startSize":{"__type__":"cc.CurveRange","constant":1},"startSpeed":{"__type__":"cc.CurveRange","constant":1},"startRotation":{"__type__":"cc.CurveRange"},"gravityModifier":{"__type__":"cc.CurveRange"},"rateOverTime":{"__type__":"cc.CurveRange"},"rateOverDistance":{"__type__":"cc.CurveRange","constant":1}}],"_trs":{"__type__":"TypedArray","ctor":"Float64Array","array":[492,320,0,0.7071067811865475,0,0,0.7071067811865476,1,1,1]},"_eulerAngles":{"__type__":"cc.Vec3","x":90},"_is3DNode":true,"_id":"faicqoerROfp4D3x++/ghX"},{"__type__":"cc.Node","_name":"Canvas","_parent":{"__id__":1},"_children":[{"__id__":14},{"__id__":15}],"_components":[{"__type__":"cc.Canvas","node":{"__id__":13}},{"__type__":"cc.Widget","node":{"__id__":13},"_alignFlags":45}],"_contentSize":{"__type__":"cc.Size","width":960,"height":640},"_trs":{"__type__":"TypedArray","ctor":"Float64Array","array":[480,320,0,0,0,0,1,1,1,1]},"_id":"a5esZu+45LA5mBpvttspPD"},{"__type__":"cc.Node","_name":"Main Camera","_parent":{"__id__":13},"_components":[{"__type__":"cc.Camera","node":{"__id__":14},"_cullingMask":0,"_depth":-1}],"_trs":{"__type__":"TypedArray","ctor":"Float64Array","array":[0,0,252.8794179050561,0,0,0,1,1,1,1]}},{"__type__":"cc.Node","_name":"Tips","_parent":{"__id__":13},"_children":[{"__id__":16},{"__id__":17}],"_trs":{"__type__":"TypedArray","ctor":"Float64Array","array":[0,0,0,0,0,0,1,1,1,1]}},{"__type__":"cc.Node","_name":"UICamera","_parent":{"__id__":15},"_components":[{"__type__":"cc.Camera","node":{"__id__":16},"_cullingMask":128,"_nearClip":0.1}],"_trs":{"__type__":"TypedArray","ctor":"Float64Array","array":[0,0,252.8794179050561,0,0,0,1,1,1,1]},"_groupIndex":7,"groupIndex":7},{"__type__":"cc.Node","_name":"Panel","_parent":{"__id__":15},"_children":[{"__id__":18},{"__id__":19}],"_components":[{"__type__":"b71d3yctLlH0bVfbZXKVJIY","node":{"__id__":17}}],"_trs":{"__type__":"TypedArray","ctor":"Float64Array","array":[0,0,0,0,0,0,1,1,1,1]},"_groupIndex":7,"groupIndex":7},{"__type__":"cc.Node","_name":"tips","_parent":{"__id__":17},"_active":false,"_components":[{"__type__":"e4f88adp3hERoJ48DZ2PSAl","node":{"__id__":18},"_materials":[{"__uuid__":"ecpdLyjvZBwrvm+cedCcQy"}],"_string":"1. Left one, left two are contrasts, the effect is the same \n2. Left three, left five particles are doubled, and the center distance between particles is doubled.\n3.Left four left six particles are doubled, the center distance between the particles is not changed\n4. The left seventh generates two particles every five seconds, and the time interval between the two particles is 0.5 seconds \n5. The left eight can be viewed in the scene editor. Each particle is dragged to generate a particle.","_N$string":"1. Left one, left two are contrasts, the effect is the same \n2. Left three, left five particles are doubled, and the center distance between particles is doubled.\n3.Left four left six particles are doubled, the center distance between the particles is not changed\n4. The left seventh generates two particles every five seconds, and the time interval between the two particles is 0.5 seconds \n5. The left eight can be viewed in the scene editor. Each particle is dragged to generate a particle.","_fontSize":16,"_N$textKey":"cases/particle3d.main"}],"_contentSize":{"__type__":"cc.Size","width":886.7,"height":210.4},"_trs":{"__type__":"TypedArray","ctor":"Float64Array","array":[0,0,0,0,0,0,1,1,1,1]},"_groupIndex":7,"groupIndex":7},{"__type__":"cc.Node","_name":"Button","_parent":{"__id__":17},"_children":[{"__id__":20}],"_components":[{"__type__":"cc.Button","node":{"__id__":19},"_normalMaterial":{"__uuid__":"ecpdLyjvZBwrvm+cedCcQy"},"clickEvents":[{"__type__":"cc.ClickEvent","target":{"__id__":17},"_componentId":"b71d3yctLlH0bVfbZXKVJIY","handler":"showtip"}],"_N$transition":3,"transition":3,"_N$normalColor":{"__type__":"cc.Color","r":230,"g":230,"b":230},"_N$pressedColor":{"__type__":"cc.Color","r":200,"g":200,"b":200},"pressedColor":{"__type__":"cc.Color","r":200,"g":200,"b":200},"_N$disabledColor":{"__type__":"cc.Color","r":120,"g":120,"b":120,"a":200},"_N$normalSprite":{"__uuid__":"f0BIwQ8D5Ml7nTNQbh1YlS"},"_N$pressedSprite":{"__uuid__":"e97GVMl6JHh5Ml5qEDdSGa"},"pressedSprite":{"__uuid__":"e97GVMl6JHh5Ml5qEDdSGa"},"_N$hoverSprite":{"__uuid__":"f0BIwQ8D5Ml7nTNQbh1YlS"},"hoverSprite":{"__uuid__":"f0BIwQ8D5Ml7nTNQbh1YlS"},"_N$disabledSprite":{"__uuid__":"29FYIk+N1GYaeWH/q1NxQO"},"_N$target":{"__id__":20}}],"_contentSize":{"__type__":"cc.Size","width":100,"height":40},"_trs":{"__type__":"TypedArray","ctor":"Float64Array","array":[275.067,234.405,0,0,0,0,1,1,1,1]},"_groupIndex":7,"groupIndex":7},{"__type__":"cc.Node","_name":"Background","_parent":{"__id__":19},"_children":[{"__id__":21}],"_components":[{"__type__":"cc.Sprite","node":{"__id__":20},"_materials":[{"__uuid__":"ecpdLyjvZBwrvm+cedCcQy"}],"_spriteFrame":{"__uuid__":"f0BIwQ8D5Ml7nTNQbh1YlS"},"_type":1,"_sizeMode":0},{"__type__":"cc.Widget","node":{"__id__":20},"alignMode":0,"_alignFlags":45,"_originalWidth":100,"_originalHeight":40}],"_contentSize":{"__type__":"cc.Size","width":100,"height":40},"_trs":{"__type__":"TypedArray","ctor":"Float64Array","array":[0,0,0,0,0,0,1,1,1,1]},"_groupIndex":7,"groupIndex":7},{"__type__":"cc.Node","_name":"Label","_parent":{"__id__":20},"_components":[{"__type__":"cc.Label","node":{"__id__":21},"_materials":[{"__uuid__":"ecpdLyjvZBwrvm+cedCcQy"}],"_useOriginalSize":false,"_string":"Tips","_N$string":"Tips","_fontSize":20,"_enableWrapText":false,"_N$horizontalAlign":1,"_N$verticalAlign":1,"_N$overflow":1}],"_color":{"__type__":"cc.Color"},"_contentSize":{"__type__":"cc.Size","width":100,"height":60},"_trs":{"__type__":"TypedArray","ctor":"Float64Array","array":[0,0,0,0,0,0,1,1,1,1]},"_groupIndex":7,"groupIndex":7}]]