[[{"__type__":"cc.Prefab","_name":"ListItem","data":{"__id__":1}},{"__type__":"cc.Node","_name":"item","_children":[{"__id__":2}],"_components":[{"__type__":"aa63bWNE8hBf4P4Sp0X2uT0","node":{"__id__":1},"label":{"__id__":3},"bg":{"__id__":4},"btn":{"__id__":5}},{"__id__":4},{"__id__":5}],"_prefab":{"__type__":"cc.PrefabInfo","root":{"__id__":1},"asset":{"__uuid__":"1eoho0ymhIgI32BauxkHn9"},"fileId":"7838dEuCdBIjomA/4pnvg05"},"_contentSize":{"__type__":"cc.Size","width":400,"height":40},"_anchorPoint":{"__type__":"cc.Vec2","y":0.5},"_trs":{"__type__":"TypedArray","ctor":"Float64Array","array":[50,-50,0,0,0,0,0,1,1,1]}},{"__type__":"cc.Node","_name":"label","_parent":{"__id__":1},"_components":[{"__type__":"cc.Widget","node":{"__id__":2},"alignMode":0,"_alignFlags":45,"_left":30,"_right":285.51,"_top":4.25,"_bottom":4.25,"_originalWidth":482,"_originalHeight":33},{"__id__":3}],"_prefab":{"__type__":"cc.PrefabInfo","root":{"__id__":1},"asset":{"__uuid__":"1eoho0ymhIgI32BauxkHn9"},"fileId":"a552bVxCCBNdLO5TgH0HsGm"},"_color":{"__type__":"cc.Color"},"_contentSize":{"__type__":"cc.Size","width":84.49,"height":31.5},"_anchorPoint":{"__type__":"cc.Vec2","y":0.5},"_trs":{"__type__":"TypedArray","ctor":"Float64Array","array":[30,0,0,0,0,0,0,1,1,1]}},{"__type__":"cc.Label","node":{"__id__":2},"_useOriginalSize":false,"_string":"Label sss","_N$string":"Label sss","_fontSize":20,"_lineHeight":25,"_N$verticalAlign":1},{"__type__":"cc.Sprite","node":{"__id__":1},"_spriteFrame":{"__uuid__":"93IPCkVxlHqI9nYkpyw1bw"},"_type":1,"_sizeMode":0},{"__type__":"cc.Button","node":{"__id__":1},"clickEvents":[{"__type__":"cc.ClickEvent","target":{"__id__":1},"_componentId":"aa63bWNE8hBf4P4Sp0X2uT0","handler":"loadExample"}],"_N$transition":1,"transition":1,"_N$pressedColor":{"__type__":"cc.Color","r":192,"g":191,"b":191},"pressedColor":{"__type__":"cc.Color","r":192,"g":191,"b":191},"_N$hoverColor":{"__type__":"cc.Color","r":180,"g":180,"b":180},"hoverColor":{"__type__":"cc.Color","r":180,"g":180,"b":180},"_N$disabledColor":{"__type__":"cc.Color","r":255,"g":255,"b":255},"_N$target":{"__id__":1}}],{"__type__":"cc.SpriteFrame","content":{"name":"panelBG","texture":"32Kf6rsGJMda2RuWJgLe8h","rect":[0,0,27,30],"offset":[0,0],"originalSize":[27,30],"capInsets":[11,12,11,15]}}]