{"__type__":"dragonBones.DragonBonesAsset","_name":"skin_1502b_ske","_dragonBonesJson":"{\"frameRate\":24,\"name\":\"skin_1502b\",\"version\":\"5.5\",\"compatibleVersion\":\"5.5\",\"armature\":[{\"type\":\"Armature\",\"frameRate\":24,\"name\":\"skin_a\",\"aabb\":{\"x\":-95.11,\"y\":-233.81,\"width\":176.64,\"height\":281.55},\"bone\":[{\"name\":\"root\"},{\"inheritScale\":false,\"length\":20,\"name\":\"foot_l\",\"parent\":\"root\",\"transform\":{\"x\":62.85,\"y\":-25,\"scX\":0.9955}},{\"inheritScale\":false,\"length\":40,\"name\":\"thigh_l\",\"parent\":\"root\",\"transform\":{\"x\":8.3,\"y\":-133.55,\"skX\":21.9887,\"skY\":21.9887,\"scX\":0.9995,\"scY\":0.9977}},{\"inheritScale\":false,\"length\":42,\"name\":\"thigh_r\",\"parent\":\"root\",\"transform\":{\"x\":-8.55,\"y\":-112.45,\"skX\":69.8809,\"skY\":69.8854,\"scX\":0.9876,\"scY\":0.9979}},{\"inheritScale\":false,\"length\":20,\"name\":\"pelvis\",\"parent\":\"root\",\"transform\":{\"y\":-123.15,\"skX\":-89.9991,\"skY\":-89.9991}},{\"inheritScale\":false,\"length\":20,\"name\":\"foot_r\",\"parent\":\"root\",\"transform\":{\"x\":-43.8,\"y\":-4,\"scX\":0.9955}},{\"inheritScale\":false,\"length\":50,\"name\":\"thigh_1_l\",\"parent\":\"thigh_l\",\"transform\":{\"x\":40.11,\"y\":-0.04,\"skX\":97.9614,\"skY\":97.9621,\"scX\":0.9894,\"scY\":0.9971}},{\"inheritScale\":false,\"length\":20,\"name\":\"chest\",\"parent\":\"pelvis\",\"transform\":{\"x\":13.75,\"skX\":-90,\"skY\":-90}},{\"inheritScale\":false,\"length\":53,\"name\":\"thigh_1_r\",\"parent\":\"thigh_r\",\"transform\":{\"x\":41.52,\"y\":-0.01,\"skX\":105.4235,\"skY\":105.423,\"scX\":0.9984,\"scY\":0.9995}},{\"inheritScale\":false,\"length\":20,\"name\":\"shouder_r\",\"parent\":\"chest\",\"transform\":{\"x\":13.74,\"y\":31.28,\"scX\":0.9965,\"scY\":0.9969}},{\"inheritScale\":false,\"length\":20,\"name\":\"shouder_l\",\"parent\":\"chest\",\"transform\":{\"x\":-2.41,\"y\":46.59,\"scX\":0.9965,\"scY\":0.9969}},{\"inheritRotation\":false,\"inheritScale\":false,\"length\":100,\"name\":\"effects_b\",\"parent\":\"chest\",\"transform\":{\"x\":11.65,\"y\":3.13,\"skX\":130,\"skY\":130}},{\"inheritScale\":false,\"length\":64,\"name\":\"calf_l\",\"parent\":\"thigh_1_l\",\"transform\":{\"x\":50.91,\"y\":0.01,\"skX\":-70.8583,\"skY\":-70.864,\"scX\":1.0149,\"scY\":0.9967}},{\"inheritRotation\":false,\"inheritScale\":false,\"length\":100,\"name\":\"effects_f\",\"parent\":\"chest\",\"transform\":{\"x\":-20.82,\"y\":-13.37,\"skX\":90,\"skY\":90}},{\"inheritScale\":false,\"length\":66,\"name\":\"calf_r\",\"parent\":\"thigh_1_r\",\"transform\":{\"x\":53.26,\"y\":-0.02,\"skX\":-88.4874,\"skY\":-88.4933,\"scX\":0.9852,\"scY\":0.9996}},{\"inheritScale\":false,\"length\":100,\"name\":\"weapon_r\",\"parent\":\"shouder_r\",\"transform\":{\"x\":5.98,\"skX\":180,\"skY\":180,\"scX\":0.9982,\"scY\":0.9994}},{\"inheritScale\":false,\"length\":100,\"name\":\"weapon_l\",\"parent\":\"shouder_l\",\"transform\":{\"x\":5.6,\"y\":0.04,\"skX\":180,\"skY\":180,\"scX\":0.998,\"scY\":0.9993}}],\"slot\":[{\"name\":\"shouder_l\",\"parent\":\"shouder_l\"},{\"name\":\"foot_l\",\"parent\":\"foot_l\"},{\"name\":\"thigh_1_l\",\"parent\":\"thigh_1_l\"},{\"name\":\"calf_l\",\"parent\":\"calf_l\"},{\"name\":\"thigh_l\",\"parent\":\"thigh_l\"},{\"name\":\"pelvis\",\"parent\":\"pelvis\"},{\"name\":\"chest\",\"parent\":\"chest\"},{\"name\":\"foot_r\",\"parent\":\"foot_r\"},{\"name\":\"thigh_1_r\",\"parent\":\"thigh_1_r\"},{\"name\":\"calf_r\",\"parent\":\"calf_r\"},{\"name\":\"thigh_r\",\"parent\":\"thigh_r\"},{\"name\":\"shouder_r\",\"parent\":\"shouder_r\"}],\"ik\":[{\"bendPositive\":false,\"chain\":1,\"name\":\"calf_l\",\"bone\":\"calf_l\",\"target\":\"foot_l\"},{\"bendPositive\":false,\"chain\":1,\"name\":\"calf_r\",\"bone\":\"calf_r\",\"target\":\"foot_r\"}],\"skin\":[{\"name\":\"\",\"slot\":[{\"name\":\"calf_r\",\"display\":[{\"name\":\"mecha_1003_folder/calf_r_0\",\"transform\":{\"x\":27.79,\"y\":1.87}}]},{\"name\":\"thigh_l\",\"display\":[{\"name\":\"mecha_1003d_folder/thigh_l_0\",\"transform\":{\"x\":19.18,\"y\":2.88}}]},{\"name\":\"shouder_r\",\"display\":[{\"name\":\"mecha_1002_folder/upperarm_r_2\",\"transform\":{\"y\":2.57,\"skX\":-99.69,\"skY\":-99.69}}]},{\"name\":\"chest\",\"display\":[{\"name\":\"mecha_1004_folder/chest_1\",\"transform\":{\"x\":-8.78,\"y\":46.41,\"skX\":89.57,\"skY\":89.57}}]},{\"name\":\"foot_l\",\"display\":[{\"name\":\"mecha_1004d_folder/foot_l_0\",\"transform\":{\"x\":2.31,\"y\":7.74,\"skX\":90,\"skY\":90}}]},{\"name\":\"thigh_1_r\",\"display\":[{\"name\":\"mecha_1502b_folder/thigh_1_r_1\",\"transform\":{\"x\":21.55,\"y\":-1.9,\"skX\":0.44,\"skY\":0.44}}]},{\"name\":\"calf_l\",\"display\":[{\"name\":\"mecha_1003_folder/calf_l_0\",\"transform\":{\"x\":26.86,\"y\":4.15}}]},{\"name\":\"thigh_r\",\"display\":[{\"name\":\"mecha_1003d_folder/thigh_r_0\",\"transform\":{\"x\":15.04,\"y\":-7.6}}]},{\"name\":\"pelvis\",\"display\":[{\"name\":\"mecha_1502b_folder/pelvis\",\"transform\":{\"x\":3.5,\"y\":7.5}}]},{\"name\":\"shouder_l\",\"display\":[{\"name\":\"mecha_1002_folder/upperarm_l_2\",\"transform\":{\"x\":-0.86,\"y\":-3.85,\"skX\":-105.8,\"skY\":-105.8}}]},{\"name\":\"foot_r\",\"display\":[{\"name\":\"mecha_1004d_folder/foot_r_1\",\"transform\":{\"x\":2.57,\"y\":9.25,\"skX\":90,\"skY\":90}}]},{\"name\":\"thigh_1_l\",\"display\":[{\"name\":\"mecha_1502b_folder/thigh_1_l_0\",\"transform\":{\"x\":23,\"y\":-2.95,\"skX\":0.11,\"skY\":0.11}}]}]}],\"animation\":[{\"duration\":0,\"playTimes\":0,\"name\":\"empty\"}],\"defaultActions\":[{\"gotoAndPlay\":\"empty\"}]},{\"type\":\"Armature\",\"frameRate\":24,\"name\":\"skin_b\",\"aabb\":{\"x\":-95.36,\"y\":-159.15,\"width\":181.68,\"height\":216.21},\"bone\":[{\"name\":\"root\"},{\"inheritScale\":false,\"length\":20,\"name\":\"foot_l\",\"parent\":\"root\",\"transform\":{\"x\":62.85,\"y\":-25,\"scX\":0.9955}},{\"inheritScale\":false,\"length\":40,\"name\":\"thigh_l\",\"parent\":\"root\",\"transform\":{\"x\":8.3,\"y\":-133.55,\"skX\":21.9887,\"skY\":21.9887,\"scX\":0.9995,\"scY\":0.9977}},{\"inheritScale\":false,\"length\":42,\"name\":\"thigh_r\",\"parent\":\"root\",\"transform\":{\"x\":-8.55,\"y\":-112.45,\"skX\":69.8809,\"skY\":69.8854,\"scX\":0.9876,\"scY\":0.9979}},{\"inheritScale\":false,\"length\":20,\"name\":\"pelvis\",\"parent\":\"root\",\"transform\":{\"y\":-123.15,\"skX\":-89.9991,\"skY\":-89.9991}},{\"inheritScale\":false,\"length\":20,\"name\":\"foot_r\",\"parent\":\"root\",\"transform\":{\"x\":-43.8,\"y\":-4,\"scX\":0.9955}},{\"inheritScale\":false,\"length\":50,\"name\":\"thigh_1_l\",\"parent\":\"thigh_l\",\"transform\":{\"x\":40.11,\"y\":-0.04,\"skX\":97.9614,\"skY\":97.9621,\"scX\":0.9894,\"scY\":0.9971}},{\"inheritScale\":false,\"length\":20,\"name\":\"chest\",\"parent\":\"pelvis\",\"transform\":{\"x\":13.75,\"skX\":-90,\"skY\":-90}},{\"inheritScale\":false,\"length\":53,\"name\":\"thigh_1_r\",\"parent\":\"thigh_r\",\"transform\":{\"x\":41.52,\"y\":-0.01,\"skX\":105.4235,\"skY\":105.423,\"scX\":0.9984,\"scY\":0.9995}},{\"inheritScale\":false,\"length\":20,\"name\":\"shouder_r\",\"parent\":\"chest\",\"transform\":{\"x\":13.74,\"y\":31.28,\"scX\":0.9965,\"scY\":0.9969}},{\"inheritScale\":false,\"length\":20,\"name\":\"shouder_l\",\"parent\":\"chest\",\"transform\":{\"x\":-2.41,\"y\":46.59,\"scX\":0.9965,\"scY\":0.9969}},{\"inheritRotation\":false,\"inheritScale\":false,\"length\":100,\"name\":\"effects_b\",\"parent\":\"chest\",\"transform\":{\"x\":11.65,\"y\":3.13,\"skX\":130,\"skY\":130}},{\"inheritScale\":false,\"length\":64,\"name\":\"calf_l\",\"parent\":\"thigh_1_l\",\"transform\":{\"x\":50.91,\"y\":0.01,\"skX\":-70.8583,\"skY\":-70.864,\"scX\":1.0149,\"scY\":0.9967}},{\"inheritRotation\":false,\"inheritScale\":false,\"length\":100,\"name\":\"effects_f\",\"parent\":\"chest\",\"transform\":{\"x\":-20.82,\"y\":-13.37,\"skX\":90,\"skY\":90}},{\"inheritScale\":false,\"length\":66,\"name\":\"calf_r\",\"parent\":\"thigh_1_r\",\"transform\":{\"x\":53.26,\"y\":-0.02,\"skX\":-88.4874,\"skY\":-88.4933,\"scX\":0.9852,\"scY\":0.9996}},{\"inheritScale\":false,\"length\":100,\"name\":\"weapon_r\",\"parent\":\"shouder_r\",\"transform\":{\"x\":5.98,\"skX\":180,\"skY\":180,\"scX\":0.9982,\"scY\":0.9994}},{\"inheritScale\":false,\"length\":100,\"name\":\"weapon_l\",\"parent\":\"shouder_l\",\"transform\":{\"x\":5.6,\"y\":0.04,\"skX\":180,\"skY\":180,\"scX\":0.998,\"scY\":0.9993}}],\"slot\":[{\"name\":\"foot_l\",\"parent\":\"foot_l\"},{\"name\":\"thigh_1_l\",\"parent\":\"thigh_1_l\"},{\"name\":\"calf_l\",\"parent\":\"calf_l\"},{\"name\":\"thigh_l\",\"parent\":\"thigh_l\"},{\"name\":\"pelvis\",\"parent\":\"pelvis\"},{\"name\":\"foot_r\",\"parent\":\"foot_r\"},{\"name\":\"thigh_1_r\",\"parent\":\"thigh_1_r\"},{\"name\":\"calf_r\",\"parent\":\"calf_r\"},{\"name\":\"thigh_r\",\"parent\":\"thigh_r\"}],\"ik\":[{\"bendPositive\":false,\"chain\":1,\"name\":\"calf_l\",\"bone\":\"calf_l\",\"target\":\"foot_l\"},{\"bendPositive\":false,\"chain\":1,\"name\":\"calf_r\",\"bone\":\"calf_r\",\"target\":\"foot_r\"}],\"skin\":[{\"name\":\"\",\"slot\":[{\"name\":\"calf_r\",\"display\":[{\"name\":\"mecha_1003_folder/calf_r_0\",\"transform\":{\"x\":27.57,\"y\":2.12}}]},{\"name\":\"thigh_r\",\"display\":[{\"name\":\"mecha_1008d_folder/thigh_r_0\",\"transform\":{\"x\":21.88,\"y\":0.81}}]},{\"name\":\"foot_r\",\"display\":[{\"name\":\"mecha_1003_folder/foot_r_0\",\"transform\":{\"y\":10.56,\"skX\":90,\"skY\":90}}]},{\"name\":\"thigh_l\",\"display\":[{\"name\":\"mecha_1008d_folder/thigh_l_0\",\"transform\":{\"x\":21.27,\"y\":-0.79}}]},{\"name\":\"calf_l\",\"display\":[{\"name\":\"mecha_1003_folder/calf_l_0\",\"transform\":{\"x\":25.8,\"y\":3.8}}]},{\"name\":\"thigh_1_r\",\"display\":[{\"name\":\"mecha_1502b_folder/thigh_1_r_1\",\"transform\":{\"x\":21.55,\"y\":-1.9,\"skX\":0.44,\"skY\":0.44}}]},{\"name\":\"thigh_1_l\",\"display\":[{\"name\":\"mecha_1502b_folder/thigh_1_l_0\",\"transform\":{\"x\":23,\"y\":-2.95,\"skX\":0.11,\"skY\":0.11}}]},{\"name\":\"pelvis\",\"display\":[{\"name\":\"mecha_1502b_folder/pelvis\",\"transform\":{\"x\":3.5,\"y\":7.5}}]},{\"name\":\"foot_l\",\"display\":[{\"name\":\"mecha_1003_folder/foot_l_0\",\"transform\":{\"x\":-0.28,\"y\":10.13,\"skX\":90,\"skY\":90}}]}]}],\"animation\":[{\"duration\":0,\"playTimes\":0,\"name\":\"newAnimation\"}],\"defaultActions\":[{\"gotoAndPlay\":\"newAnimation\"}]},{\"type\":\"Armature\",\"frameRate\":24,\"name\":\"skin_c\",\"aabb\":{\"x\":-95.92,\"y\":-280.98,\"width\":187.45,\"height\":328.63},\"bone\":[{\"name\":\"root\"},{\"inheritScale\":false,\"length\":20,\"name\":\"foot_l\",\"parent\":\"root\",\"transform\":{\"x\":62.85,\"y\":-25,\"scX\":0.9955}},{\"inheritScale\":false,\"length\":40,\"name\":\"thigh_l\",\"parent\":\"root\",\"transform\":{\"x\":8.3,\"y\":-133.55,\"skX\":21.9887,\"skY\":21.9887,\"scX\":0.9995,\"scY\":0.9977}},{\"inheritScale\":false,\"length\":42,\"name\":\"thigh_r\",\"parent\":\"root\",\"transform\":{\"x\":-8.55,\"y\":-112.45,\"skX\":69.8809,\"skY\":69.8854,\"scX\":0.9876,\"scY\":0.9979}},{\"inheritScale\":false,\"length\":20,\"name\":\"pelvis\",\"parent\":\"root\",\"transform\":{\"y\":-123.15,\"skX\":-89.9991,\"skY\":-89.9991}},{\"inheritScale\":false,\"length\":20,\"name\":\"foot_r\",\"parent\":\"root\",\"transform\":{\"x\":-43.8,\"y\":-4,\"scX\":0.9955}},{\"inheritScale\":false,\"length\":50,\"name\":\"thigh_1_l\",\"parent\":\"thigh_l\",\"transform\":{\"x\":40.11,\"y\":-0.04,\"skX\":97.9614,\"skY\":97.9621,\"scX\":0.9894,\"scY\":0.9971}},{\"inheritScale\":false,\"length\":20,\"name\":\"chest\",\"parent\":\"pelvis\",\"transform\":{\"x\":13.75,\"skX\":-90,\"skY\":-90}},{\"inheritScale\":false,\"length\":53,\"name\":\"thigh_1_r\",\"parent\":\"thigh_r\",\"transform\":{\"x\":41.52,\"y\":-0.01,\"skX\":105.4235,\"skY\":105.423,\"scX\":0.9984,\"scY\":0.9995}},{\"inheritScale\":false,\"length\":20,\"name\":\"shouder_r\",\"parent\":\"chest\",\"transform\":{\"x\":13.74,\"y\":31.28,\"scX\":0.9965,\"scY\":0.9969}},{\"inheritScale\":false,\"length\":20,\"name\":\"shouder_l\",\"parent\":\"chest\",\"transform\":{\"x\":-2.41,\"y\":46.59,\"scX\":0.9965,\"scY\":0.9969}},{\"inheritRotation\":false,\"inheritScale\":false,\"length\":100,\"name\":\"effects_b\",\"parent\":\"chest\",\"transform\":{\"x\":11.65,\"y\":3.13,\"skX\":130,\"skY\":130}},{\"inheritScale\":false,\"length\":64,\"name\":\"calf_l\",\"parent\":\"thigh_1_l\",\"transform\":{\"x\":50.91,\"y\":0.01,\"skX\":-70.8583,\"skY\":-70.864,\"scX\":1.0149,\"scY\":0.9967}},{\"inheritRotation\":false,\"inheritScale\":false,\"length\":100,\"name\":\"effects_f\",\"parent\":\"chest\",\"transform\":{\"x\":-20.82,\"y\":-13.37,\"skX\":90,\"skY\":90}},{\"inheritScale\":false,\"length\":66,\"name\":\"calf_r\",\"parent\":\"thigh_1_r\",\"transform\":{\"x\":53.26,\"y\":-0.02,\"skX\":-88.4874,\"skY\":-88.4933,\"scX\":0.9852,\"scY\":0.9996}},{\"inheritScale\":false,\"length\":100,\"name\":\"weapon_r\",\"parent\":\"shouder_r\",\"transform\":{\"x\":5.98,\"skX\":180,\"skY\":180,\"scX\":0.9982,\"scY\":0.9994}},{\"inheritScale\":false,\"length\":100,\"name\":\"weapon_l\",\"parent\":\"shouder_l\",\"transform\":{\"x\":5.6,\"y\":0.04,\"skX\":180,\"skY\":180,\"scX\":0.998,\"scY\":0.9993}}],\"slot\":[{\"name\":\"shouder_l\",\"parent\":\"shouder_l\"},{\"name\":\"foot_l\",\"parent\":\"foot_l\"},{\"name\":\"thigh_1_l\",\"parent\":\"thigh_1_l\"},{\"name\":\"calf_l\",\"parent\":\"calf_l\"},{\"name\":\"thigh_l\",\"parent\":\"thigh_l\"},{\"name\":\"pelvis\",\"parent\":\"pelvis\"},{\"name\":\"chest\",\"parent\":\"chest\"},{\"name\":\"foot_r\",\"parent\":\"foot_r\"},{\"name\":\"thigh_1_r\",\"parent\":\"thigh_1_r\"},{\"name\":\"calf_r\",\"parent\":\"calf_r\"},{\"name\":\"thigh_r\",\"parent\":\"thigh_r\"},{\"name\":\"shouder_r\",\"parent\":\"shouder_r\"}],\"ik\":[{\"bendPositive\":false,\"chain\":1,\"name\":\"calf_l\",\"bone\":\"calf_l\",\"target\":\"foot_l\"},{\"bendPositive\":false,\"chain\":1,\"name\":\"calf_r\",\"bone\":\"calf_r\",\"target\":\"foot_r\"}],\"skin\":[{\"name\":\"\",\"slot\":[{\"name\":\"calf_l\",\"display\":[{\"name\":\"mecha_1003d_folder/calf_l_0\",\"transform\":{\"x\":27.69,\"y\":1.89}}]},{\"name\":\"thigh_1_r\",\"display\":[{\"name\":\"mecha_1502b_folder/thigh_1_r_1\",\"transform\":{\"x\":21.55,\"y\":-1.9,\"skX\":0.44,\"skY\":0.44}}]},{\"name\":\"foot_l\",\"display\":[{\"name\":\"mecha_1007d_folder/foot_l_1\",\"transform\":{\"x\":6.2,\"y\":9.64,\"skX\":90,\"skY\":90}}]},{\"name\":\"chest\",\"display\":[{\"name\":\"mecha_1004d_folder/chest_1\",\"transform\":{\"x\":-10.03,\"y\":52.08,\"skX\":90,\"skY\":90}}]},{\"name\":\"shouder_r\",\"display\":[{\"name\":\"mecha_1004d_folder/shouder_r_2\",\"transform\":{\"x\":-5.42,\"y\":-3.1,\"skX\":-90,\"skY\":-90}}]},{\"name\":\"thigh_l\",\"display\":[{\"name\":\"mecha_1007d_folder/thigh_l_0\",\"transform\":{\"x\":26.88,\"y\":-0.45}}]},{\"name\":\"calf_r\",\"display\":[{\"name\":\"mecha_1003d_folder/calf_r_0\",\"transform\":{\"x\":29.73,\"y\":1.3}}]},{\"name\":\"thigh_1_l\",\"display\":[{\"name\":\"mecha_1502b_folder/thigh_1_l_0\",\"transform\":{\"x\":23,\"y\":-2.95,\"skX\":0.11,\"skY\":0.11}}]},{\"name\":\"foot_r\",\"display\":[{\"name\":\"mecha_1007d_folder/foot_r_0\",\"transform\":{\"x\":7.36,\"y\":11.15,\"skX\":90,\"skY\":90}}]},{\"name\":\"shouder_l\",\"display\":[{\"name\":\"mecha_1004d_folder/shouder_l_2\",\"transform\":{\"x\":-7.74,\"y\":-1.16,\"skX\":-90,\"skY\":-90}}]},{\"name\":\"pelvis\",\"display\":[{\"name\":\"mecha_1502b_folder/pelvis\",\"transform\":{\"x\":3.5,\"y\":7.5}}]},{\"name\":\"thigh_r\",\"display\":[{\"name\":\"mecha_1007d_folder/thigh_r_0\",\"transform\":{\"x\":22.69,\"y\":1.64}}]}]}],\"animation\":[{\"duration\":0,\"playTimes\":0,\"name\":\"newAnimation\"}],\"defaultActions\":[{\"gotoAndPlay\":\"newAnimation\"}]}]}"}