{"__type__":"cc.Mesh","_native":".bin","_vertexBundles":[{"__type__":"cc.mesh.VertexBundle","data":{"__type__":"cc.BufferRange","length":34848},"formats":[{"__type__":"cc.mesh.VertexFormat","name":"a_normal","type":5126,"num":3},{"__type__":"cc.mesh.VertexFormat","name":"a_position","type":5126,"num":3},{"__type__":"cc.mesh.VertexFormat","name":"a_uv0","type":5126,"num":2}],"verticesCount":1089}],"_primitives":[{"__type__":"cc.mesh.Primitive","vertexBundleIndices":[0],"data":{"__type__":"cc.BufferRange","offset":34848,"length":12288}}],"_minPos":{"__type__":"cc.Vec3","x":-0.5,"y":-0.5,"z":-0.5},"_maxPos":{"__type__":"cc.Vec3","x":0.5,"y":0.5,"z":0.5}}