[{"__type__":"cc.AnimationClip","_name":"sprite-anim","_duration":0.4,"sample":10,"wrapMode":2,"curveData":{"comps":{"cc.Sprite":{"spriteFrame":[{"frame":0,"value":{"__uuid__":"f55IYb/RdD2afBwk25XSJh"}},{"frame":0.1,"value":{"__uuid__":"a8wKKol6JBjYFROaGtbh+q"}},{"frame":0.2,"value":{"__uuid__":"7eFjeLj0pMrLOcQMt1xcqO"}},{"frame":0.3,"value":{"__uuid__":"e8ucg5xIlKuo+A+z1lNbhQ"}}]}}}},{"__type__":"cc.SpriteFrame","content":{"name":"sheep_run_2","texture":"00QO+E6hpHoauGJ0IOp2Gb","rect":[1,1,180,117],"offset":[1,11],"originalSize":[228,159],"capInsets":[0,0,0,0]}},{"__type__":"cc.SpriteFrame","content":{"name":"sheep_run_1","texture":"00QO+E6hpHoauGJ0IOp2Gb","rect":[183,1,178,117],"offset":[1,2],"originalSize":[228,159],"capInsets":[0,0,0,0]}},{"__type__":"cc.SpriteFrame","content":{"name":"sheep_run_3","texture":"00QO+E6hpHoauGJ0IOp2Gb","rect":[363,1,180,115],"offset":[2,1],"originalSize":[228,159],"capInsets":[0,0,0,0]}},{"__type__":"cc.SpriteFrame","content":{"name":"sheep_run_0","texture":"00QO+E6hpHoauGJ0IOp2Gb","rect":[545,1,170,115],"offset":[-4,0],"originalSize":[228,159],"capInsets":[0,0,0,0]}}]