[[{"__type__":"cc.SceneAsset","_name":"Layout_ScrollViewGrid","scene":{"__id__":1},"asyncLoadAssets":null},{"__type__":"cc.Scene","_name":"New Node","_children":[{"__id__":2}],"_anchorPoint":{"__type__":"cc.Vec2"},"_trs":{"__type__":"TypedArray","ctor":"Float64Array","array":[0,0,0,0,0,0,1,0.5697916666666667,0.5697916666666667,1]},"_zIndex":0,"autoReleaseAssets":true},{"__type__":"cc.Node","_name":"Canvas","_parent":{"__id__":1},"_children":[{"__id__":3},{"__id__":4},{"__id__":5},{"__id__":6},{"__id__":21},{"__id__":22},{"__id__":37},{"__id__":38},{"__id__":71},{"__id__":72}],"_components":[{"__type__":"cc.Canvas","node":{"__id__":2}},{"__type__":"cc.Widget","node":{"__id__":2},"_alignFlags":45}],"_contentSize":{"__type__":"cc.Size","width":960,"height":640},"_trs":{"__type__":"TypedArray","ctor":"Float64Array","array":[480,320,0,0,0,0,0,1,1,1]},"_zIndex":0,"_id":"114beJTvH5P27TlpSERpEnP"},{"__type__":"cc.Node","_name":"Main Camera","_parent":{"__id__":2},"_components":[{"__type__":"cc.Camera","node":{"__id__":3},"_clearFlags":7,"_depth":-1}],"_trs":{"__type__":"TypedArray","ctor":"Float64Array","array":[0,0,0,0,0,0,0,1,1,1]},"_zIndex":0},{"__type__":"cc.Node","_parent":{"__id__":2},"_id":"e3894k3O49KhZPVlui43PyX","_prefab":{"__type__":"cc.PrefabInfo","root":{"__id__":4},"asset":{"__uuid__":"b8OSNRvpdPAZhePn0hGPPJ"},"fileId":"78fd70+ls5GgJcFkzvLSRk8","sync":true},"_name":"Background","_trs":{"__type__":"TypedArray","ctor":"Float64Array","array":[0,0,0,0,0,0,0,1,1,1]}},{"__type__":"cc.Node","_name":"01_ScrollView_With_Horizontal_Layout","_parent":{"__id__":2},"_components":[{"__type__":"e4f88adp3hERoJ48DZ2PSAl","node":{"__id__":5},"_useOriginalSize":false,"_string":"ScrollView 和垂直布局容器","_N$string":"ScrollView 和垂直布局容器","_fontSize":22,"_N$horizontalAlign":1,"_N$verticalAlign":1,"_N$textKey":"cases/02_ui/06_layout/LayoutInScrollView.fire.6"}],"_contentSize":{"__type__":"cc.Size","width":262.41,"height":40},"_trs":{"__type__":"TypedArray","ctor":"Float64Array","array":[-211.1999969482422,25,0,0,0,0,0,1,1,1]},"_zIndex":0},{"__type__":"cc.Node","_name":"01_Layout_In_ScrollView_Vertial","_parent":{"__id__":2},"_children":[{"__id__":7}],"_components":[{"__type__":"cc.Sprite","node":{"__id__":6},"_spriteFrame":{"__uuid__":"7ewuO0jsFIiKv5sYyeKk6T"},"_type":1,"_sizeMode":0},{"__type__":"cc.ScrollView","node":{"__id__":6},"horizontal":false,"_N$content":{"__id__":8},"content":{"__id__":8},"_N$horizontalScrollBar":null,"_N$verticalScrollBar":null}],"_contentSize":{"__type__":"cc.Size","width":190,"height":200},"_trs":{"__type__":"TypedArray","ctor":"Float64Array","array":[-211,155,0,0,0,0,0,1,1,1]},"_zIndex":0},{"__type__":"cc.Node","_name":"viewport","_parent":{"__id__":6},"_children":[{"__id__":8}],"_components":[{"__type__":"cc.Widget","node":{"__id__":7},"alignMode":2,"_alignFlags":45,"_left":5,"_right":5,"_top":5,"_bottom":5},{"__type__":"cc.Mask","node":{"__id__":7},"_N$alphaThreshold":1}],"_contentSize":{"__type__":"cc.Size","width":180,"height":190},"_trs":{"__type__":"TypedArray","ctor":"Float64Array","array":[0,0,0,0,0,0,0,1,1,1]},"_zIndex":0},{"__type__":"cc.Node","_name":"content","_parent":{"__id__":7},"_children":[{"__id__":9},{"__id__":11},{"__id__":13},{"__id__":15},{"__id__":17},{"__id__":19}],"_components":[{"__type__":"cc.Layout","node":{"__id__":8},"_layoutSize":{"__type__":"cc.Size","width":300,"height":420},"_resize":1,"_N$layoutType":2,"_N$cellSize":{"__type__":"cc.Size"},"_N$paddingLeft":5,"_N$paddingRight":5,"_N$paddingTop":5,"_N$paddingBottom":5,"_N$spacingY":10}],"_contentSize":{"__type__":"cc.Size","width":300,"height":420},"_trs":{"__type__":"TypedArray","ctor":"Float64Array","array":[0,-115,0,0,0,0,0,1,1,1]},"_zIndex":0},{"__type__":"cc.Node","_name":"item0","_parent":{"__id__":8},"_children":[{"__id__":10}],"_components":[{"__type__":"cc.Sprite","node":{"__id__":9},"_spriteFrame":{"__uuid__":"c0GPA1PjJA7bli4XEgVjPQ"},"_type":1,"_sizeMode":0}],"_contentSize":{"__type__":"cc.Size","width":60,"height":60},"_trs":{"__type__":"TypedArray","ctor":"Float64Array","array":[0,175,0,0,0,0,0,1,1,1]},"_zIndex":0},{"__type__":"cc.Node","_name":"New Label","_parent":{"__id__":9},"_components":[{"__type__":"cc.Label","node":{"__id__":10},"_useOriginalSize":false,"_string":"0","_N$string":"0","_N$file":{"__uuid__":"e9DdfGzRhMeq6D3O+bChta"},"_isSystemFontUsed":false,"_N$horizontalAlign":1,"_N$verticalAlign":1}],"_contentSize":{"__type__":"cc.Size","width":33.33,"height":44.44},"_trs":{"__type__":"TypedArray","ctor":"Float64Array","array":[0,0,0,0,0,0,0,1,1,1]},"_zIndex":0},{"__type__":"cc.Node","_name":"item1","_parent":{"__id__":8},"_children":[{"__id__":12}],"_components":[{"__type__":"cc.Sprite","node":{"__id__":11},"_spriteFrame":{"__uuid__":"c0GPA1PjJA7bli4XEgVjPQ"},"_type":1,"_sizeMode":0}],"_contentSize":{"__type__":"cc.Size","width":60,"height":60},"_trs":{"__type__":"TypedArray","ctor":"Float64Array","array":[0,105,0,0,0,0,0,1,1,1]},"_zIndex":0},{"__type__":"cc.Node","_name":"New Label","_parent":{"__id__":11},"_components":[{"__type__":"cc.Label","node":{"__id__":12},"_useOriginalSize":false,"_string":"1","_N$string":"1","_N$file":{"__uuid__":"e9DdfGzRhMeq6D3O+bChta"},"_isSystemFontUsed":false,"_N$horizontalAlign":1,"_N$verticalAlign":1}],"_contentSize":{"__type__":"cc.Size","width":24.44,"height":44.44},"_trs":{"__type__":"TypedArray","ctor":"Float64Array","array":[0,0,0,0,0,0,0,1,1,1]},"_zIndex":0},{"__type__":"cc.Node","_name":"item2","_parent":{"__id__":8},"_children":[{"__id__":14}],"_components":[{"__type__":"cc.Sprite","node":{"__id__":13},"_spriteFrame":{"__uuid__":"c0GPA1PjJA7bli4XEgVjPQ"},"_type":1,"_sizeMode":0}],"_contentSize":{"__type__":"cc.Size","width":60,"height":60},"_trs":{"__type__":"TypedArray","ctor":"Float64Array","array":[0,35,0,0,0,0,0,1,1,1]},"_zIndex":0},{"__type__":"cc.Node","_name":"New Label","_parent":{"__id__":13},"_components":[{"__type__":"cc.Label","node":{"__id__":14},"_useOriginalSize":false,"_string":"2","_N$string":"2","_N$file":{"__uuid__":"e9DdfGzRhMeq6D3O+bChta"},"_isSystemFontUsed":false,"_N$horizontalAlign":1,"_N$verticalAlign":1}],"_contentSize":{"__type__":"cc.Size","width":30,"height":44.44},"_trs":{"__type__":"TypedArray","ctor":"Float64Array","array":[0,0,0,0,0,0,0,1,1,1]},"_zIndex":0},{"__type__":"cc.Node","_name":"item3","_parent":{"__id__":8},"_children":[{"__id__":16}],"_components":[{"__type__":"cc.Sprite","node":{"__id__":15},"_spriteFrame":{"__uuid__":"c0GPA1PjJA7bli4XEgVjPQ"},"_type":1,"_sizeMode":0}],"_contentSize":{"__type__":"cc.Size","width":60,"height":60},"_trs":{"__type__":"TypedArray","ctor":"Float64Array","array":[0,-35,0,0,0,0,0,1,1,1]},"_zIndex":0},{"__type__":"cc.Node","_name":"New Label","_parent":{"__id__":15},"_components":[{"__type__":"cc.Label","node":{"__id__":16},"_useOriginalSize":false,"_string":"3","_N$string":"3","_N$file":{"__uuid__":"e9DdfGzRhMeq6D3O+bChta"},"_isSystemFontUsed":false,"_N$horizontalAlign":1,"_N$verticalAlign":1}],"_contentSize":{"__type__":"cc.Size","width":31.11,"height":44.44},"_trs":{"__type__":"TypedArray","ctor":"Float64Array","array":[0,0,0,0,0,0,0,1,1,1]},"_zIndex":0},{"__type__":"cc.Node","_name":"item4","_parent":{"__id__":8},"_children":[{"__id__":18}],"_components":[{"__type__":"cc.Sprite","node":{"__id__":17},"_spriteFrame":{"__uuid__":"c0GPA1PjJA7bli4XEgVjPQ"},"_type":1,"_sizeMode":0}],"_contentSize":{"__type__":"cc.Size","width":60,"height":60},"_trs":{"__type__":"TypedArray","ctor":"Float64Array","array":[0,-105,0,0,0,0,0,1,1,1]},"_zIndex":0},{"__type__":"cc.Node","_name":"New Label","_parent":{"__id__":17},"_components":[{"__type__":"cc.Label","node":{"__id__":18},"_useOriginalSize":false,"_string":"4","_N$string":"4","_N$file":{"__uuid__":"e9DdfGzRhMeq6D3O+bChta"},"_isSystemFontUsed":false,"_N$horizontalAlign":1,"_N$verticalAlign":1}],"_contentSize":{"__type__":"cc.Size","width":33.33,"height":44.44},"_trs":{"__type__":"TypedArray","ctor":"Float64Array","array":[0,0,0,0,0,0,0,1,1,1]},"_zIndex":0},{"__type__":"cc.Node","_name":"item5","_parent":{"__id__":8},"_children":[{"__id__":20}],"_components":[{"__type__":"cc.Sprite","node":{"__id__":19},"_spriteFrame":{"__uuid__":"c0GPA1PjJA7bli4XEgVjPQ"},"_type":1,"_sizeMode":0}],"_contentSize":{"__type__":"cc.Size","width":60,"height":60},"_trs":{"__type__":"TypedArray","ctor":"Float64Array","array":[0,-175,0,0,0,0,0,1,1,1]},"_zIndex":0},{"__type__":"cc.Node","_name":"New Label","_parent":{"__id__":19},"_components":[{"__type__":"cc.Label","node":{"__id__":20},"_useOriginalSize":false,"_string":"5","_N$string":"5","_N$file":{"__uuid__":"e9DdfGzRhMeq6D3O+bChta"},"_isSystemFontUsed":false,"_N$horizontalAlign":1,"_N$verticalAlign":1}],"_contentSize":{"__type__":"cc.Size","width":31.11,"height":44.44},"_trs":{"__type__":"TypedArray","ctor":"Float64Array","array":[0,0,0,0,0,0,0,1,1,1]},"_zIndex":0},{"__type__":"cc.Node","_name":"02_ScrollView_With_Vertical_Layout","_parent":{"__id__":2},"_components":[{"__type__":"e4f88adp3hERoJ48DZ2PSAl","node":{"__id__":21},"_useOriginalSize":false,"_string":"ScrollView 和水平布局容器","_N$string":"ScrollView 和水平布局容器","_fontSize":22,"_N$horizontalAlign":1,"_N$verticalAlign":1,"_N$textKey":"cases/02_ui/06_layout/LayoutInScrollView.fire.40"}],"_contentSize":{"__type__":"cc.Size","width":262.41,"height":40},"_trs":{"__type__":"TypedArray","ctor":"Float64Array","array":[189.1999969482422,25,0,0,0,0,0,1,1,1]},"_zIndex":0},{"__type__":"cc.Node","_name":"02_Layout_In_ScrollView_Horizontal","_parent":{"__id__":2},"_children":[{"__id__":23}],"_components":[{"__type__":"cc.Sprite","node":{"__id__":22},"_spriteFrame":{"__uuid__":"7ewuO0jsFIiKv5sYyeKk6T"},"_type":1,"_sizeMode":0},{"__type__":"cc.ScrollView","node":{"__id__":22},"vertical":false,"brake":0.71,"bounceDuration":1.79,"_N$content":{"__id__":24},"content":{"__id__":24},"_N$horizontalScrollBar":null,"_N$verticalScrollBar":null}],"_contentSize":{"__type__":"cc.Size","width":190,"height":200},"_trs":{"__type__":"TypedArray","ctor":"Float64Array","array":[189,155,0,0,0,0,0,1,1,1]},"_zIndex":0},{"__type__":"cc.Node","_name":"viewport","_parent":{"__id__":22},"_children":[{"__id__":24}],"_components":[{"__type__":"cc.Widget","node":{"__id__":23},"alignMode":2,"_alignFlags":45,"_left":5,"_right":5,"_top":5,"_bottom":5},{"__type__":"cc.Mask","node":{"__id__":23},"_N$alphaThreshold":1}],"_contentSize":{"__type__":"cc.Size","width":180,"height":190},"_trs":{"__type__":"TypedArray","ctor":"Float64Array","array":[0,0,0,0,0,0,0,1,1,1]},"_zIndex":0},{"__type__":"cc.Node","_name":"content","_parent":{"__id__":23},"_children":[{"__id__":25},{"__id__":27},{"__id__":29},{"__id__":31},{"__id__":33},{"__id__":35}],"_components":[{"__type__":"cc.Layout","node":{"__id__":24},"_layoutSize":{"__type__":"cc.Size","width":420,"height":60},"_resize":1,"_N$layoutType":1,"_N$cellSize":{"__type__":"cc.Size"},"_N$paddingLeft":5,"_N$paddingRight":5,"_N$paddingTop":5,"_N$paddingBottom":5,"_N$spacingX":10}],"_contentSize":{"__type__":"cc.Size","width":420,"height":60},"_trs":{"__type__":"TypedArray","ctor":"Float64Array","array":[115,0,0,0,0,0,0,1,1,1]},"_zIndex":0},{"__type__":"cc.Node","_name":"item0","_parent":{"__id__":24},"_children":[{"__id__":26}],"_components":[{"__type__":"cc.Sprite","node":{"__id__":25},"_spriteFrame":{"__uuid__":"c0GPA1PjJA7bli4XEgVjPQ"},"_type":1,"_sizeMode":0}],"_contentSize":{"__type__":"cc.Size","width":60,"height":60},"_trs":{"__type__":"TypedArray","ctor":"Float64Array","array":[-175,0,0,0,0,0,0,1,1,1]},"_zIndex":0},{"__type__":"cc.Node","_name":"New Label","_parent":{"__id__":25},"_components":[{"__type__":"cc.Label","node":{"__id__":26},"_useOriginalSize":false,"_string":"0","_N$string":"0","_N$file":{"__uuid__":"e9DdfGzRhMeq6D3O+bChta"},"_isSystemFontUsed":false,"_N$horizontalAlign":1,"_N$verticalAlign":1}],"_color":{"__type__":"cc.Color","r":253,"g":244,"b":244},"_contentSize":{"__type__":"cc.Size","width":33.33,"height":44.44},"_trs":{"__type__":"TypedArray","ctor":"Float64Array","array":[0,0,0,0,0,0,0,1,1,1]},"_zIndex":0},{"__type__":"cc.Node","_name":"item1","_parent":{"__id__":24},"_children":[{"__id__":28}],"_components":[{"__type__":"cc.Sprite","node":{"__id__":27},"_spriteFrame":{"__uuid__":"c0GPA1PjJA7bli4XEgVjPQ"},"_type":1,"_sizeMode":0}],"_contentSize":{"__type__":"cc.Size","width":60,"height":60},"_trs":{"__type__":"TypedArray","ctor":"Float64Array","array":[-105,0,0,0,0,0,0,1,1,1]},"_zIndex":0},{"__type__":"cc.Node","_name":"New Label","_parent":{"__id__":27},"_components":[{"__type__":"cc.Label","node":{"__id__":28},"_useOriginalSize":false,"_string":"1","_N$string":"1","_N$file":{"__uuid__":"e9DdfGzRhMeq6D3O+bChta"},"_isSystemFontUsed":false,"_N$horizontalAlign":1,"_N$verticalAlign":1}],"_color":{"__type__":"cc.Color","r":253,"g":244,"b":244},"_contentSize":{"__type__":"cc.Size","width":24.44,"height":44.44},"_trs":{"__type__":"TypedArray","ctor":"Float64Array","array":[0,0,0,0,0,0,0,1,1,1]},"_zIndex":0},{"__type__":"cc.Node","_name":"item2","_parent":{"__id__":24},"_children":[{"__id__":30}],"_components":[{"__type__":"cc.Sprite","node":{"__id__":29},"_spriteFrame":{"__uuid__":"c0GPA1PjJA7bli4XEgVjPQ"},"_type":1,"_sizeMode":0}],"_contentSize":{"__type__":"cc.Size","width":60,"height":60},"_trs":{"__type__":"TypedArray","ctor":"Float64Array","array":[-35,0,0,0,0,0,0,1,1,1]},"_zIndex":0},{"__type__":"cc.Node","_name":"New Label","_parent":{"__id__":29},"_components":[{"__type__":"cc.Label","node":{"__id__":30},"_useOriginalSize":false,"_string":"2","_N$string":"2","_N$file":{"__uuid__":"e9DdfGzRhMeq6D3O+bChta"},"_isSystemFontUsed":false,"_N$horizontalAlign":1,"_N$verticalAlign":1}],"_color":{"__type__":"cc.Color","r":253,"g":244,"b":244},"_contentSize":{"__type__":"cc.Size","width":30,"height":44.44},"_trs":{"__type__":"TypedArray","ctor":"Float64Array","array":[0,0,0,0,0,0,0,1,1,1]},"_zIndex":0},{"__type__":"cc.Node","_name":"item3","_parent":{"__id__":24},"_children":[{"__id__":32}],"_components":[{"__type__":"cc.Sprite","node":{"__id__":31},"_spriteFrame":{"__uuid__":"c0GPA1PjJA7bli4XEgVjPQ"},"_type":1,"_sizeMode":0}],"_contentSize":{"__type__":"cc.Size","width":60,"height":60},"_trs":{"__type__":"TypedArray","ctor":"Float64Array","array":[35,0,0,0,0,0,0,1,1,1]},"_zIndex":0},{"__type__":"cc.Node","_name":"New Label","_parent":{"__id__":31},"_components":[{"__type__":"cc.Label","node":{"__id__":32},"_useOriginalSize":false,"_string":"3","_N$string":"3","_N$file":{"__uuid__":"e9DdfGzRhMeq6D3O+bChta"},"_isSystemFontUsed":false,"_N$horizontalAlign":1,"_N$verticalAlign":1}],"_color":{"__type__":"cc.Color","r":253,"g":244,"b":244},"_contentSize":{"__type__":"cc.Size","width":31.11,"height":44.44},"_trs":{"__type__":"TypedArray","ctor":"Float64Array","array":[0,0,0,0,0,0,0,1,1,1]},"_zIndex":0},{"__type__":"cc.Node","_name":"item4","_parent":{"__id__":24},"_children":[{"__id__":34}],"_components":[{"__type__":"cc.Sprite","node":{"__id__":33},"_spriteFrame":{"__uuid__":"c0GPA1PjJA7bli4XEgVjPQ"},"_type":1,"_sizeMode":0}],"_contentSize":{"__type__":"cc.Size","width":60,"height":60},"_trs":{"__type__":"TypedArray","ctor":"Float64Array","array":[105,0,0,0,0,0,0,1,1,1]},"_zIndex":0},{"__type__":"cc.Node","_name":"New Label","_parent":{"__id__":33},"_components":[{"__type__":"cc.Label","node":{"__id__":34},"_useOriginalSize":false,"_string":"4","_N$string":"4","_N$file":{"__uuid__":"e9DdfGzRhMeq6D3O+bChta"},"_isSystemFontUsed":false,"_N$horizontalAlign":1,"_N$verticalAlign":1}],"_color":{"__type__":"cc.Color","r":253,"g":244,"b":244},"_contentSize":{"__type__":"cc.Size","width":33.33,"height":44.44},"_trs":{"__type__":"TypedArray","ctor":"Float64Array","array":[0,0,0,0,0,0,0,1,1,1]},"_zIndex":0},{"__type__":"cc.Node","_name":"item5","_parent":{"__id__":24},"_children":[{"__id__":36}],"_components":[{"__type__":"cc.Sprite","node":{"__id__":35},"_spriteFrame":{"__uuid__":"c0GPA1PjJA7bli4XEgVjPQ"},"_type":1,"_sizeMode":0}],"_contentSize":{"__type__":"cc.Size","width":60,"height":60},"_trs":{"__type__":"TypedArray","ctor":"Float64Array","array":[175,0,0,0,0,0,0,1,1,1]},"_zIndex":0},{"__type__":"cc.Node","_name":"New Label","_parent":{"__id__":35},"_components":[{"__type__":"cc.Label","node":{"__id__":36},"_useOriginalSize":false,"_string":"5","_N$string":"5","_N$file":{"__uuid__":"e9DdfGzRhMeq6D3O+bChta"},"_isSystemFontUsed":false,"_N$horizontalAlign":1,"_N$verticalAlign":1}],"_color":{"__type__":"cc.Color","r":253,"g":244,"b":244},"_contentSize":{"__type__":"cc.Size","width":31.11,"height":44.44},"_trs":{"__type__":"TypedArray","ctor":"Float64Array","array":[0,0,0,0,0,0,0,1,1,1]},"_zIndex":0},{"__type__":"cc.Node","_name":"03_ScrollView_With_Grid_Horizontal","_parent":{"__id__":2},"_components":[{"__type__":"e4f88adp3hERoJ48DZ2PSAl","node":{"__id__":37},"_useOriginalSize":false,"_string":"ScrollView 和横向网格布局容器 ","_N$string":"ScrollView 和横向网格布局容器 ","_fontSize":22,"_N$horizontalAlign":1,"_N$verticalAlign":1,"_N$textKey":"cases/02_ui/06_layout/LayoutInScrollView.fire.74"}],"_contentSize":{"__type__":"cc.Size","width":312.52,"height":40},"_trs":{"__type__":"TypedArray","ctor":"Float64Array","array":[-211.1999969482422,-260,0,0,0,0,0,1,1,1]},"_zIndex":0},{"__type__":"cc.Node","_name":"03_Layout_In_ScrollView_Grid_Horizontal","_parent":{"__id__":2},"_children":[{"__id__":39}],"_components":[{"__type__":"cc.Sprite","node":{"__id__":38},"_spriteFrame":{"__uuid__":"7ewuO0jsFIiKv5sYyeKk6T"},"_type":1,"_sizeMode":0},{"__type__":"cc.ScrollView","node":{"__id__":38},"horizontal":false,"brake":0.71,"bounceDuration":1.79,"_N$content":{"__id__":40},"content":{"__id__":40},"_N$horizontalScrollBar":null,"_N$verticalScrollBar":null}],"_contentSize":{"__type__":"cc.Size","width":204,"height":200},"_trs":{"__type__":"TypedArray","ctor":"Float64Array","array":[-218,-130,0,0,0,0,0,1,1,1]},"_zIndex":0},{"__type__":"cc.Node","_name":"viewport","_parent":{"__id__":38},"_children":[{"__id__":40}],"_components":[{"__type__":"cc.Widget","node":{"__id__":39},"alignMode":2,"_alignFlags":45,"_left":-7.500000000000007,"_right":-1.500000000000019,"_top":0.9999999999999987,"_bottom":1.0000000000000044},{"__type__":"cc.Mask","node":{"__id__":39},"_N$alphaThreshold":1}],"_contentSize":{"__type__":"cc.Size","width":213,"height":198},"_trs":{"__type__":"TypedArray","ctor":"Float64Array","array":[-3,0,0,0,0,0,0,1,1,1]},"_zIndex":0},{"__type__":"cc.Node","_name":"content","_parent":{"__id__":39},"_children":[{"__id__":41},{"__id__":43},{"__id__":45},{"__id__":47},{"__id__":49},{"__id__":51},{"__id__":53},{"__id__":55},{"__id__":57},{"__id__":59},{"__id__":61},{"__id__":63},{"__id__":65},{"__id__":67},{"__id__":69}],"_components":[{"__type__":"cc.Layout","node":{"__id__":40},"_layoutSize":{"__type__":"cc.Size","width":203,"height":330},"_resize":1,"_N$layoutType":3,"_N$cellSize":{"__type__":"cc.Size"},"_N$paddingLeft":5,"_N$paddingRight":5,"_N$paddingTop":5,"_N$paddingBottom":5,"_N$spacingX":5,"_N$spacingY":5}],"_contentSize":{"__type__":"cc.Size","width":203,"height":330},"_trs":{"__type__":"TypedArray","ctor":"Float64Array","array":[4,-64,0,0,0,0,0,1,1,1]},"_zIndex":0},{"__type__":"cc.Node","_name":"item0","_parent":{"__id__":40},"_children":[{"__id__":42}],"_components":[{"__type__":"cc.Sprite","node":{"__id__":41},"_spriteFrame":{"__uuid__":"c0GPA1PjJA7bli4XEgVjPQ"},"_type":1,"_sizeMode":0}],"_contentSize":{"__type__":"cc.Size","width":60,"height":60},"_trs":{"__type__":"TypedArray","ctor":"Float64Array","array":[-66.5,130,0,0,0,0,0,1,1,1]},"_zIndex":0},{"__type__":"cc.Node","_name":"New Label","_parent":{"__id__":41},"_components":[{"__type__":"cc.Label","node":{"__id__":42},"_useOriginalSize":false,"_string":"0","_N$string":"0","_N$file":{"__uuid__":"e9DdfGzRhMeq6D3O+bChta"},"_isSystemFontUsed":false,"_N$horizontalAlign":1,"_N$verticalAlign":1}],"_color":{"__type__":"cc.Color","r":253,"g":244,"b":244},"_contentSize":{"__type__":"cc.Size","width":33.33,"height":44.44},"_trs":{"__type__":"TypedArray","ctor":"Float64Array","array":[0,0,0,0,0,0,0,1,1,1]},"_zIndex":0},{"__type__":"cc.Node","_name":"item1","_parent":{"__id__":40},"_children":[{"__id__":44}],"_components":[{"__type__":"cc.Sprite","node":{"__id__":43},"_spriteFrame":{"__uuid__":"c0GPA1PjJA7bli4XEgVjPQ"},"_type":1,"_sizeMode":0}],"_contentSize":{"__type__":"cc.Size","width":60,"height":60},"_trs":{"__type__":"TypedArray","ctor":"Float64Array","array":[-1.5,130,0,0,0,0,0,1,1,1]},"_zIndex":0},{"__type__":"cc.Node","_name":"New Label","_parent":{"__id__":43},"_components":[{"__type__":"cc.Label","node":{"__id__":44},"_useOriginalSize":false,"_string":"1","_N$string":"1","_N$file":{"__uuid__":"e9DdfGzRhMeq6D3O+bChta"},"_isSystemFontUsed":false,"_N$horizontalAlign":1,"_N$verticalAlign":1}],"_color":{"__type__":"cc.Color","r":253,"g":244,"b":244},"_contentSize":{"__type__":"cc.Size","width":24.44,"height":44.44},"_trs":{"__type__":"TypedArray","ctor":"Float64Array","array":[0,0,0,0,0,0,0,1,1,1]},"_zIndex":0},{"__type__":"cc.Node","_name":"item2","_parent":{"__id__":40},"_children":[{"__id__":46}],"_components":[{"__type__":"cc.Sprite","node":{"__id__":45},"_spriteFrame":{"__uuid__":"c0GPA1PjJA7bli4XEgVjPQ"},"_type":1,"_sizeMode":0}],"_contentSize":{"__type__":"cc.Size","width":60,"height":60},"_trs":{"__type__":"TypedArray","ctor":"Float64Array","array":[63.5,130,0,0,0,0,0,1,1,1]},"_zIndex":0},{"__type__":"cc.Node","_name":"New Label","_parent":{"__id__":45},"_components":[{"__type__":"cc.Label","node":{"__id__":46},"_useOriginalSize":false,"_string":"2","_N$string":"2","_N$file":{"__uuid__":"e9DdfGzRhMeq6D3O+bChta"},"_isSystemFontUsed":false,"_N$horizontalAlign":1,"_N$verticalAlign":1}],"_color":{"__type__":"cc.Color","r":253,"g":244,"b":244},"_contentSize":{"__type__":"cc.Size","width":30,"height":44.44},"_trs":{"__type__":"TypedArray","ctor":"Float64Array","array":[0,0,0,0,0,0,0,1,1,1]},"_zIndex":0},{"__type__":"cc.Node","_name":"item3","_parent":{"__id__":40},"_children":[{"__id__":48}],"_components":[{"__type__":"cc.Sprite","node":{"__id__":47},"_spriteFrame":{"__uuid__":"c0GPA1PjJA7bli4XEgVjPQ"},"_type":1,"_sizeMode":0}],"_contentSize":{"__type__":"cc.Size","width":60,"height":60},"_trs":{"__type__":"TypedArray","ctor":"Float64Array","array":[-66.5,65,0,0,0,0,0,1,1,1]},"_zIndex":0},{"__type__":"cc.Node","_name":"New Label","_parent":{"__id__":47},"_components":[{"__type__":"cc.Label","node":{"__id__":48},"_useOriginalSize":false,"_string":"3","_N$string":"3","_N$file":{"__uuid__":"e9DdfGzRhMeq6D3O+bChta"},"_isSystemFontUsed":false,"_N$horizontalAlign":1,"_N$verticalAlign":1}],"_color":{"__type__":"cc.Color","r":253,"g":244,"b":244},"_contentSize":{"__type__":"cc.Size","width":31.11,"height":44.44},"_trs":{"__type__":"TypedArray","ctor":"Float64Array","array":[0,0,0,0,0,0,0,1,1,1]},"_zIndex":0},{"__type__":"cc.Node","_name":"item4","_parent":{"__id__":40},"_children":[{"__id__":50}],"_components":[{"__type__":"cc.Sprite","node":{"__id__":49},"_spriteFrame":{"__uuid__":"c0GPA1PjJA7bli4XEgVjPQ"},"_type":1,"_sizeMode":0}],"_contentSize":{"__type__":"cc.Size","width":60,"height":60},"_trs":{"__type__":"TypedArray","ctor":"Float64Array","array":[-1.5,65,0,0,0,0,0,1,1,1]},"_zIndex":0},{"__type__":"cc.Node","_name":"New Label","_parent":{"__id__":49},"_components":[{"__type__":"cc.Label","node":{"__id__":50},"_useOriginalSize":false,"_string":"4","_N$string":"4","_N$file":{"__uuid__":"e9DdfGzRhMeq6D3O+bChta"},"_isSystemFontUsed":false,"_N$horizontalAlign":1,"_N$verticalAlign":1}],"_color":{"__type__":"cc.Color","r":253,"g":244,"b":244},"_contentSize":{"__type__":"cc.Size","width":33.33,"height":44.44},"_trs":{"__type__":"TypedArray","ctor":"Float64Array","array":[0,0,0,0,0,0,0,1,1,1]},"_zIndex":0},{"__type__":"cc.Node","_name":"item5","_parent":{"__id__":40},"_children":[{"__id__":52}],"_components":[{"__type__":"cc.Sprite","node":{"__id__":51},"_spriteFrame":{"__uuid__":"c0GPA1PjJA7bli4XEgVjPQ"},"_type":1,"_sizeMode":0}],"_contentSize":{"__type__":"cc.Size","width":60,"height":60},"_trs":{"__type__":"TypedArray","ctor":"Float64Array","array":[63.5,65,0,0,0,0,0,1,1,1]},"_zIndex":0},{"__type__":"cc.Node","_name":"New Label","_parent":{"__id__":51},"_components":[{"__type__":"cc.Label","node":{"__id__":52},"_useOriginalSize":false,"_string":"5","_N$string":"5","_N$file":{"__uuid__":"e9DdfGzRhMeq6D3O+bChta"},"_isSystemFontUsed":false,"_N$horizontalAlign":1,"_N$verticalAlign":1}],"_color":{"__type__":"cc.Color","r":253,"g":244,"b":244},"_contentSize":{"__type__":"cc.Size","width":31.11,"height":44.44},"_trs":{"__type__":"TypedArray","ctor":"Float64Array","array":[0,0,0,0,0,0,0,1,1,1]},"_zIndex":0},{"__type__":"cc.Node","_name":"item6","_parent":{"__id__":40},"_children":[{"__id__":54}],"_components":[{"__type__":"cc.Sprite","node":{"__id__":53},"_spriteFrame":{"__uuid__":"c0GPA1PjJA7bli4XEgVjPQ"},"_type":1,"_sizeMode":0}],"_contentSize":{"__type__":"cc.Size","width":60,"height":60},"_trs":{"__type__":"TypedArray","ctor":"Float64Array","array":[-66.5,0,0,0,0,0,0,1,1,1]},"_zIndex":0},{"__type__":"cc.Node","_name":"New Label","_parent":{"__id__":53},"_components":[{"__type__":"cc.Label","node":{"__id__":54},"_useOriginalSize":false,"_string":"6","_N$string":"6","_N$file":{"__uuid__":"e9DdfGzRhMeq6D3O+bChta"},"_isSystemFontUsed":false,"_N$horizontalAlign":1,"_N$verticalAlign":1}],"_color":{"__type__":"cc.Color","r":253,"g":244,"b":244},"_contentSize":{"__type__":"cc.Size","width":32.22,"height":44.44},"_trs":{"__type__":"TypedArray","ctor":"Float64Array","array":[0,0,0,0,0,0,0,1,1,1]},"_zIndex":0},{"__type__":"cc.Node","_name":"item7","_parent":{"__id__":40},"_children":[{"__id__":56}],"_components":[{"__type__":"cc.Sprite","node":{"__id__":55},"_spriteFrame":{"__uuid__":"c0GPA1PjJA7bli4XEgVjPQ"},"_type":1,"_sizeMode":0}],"_contentSize":{"__type__":"cc.Size","width":60,"height":60},"_trs":{"__type__":"TypedArray","ctor":"Float64Array","array":[-1.5,0,0,0,0,0,0,1,1,1]},"_zIndex":0},{"__type__":"cc.Node","_name":"New Label","_parent":{"__id__":55},"_components":[{"__type__":"cc.Label","node":{"__id__":56},"_useOriginalSize":false,"_string":"7","_N$string":"7","_N$file":{"__uuid__":"e9DdfGzRhMeq6D3O+bChta"},"_isSystemFontUsed":false,"_N$horizontalAlign":1,"_N$verticalAlign":1}],"_color":{"__type__":"cc.Color","r":253,"g":244,"b":244},"_contentSize":{"__type__":"cc.Size","width":30,"height":44.44},"_trs":{"__type__":"TypedArray","ctor":"Float64Array","array":[0,0,0,0,0,0,0,1,1,1]},"_zIndex":0},{"__type__":"cc.Node","_name":"item8","_parent":{"__id__":40},"_children":[{"__id__":58}],"_components":[{"__type__":"cc.Sprite","node":{"__id__":57},"_spriteFrame":{"__uuid__":"c0GPA1PjJA7bli4XEgVjPQ"},"_type":1,"_sizeMode":0}],"_contentSize":{"__type__":"cc.Size","width":60,"height":60},"_trs":{"__type__":"TypedArray","ctor":"Float64Array","array":[63.5,0,0,0,0,0,0,1,1,1]},"_zIndex":0},{"__type__":"cc.Node","_name":"New Label","_parent":{"__id__":57},"_components":[{"__type__":"cc.Label","node":{"__id__":58},"_useOriginalSize":false,"_string":"8","_N$string":"8","_N$file":{"__uuid__":"e9DdfGzRhMeq6D3O+bChta"},"_isSystemFontUsed":false,"_N$horizontalAlign":1,"_N$verticalAlign":1}],"_color":{"__type__":"cc.Color","r":253,"g":244,"b":244},"_contentSize":{"__type__":"cc.Size","width":32.22,"height":44.44},"_trs":{"__type__":"TypedArray","ctor":"Float64Array","array":[0,0,0,0,0,0,0,1,1,1]},"_zIndex":0},{"__type__":"cc.Node","_name":"item9","_parent":{"__id__":40},"_children":[{"__id__":60}],"_components":[{"__type__":"cc.Sprite","node":{"__id__":59},"_spriteFrame":{"__uuid__":"c0GPA1PjJA7bli4XEgVjPQ"},"_type":1,"_sizeMode":0}],"_contentSize":{"__type__":"cc.Size","width":60,"height":60},"_trs":{"__type__":"TypedArray","ctor":"Float64Array","array":[-66.5,-65,0,0,0,0,0,1,1,1]},"_zIndex":0},{"__type__":"cc.Node","_name":"New Label","_parent":{"__id__":59},"_components":[{"__type__":"cc.Label","node":{"__id__":60},"_useOriginalSize":false,"_string":"9","_N$string":"9","_N$file":{"__uuid__":"e9DdfGzRhMeq6D3O+bChta"},"_isSystemFontUsed":false,"_N$horizontalAlign":1,"_N$verticalAlign":1}],"_color":{"__type__":"cc.Color","r":253,"g":244,"b":244},"_contentSize":{"__type__":"cc.Size","width":32.22,"height":44.44},"_trs":{"__type__":"TypedArray","ctor":"Float64Array","array":[0,0,0,0,0,0,0,1,1,1]},"_zIndex":0},{"__type__":"cc.Node","_name":"item10","_parent":{"__id__":40},"_children":[{"__id__":62}],"_components":[{"__type__":"cc.Sprite","node":{"__id__":61},"_spriteFrame":{"__uuid__":"c0GPA1PjJA7bli4XEgVjPQ"},"_type":1,"_sizeMode":0}],"_contentSize":{"__type__":"cc.Size","width":60,"height":60},"_trs":{"__type__":"TypedArray","ctor":"Float64Array","array":[-1.5,-65,0,0,0,0,0,1,1,1]},"_zIndex":0},{"__type__":"cc.Node","_name":"New Label","_parent":{"__id__":61},"_components":[{"__type__":"cc.Label","node":{"__id__":62},"_useOriginalSize":false,"_string":"10","_N$string":"10","_N$file":{"__uuid__":"e9DdfGzRhMeq6D3O+bChta"},"_isSystemFontUsed":false,"_N$horizontalAlign":1,"_N$verticalAlign":1}],"_color":{"__type__":"cc.Color","r":253,"g":244,"b":244},"_contentSize":{"__type__":"cc.Size","width":50,"height":44.44},"_trs":{"__type__":"TypedArray","ctor":"Float64Array","array":[0,0,0,0,0,0,0,1,1,1]},"_zIndex":0},{"__type__":"cc.Node","_name":"item11","_parent":{"__id__":40},"_children":[{"__id__":64}],"_components":[{"__type__":"cc.Sprite","node":{"__id__":63},"_spriteFrame":{"__uuid__":"c0GPA1PjJA7bli4XEgVjPQ"},"_type":1,"_sizeMode":0}],"_contentSize":{"__type__":"cc.Size","width":60,"height":60},"_trs":{"__type__":"TypedArray","ctor":"Float64Array","array":[63.5,-65,0,0,0,0,0,1,1,1]},"_zIndex":0},{"__type__":"cc.Node","_name":"New Label","_parent":{"__id__":63},"_components":[{"__type__":"cc.Label","node":{"__id__":64},"_useOriginalSize":false,"_string":"11","_N$string":"11","_N$file":{"__uuid__":"e9DdfGzRhMeq6D3O+bChta"},"_isSystemFontUsed":false,"_N$horizontalAlign":1,"_N$verticalAlign":1}],"_color":{"__type__":"cc.Color","r":253,"g":244,"b":244},"_contentSize":{"__type__":"cc.Size","width":41.11,"height":44.44},"_trs":{"__type__":"TypedArray","ctor":"Float64Array","array":[0,0,0,0,0,0,0,1,1,1]},"_zIndex":0},{"__type__":"cc.Node","_name":"item12","_parent":{"__id__":40},"_children":[{"__id__":66}],"_components":[{"__type__":"cc.Sprite","node":{"__id__":65},"_spriteFrame":{"__uuid__":"c0GPA1PjJA7bli4XEgVjPQ"},"_type":1,"_sizeMode":0}],"_contentSize":{"__type__":"cc.Size","width":60,"height":60},"_trs":{"__type__":"TypedArray","ctor":"Float64Array","array":[-66.5,-130,0,0,0,0,0,1,1,1]},"_zIndex":0},{"__type__":"cc.Node","_name":"New Label","_parent":{"__id__":65},"_components":[{"__type__":"cc.Label","node":{"__id__":66},"_useOriginalSize":false,"_string":"12","_N$string":"12","_N$file":{"__uuid__":"e9DdfGzRhMeq6D3O+bChta"},"_isSystemFontUsed":false,"_N$horizontalAlign":1,"_N$verticalAlign":1}],"_color":{"__type__":"cc.Color","r":253,"g":244,"b":244},"_contentSize":{"__type__":"cc.Size","width":46.67,"height":44.44},"_trs":{"__type__":"TypedArray","ctor":"Float64Array","array":[0,0,0,0,0,0,0,1,1,1]},"_zIndex":0},{"__type__":"cc.Node","_name":"item13","_parent":{"__id__":40},"_children":[{"__id__":68}],"_components":[{"__type__":"cc.Sprite","node":{"__id__":67},"_spriteFrame":{"__uuid__":"c0GPA1PjJA7bli4XEgVjPQ"},"_type":1,"_sizeMode":0}],"_contentSize":{"__type__":"cc.Size","width":60,"height":60},"_trs":{"__type__":"TypedArray","ctor":"Float64Array","array":[-1.5,-130,0,0,0,0,0,1,1,1]},"_zIndex":0},{"__type__":"cc.Node","_name":"New Label","_parent":{"__id__":67},"_components":[{"__type__":"cc.Label","node":{"__id__":68},"_useOriginalSize":false,"_string":"13","_N$string":"13","_N$file":{"__uuid__":"e9DdfGzRhMeq6D3O+bChta"},"_isSystemFontUsed":false,"_N$horizontalAlign":1,"_N$verticalAlign":1}],"_color":{"__type__":"cc.Color","r":253,"g":244,"b":244},"_contentSize":{"__type__":"cc.Size","width":47.78,"height":44.44},"_trs":{"__type__":"TypedArray","ctor":"Float64Array","array":[0,0,0,0,0,0,0,1,1,1]},"_zIndex":0},{"__type__":"cc.Node","_name":"item14","_parent":{"__id__":40},"_children":[{"__id__":70}],"_components":[{"__type__":"cc.Sprite","node":{"__id__":69},"_spriteFrame":{"__uuid__":"c0GPA1PjJA7bli4XEgVjPQ"},"_type":1,"_sizeMode":0}],"_contentSize":{"__type__":"cc.Size","width":60,"height":60},"_trs":{"__type__":"TypedArray","ctor":"Float64Array","array":[63.5,-130,0,0,0,0,0,1,1,1]},"_zIndex":0},{"__type__":"cc.Node","_name":"New Label","_parent":{"__id__":69},"_components":[{"__type__":"cc.Label","node":{"__id__":70},"_useOriginalSize":false,"_string":"14","_N$string":"14","_N$file":{"__uuid__":"e9DdfGzRhMeq6D3O+bChta"},"_isSystemFontUsed":false,"_N$horizontalAlign":1,"_N$verticalAlign":1}],"_color":{"__type__":"cc.Color","r":253,"g":244,"b":244},"_contentSize":{"__type__":"cc.Size","width":50,"height":44.44},"_trs":{"__type__":"TypedArray","ctor":"Float64Array","array":[0,0,0,0,0,0,0,1,1,1]},"_zIndex":0},{"__type__":"cc.Node","_name":"04_ScrollView_With_Grid_Vertical","_parent":{"__id__":2},"_components":[{"__type__":"e4f88adp3hERoJ48DZ2PSAl","node":{"__id__":71},"_useOriginalSize":false,"_string":"ScrollView 和纵向网格布局容器 ","_N$string":"ScrollView 和纵向网格布局容器 ","_fontSize":22,"_N$horizontalAlign":1,"_N$verticalAlign":1,"_N$textKey":"cases/02_ui/06_layout/LayoutInScrollView.fire.144"}],"_contentSize":{"__type__":"cc.Size","width":312.52,"height":40},"_trs":{"__type__":"TypedArray","ctor":"Float64Array","array":[189.1999969482422,-260,0,0,0,0,0,1,1,1]},"_zIndex":0},{"__type__":"cc.Node","_name":"04_Layout_In_ScrollView_Grid_Vertical","_parent":{"__id__":2},"_children":[{"__id__":73}],"_components":[{"__type__":"cc.Sprite","node":{"__id__":72},"_spriteFrame":{"__uuid__":"7ewuO0jsFIiKv5sYyeKk6T"},"_type":1,"_sizeMode":0},{"__type__":"cc.ScrollView","node":{"__id__":72},"vertical":false,"brake":0.71,"bounceDuration":1.79,"_N$content":{"__id__":74},"content":{"__id__":74},"_N$horizontalScrollBar":null,"_N$verticalScrollBar":null}],"_contentSize":{"__type__":"cc.Size","width":190,"height":200},"_trs":{"__type__":"TypedArray","ctor":"Float64Array","array":[189,-130,0,0,0,0,0,1,1,1]},"_zIndex":0},{"__type__":"cc.Node","_name":"viewport","_parent":{"__id__":72},"_children":[{"__id__":74}],"_components":[{"__type__":"cc.Widget","node":{"__id__":73},"alignMode":2,"_alignFlags":45,"_left":5,"_right":5,"_top":-10,"_bottom":-10},{"__type__":"cc.Mask","node":{"__id__":73},"_N$alphaThreshold":1}],"_contentSize":{"__type__":"cc.Size","width":180,"height":220},"_trs":{"__type__":"TypedArray","ctor":"Float64Array","array":[0,0,0,0,0,0,0,1,1,1]},"_zIndex":0},{"__type__":"cc.Node","_name":"content","_parent":{"__id__":73},"_children":[{"__id__":75},{"__id__":77},{"__id__":79},{"__id__":81},{"__id__":83},{"__id__":85},{"__id__":87},{"__id__":89},{"__id__":91},{"__id__":93},{"__id__":95},{"__id__":97},{"__id__":99},{"__id__":101},{"__id__":103}],"_components":[{"__type__":"cc.Layout","node":{"__id__":74},"_layoutSize":{"__type__":"cc.Size","width":330,"height":204},"_resize":1,"_N$layoutType":3,"_N$cellSize":{"__type__":"cc.Size"},"_N$startAxis":1,"_N$paddingLeft":5,"_N$paddingRight":5,"_N$paddingTop":5,"_N$paddingBottom":5,"_N$spacingX":5,"_N$spacingY":5}],"_contentSize":{"__type__":"cc.Size","width":330,"height":204},"_trs":{"__type__":"TypedArray","ctor":"Float64Array","array":[70,-2,0,0,0,0,0,1,1,1]},"_zIndex":0},{"__type__":"cc.Node","_name":"item0","_parent":{"__id__":74},"_children":[{"__id__":76}],"_components":[{"__type__":"cc.Sprite","node":{"__id__":75},"_spriteFrame":{"__uuid__":"c0GPA1PjJA7bli4XEgVjPQ"},"_type":1,"_sizeMode":0}],"_contentSize":{"__type__":"cc.Size","width":60,"height":60},"_trs":{"__type__":"TypedArray","ctor":"Float64Array","array":[-130,67,0,0,0,0,0,1,1,1]},"_zIndex":0},{"__type__":"cc.Node","_name":"New Label","_parent":{"__id__":75},"_components":[{"__type__":"cc.Label","node":{"__id__":76},"_useOriginalSize":false,"_string":"0","_N$string":"0","_N$file":{"__uuid__":"e9DdfGzRhMeq6D3O+bChta"},"_isSystemFontUsed":false,"_N$horizontalAlign":1,"_N$verticalAlign":1}],"_color":{"__type__":"cc.Color","r":253,"g":244,"b":244},"_contentSize":{"__type__":"cc.Size","width":33.33,"height":44.44},"_trs":{"__type__":"TypedArray","ctor":"Float64Array","array":[0,0,0,0,0,0,0,1,1,1]},"_zIndex":0},{"__type__":"cc.Node","_name":"item1","_parent":{"__id__":74},"_children":[{"__id__":78}],"_components":[{"__type__":"cc.Sprite","node":{"__id__":77},"_spriteFrame":{"__uuid__":"c0GPA1PjJA7bli4XEgVjPQ"},"_type":1,"_sizeMode":0}],"_contentSize":{"__type__":"cc.Size","width":60,"height":60},"_trs":{"__type__":"TypedArray","ctor":"Float64Array","array":[-130,2,0,0,0,0,0,1,1,1]},"_zIndex":0},{"__type__":"cc.Node","_name":"New Label","_parent":{"__id__":77},"_components":[{"__type__":"cc.Label","node":{"__id__":78},"_useOriginalSize":false,"_string":"1","_N$string":"1","_N$file":{"__uuid__":"e9DdfGzRhMeq6D3O+bChta"},"_isSystemFontUsed":false,"_N$horizontalAlign":1,"_N$verticalAlign":1}],"_color":{"__type__":"cc.Color","r":253,"g":244,"b":244},"_contentSize":{"__type__":"cc.Size","width":24.44,"height":44.44},"_trs":{"__type__":"TypedArray","ctor":"Float64Array","array":[0,0,0,0,0,0,0,1,1,1]},"_zIndex":0},{"__type__":"cc.Node","_name":"item2","_parent":{"__id__":74},"_children":[{"__id__":80}],"_components":[{"__type__":"cc.Sprite","node":{"__id__":79},"_spriteFrame":{"__uuid__":"c0GPA1PjJA7bli4XEgVjPQ"},"_type":1,"_sizeMode":0}],"_contentSize":{"__type__":"cc.Size","width":60,"height":60},"_trs":{"__type__":"TypedArray","ctor":"Float64Array","array":[-130,-63,0,0,0,0,0,1,1,1]},"_zIndex":0},{"__type__":"cc.Node","_name":"New Label","_parent":{"__id__":79},"_components":[{"__type__":"cc.Label","node":{"__id__":80},"_useOriginalSize":false,"_string":"2","_N$string":"2","_N$file":{"__uuid__":"e9DdfGzRhMeq6D3O+bChta"},"_isSystemFontUsed":false,"_N$horizontalAlign":1,"_N$verticalAlign":1}],"_color":{"__type__":"cc.Color","r":253,"g":244,"b":244},"_contentSize":{"__type__":"cc.Size","width":30,"height":44.44},"_trs":{"__type__":"TypedArray","ctor":"Float64Array","array":[0,0,0,0,0,0,0,1,1,1]},"_zIndex":0},{"__type__":"cc.Node","_name":"item3","_parent":{"__id__":74},"_children":[{"__id__":82}],"_components":[{"__type__":"cc.Sprite","node":{"__id__":81},"_spriteFrame":{"__uuid__":"c0GPA1PjJA7bli4XEgVjPQ"},"_type":1,"_sizeMode":0}],"_contentSize":{"__type__":"cc.Size","width":60,"height":60},"_trs":{"__type__":"TypedArray","ctor":"Float64Array","array":[-65,67,0,0,0,0,0,1,1,1]},"_zIndex":0},{"__type__":"cc.Node","_name":"New Label","_parent":{"__id__":81},"_components":[{"__type__":"cc.Label","node":{"__id__":82},"_useOriginalSize":false,"_string":"3","_N$string":"3","_N$file":{"__uuid__":"e9DdfGzRhMeq6D3O+bChta"},"_isSystemFontUsed":false,"_N$horizontalAlign":1,"_N$verticalAlign":1}],"_color":{"__type__":"cc.Color","r":253,"g":244,"b":244},"_contentSize":{"__type__":"cc.Size","width":31.11,"height":44.44},"_trs":{"__type__":"TypedArray","ctor":"Float64Array","array":[0,0,0,0,0,0,0,1,1,1]},"_zIndex":0},{"__type__":"cc.Node","_name":"item4","_parent":{"__id__":74},"_children":[{"__id__":84}],"_components":[{"__type__":"cc.Sprite","node":{"__id__":83},"_spriteFrame":{"__uuid__":"c0GPA1PjJA7bli4XEgVjPQ"},"_type":1,"_sizeMode":0}],"_contentSize":{"__type__":"cc.Size","width":60,"height":60},"_trs":{"__type__":"TypedArray","ctor":"Float64Array","array":[-65,2,0,0,0,0,0,1,1,1]},"_zIndex":0},{"__type__":"cc.Node","_name":"New Label","_parent":{"__id__":83},"_components":[{"__type__":"cc.Label","node":{"__id__":84},"_useOriginalSize":false,"_string":"4","_N$string":"4","_N$file":{"__uuid__":"e9DdfGzRhMeq6D3O+bChta"},"_isSystemFontUsed":false,"_N$horizontalAlign":1,"_N$verticalAlign":1}],"_color":{"__type__":"cc.Color","r":253,"g":244,"b":244},"_contentSize":{"__type__":"cc.Size","width":33.33,"height":44.44},"_trs":{"__type__":"TypedArray","ctor":"Float64Array","array":[0,0,0,0,0,0,0,1,1,1]},"_zIndex":0},{"__type__":"cc.Node","_name":"item5","_parent":{"__id__":74},"_children":[{"__id__":86}],"_components":[{"__type__":"cc.Sprite","node":{"__id__":85},"_spriteFrame":{"__uuid__":"c0GPA1PjJA7bli4XEgVjPQ"},"_type":1,"_sizeMode":0}],"_contentSize":{"__type__":"cc.Size","width":60,"height":60},"_trs":{"__type__":"TypedArray","ctor":"Float64Array","array":[-65,-63,0,0,0,0,0,1,1,1]},"_zIndex":0},{"__type__":"cc.Node","_name":"New Label","_parent":{"__id__":85},"_components":[{"__type__":"cc.Label","node":{"__id__":86},"_useOriginalSize":false,"_string":"5","_N$string":"5","_N$file":{"__uuid__":"e9DdfGzRhMeq6D3O+bChta"},"_isSystemFontUsed":false,"_N$horizontalAlign":1,"_N$verticalAlign":1}],"_color":{"__type__":"cc.Color","r":253,"g":244,"b":244},"_contentSize":{"__type__":"cc.Size","width":31.11,"height":44.44},"_trs":{"__type__":"TypedArray","ctor":"Float64Array","array":[0,0,0,0,0,0,0,1,1,1]},"_zIndex":0},{"__type__":"cc.Node","_name":"item6","_parent":{"__id__":74},"_children":[{"__id__":88}],"_components":[{"__type__":"cc.Sprite","node":{"__id__":87},"_spriteFrame":{"__uuid__":"c0GPA1PjJA7bli4XEgVjPQ"},"_type":1,"_sizeMode":0}],"_contentSize":{"__type__":"cc.Size","width":60,"height":60},"_trs":{"__type__":"TypedArray","ctor":"Float64Array","array":[0,67,0,0,0,0,0,1,1,1]},"_zIndex":0},{"__type__":"cc.Node","_name":"New Label","_parent":{"__id__":87},"_components":[{"__type__":"cc.Label","node":{"__id__":88},"_useOriginalSize":false,"_string":"6","_N$string":"6","_N$file":{"__uuid__":"e9DdfGzRhMeq6D3O+bChta"},"_isSystemFontUsed":false,"_N$horizontalAlign":1,"_N$verticalAlign":1}],"_color":{"__type__":"cc.Color","r":253,"g":244,"b":244},"_contentSize":{"__type__":"cc.Size","width":32.22,"height":44.44},"_trs":{"__type__":"TypedArray","ctor":"Float64Array","array":[0,0,0,0,0,0,0,1,1,1]},"_zIndex":0},{"__type__":"cc.Node","_name":"item7","_parent":{"__id__":74},"_children":[{"__id__":90}],"_components":[{"__type__":"cc.Sprite","node":{"__id__":89},"_spriteFrame":{"__uuid__":"c0GPA1PjJA7bli4XEgVjPQ"},"_type":1,"_sizeMode":0}],"_contentSize":{"__type__":"cc.Size","width":60,"height":60},"_trs":{"__type__":"TypedArray","ctor":"Float64Array","array":[0,2,0,0,0,0,0,1,1,1]},"_zIndex":0},{"__type__":"cc.Node","_name":"New Label","_parent":{"__id__":89},"_components":[{"__type__":"cc.Label","node":{"__id__":90},"_useOriginalSize":false,"_string":"7","_N$string":"7","_N$file":{"__uuid__":"e9DdfGzRhMeq6D3O+bChta"},"_isSystemFontUsed":false,"_N$horizontalAlign":1,"_N$verticalAlign":1}],"_color":{"__type__":"cc.Color","r":253,"g":244,"b":244},"_contentSize":{"__type__":"cc.Size","width":30,"height":44.44},"_trs":{"__type__":"TypedArray","ctor":"Float64Array","array":[0,0,0,0,0,0,0,1,1,1]},"_zIndex":0},{"__type__":"cc.Node","_name":"item8","_parent":{"__id__":74},"_children":[{"__id__":92}],"_components":[{"__type__":"cc.Sprite","node":{"__id__":91},"_spriteFrame":{"__uuid__":"c0GPA1PjJA7bli4XEgVjPQ"},"_type":1,"_sizeMode":0}],"_contentSize":{"__type__":"cc.Size","width":60,"height":60},"_trs":{"__type__":"TypedArray","ctor":"Float64Array","array":[0,-63,0,0,0,0,0,1,1,1]},"_zIndex":0},{"__type__":"cc.Node","_name":"New Label","_parent":{"__id__":91},"_components":[{"__type__":"cc.Label","node":{"__id__":92},"_useOriginalSize":false,"_string":"8","_N$string":"8","_N$file":{"__uuid__":"e9DdfGzRhMeq6D3O+bChta"},"_isSystemFontUsed":false,"_N$horizontalAlign":1,"_N$verticalAlign":1}],"_color":{"__type__":"cc.Color","r":253,"g":244,"b":244},"_contentSize":{"__type__":"cc.Size","width":32.22,"height":44.44},"_trs":{"__type__":"TypedArray","ctor":"Float64Array","array":[0,0,0,0,0,0,0,1,1,1]},"_zIndex":0},{"__type__":"cc.Node","_name":"item9","_parent":{"__id__":74},"_children":[{"__id__":94}],"_components":[{"__type__":"cc.Sprite","node":{"__id__":93},"_spriteFrame":{"__uuid__":"c0GPA1PjJA7bli4XEgVjPQ"},"_type":1,"_sizeMode":0}],"_contentSize":{"__type__":"cc.Size","width":60,"height":60},"_trs":{"__type__":"TypedArray","ctor":"Float64Array","array":[65,67,0,0,0,0,0,1,1,1]},"_zIndex":0},{"__type__":"cc.Node","_name":"New Label","_parent":{"__id__":93},"_components":[{"__type__":"cc.Label","node":{"__id__":94},"_useOriginalSize":false,"_string":"9","_N$string":"9","_N$file":{"__uuid__":"e9DdfGzRhMeq6D3O+bChta"},"_isSystemFontUsed":false,"_N$horizontalAlign":1,"_N$verticalAlign":1}],"_color":{"__type__":"cc.Color","r":253,"g":244,"b":244},"_contentSize":{"__type__":"cc.Size","width":32.22,"height":44.44},"_trs":{"__type__":"TypedArray","ctor":"Float64Array","array":[0,0,0,0,0,0,0,1,1,1]},"_zIndex":0},{"__type__":"cc.Node","_name":"item10","_parent":{"__id__":74},"_children":[{"__id__":96}],"_components":[{"__type__":"cc.Sprite","node":{"__id__":95},"_spriteFrame":{"__uuid__":"c0GPA1PjJA7bli4XEgVjPQ"},"_type":1,"_sizeMode":0}],"_contentSize":{"__type__":"cc.Size","width":60,"height":60},"_trs":{"__type__":"TypedArray","ctor":"Float64Array","array":[65,2,0,0,0,0,0,1,1,1]},"_zIndex":0},{"__type__":"cc.Node","_name":"New Label","_parent":{"__id__":95},"_components":[{"__type__":"cc.Label","node":{"__id__":96},"_useOriginalSize":false,"_string":"10","_N$string":"10","_N$file":{"__uuid__":"e9DdfGzRhMeq6D3O+bChta"},"_isSystemFontUsed":false,"_N$horizontalAlign":1,"_N$verticalAlign":1}],"_color":{"__type__":"cc.Color","r":253,"g":244,"b":244},"_contentSize":{"__type__":"cc.Size","width":50,"height":44.44},"_trs":{"__type__":"TypedArray","ctor":"Float64Array","array":[0,0,0,0,0,0,0,1,1,1]},"_zIndex":0},{"__type__":"cc.Node","_name":"item11","_parent":{"__id__":74},"_children":[{"__id__":98}],"_components":[{"__type__":"cc.Sprite","node":{"__id__":97},"_spriteFrame":{"__uuid__":"c0GPA1PjJA7bli4XEgVjPQ"},"_type":1,"_sizeMode":0}],"_contentSize":{"__type__":"cc.Size","width":60,"height":60},"_trs":{"__type__":"TypedArray","ctor":"Float64Array","array":[65,-63,0,0,0,0,0,1,1,1]},"_zIndex":0},{"__type__":"cc.Node","_name":"New Label","_parent":{"__id__":97},"_components":[{"__type__":"cc.Label","node":{"__id__":98},"_useOriginalSize":false,"_string":"11","_N$string":"11","_N$file":{"__uuid__":"e9DdfGzRhMeq6D3O+bChta"},"_isSystemFontUsed":false,"_N$horizontalAlign":1,"_N$verticalAlign":1}],"_color":{"__type__":"cc.Color","r":253,"g":244,"b":244},"_contentSize":{"__type__":"cc.Size","width":41.11,"height":44.44},"_trs":{"__type__":"TypedArray","ctor":"Float64Array","array":[0,0,0,0,0,0,0,1,1,1]},"_zIndex":0},{"__type__":"cc.Node","_name":"item12","_parent":{"__id__":74},"_children":[{"__id__":100}],"_components":[{"__type__":"cc.Sprite","node":{"__id__":99},"_spriteFrame":{"__uuid__":"c0GPA1PjJA7bli4XEgVjPQ"},"_type":1,"_sizeMode":0}],"_contentSize":{"__type__":"cc.Size","width":60,"height":60},"_trs":{"__type__":"TypedArray","ctor":"Float64Array","array":[130,67,0,0,0,0,0,1,1,1]},"_zIndex":0},{"__type__":"cc.Node","_name":"New Label","_parent":{"__id__":99},"_components":[{"__type__":"cc.Label","node":{"__id__":100},"_useOriginalSize":false,"_string":"12","_N$string":"12","_N$file":{"__uuid__":"e9DdfGzRhMeq6D3O+bChta"},"_isSystemFontUsed":false,"_N$horizontalAlign":1,"_N$verticalAlign":1}],"_color":{"__type__":"cc.Color","r":253,"g":244,"b":244},"_contentSize":{"__type__":"cc.Size","width":46.67,"height":44.44},"_trs":{"__type__":"TypedArray","ctor":"Float64Array","array":[0,0,0,0,0,0,0,1,1,1]},"_zIndex":0},{"__type__":"cc.Node","_name":"item13","_parent":{"__id__":74},"_children":[{"__id__":102}],"_components":[{"__type__":"cc.Sprite","node":{"__id__":101},"_spriteFrame":{"__uuid__":"c0GPA1PjJA7bli4XEgVjPQ"},"_type":1,"_sizeMode":0}],"_contentSize":{"__type__":"cc.Size","width":60,"height":60},"_trs":{"__type__":"TypedArray","ctor":"Float64Array","array":[130,2,0,0,0,0,0,1,1,1]},"_zIndex":0},{"__type__":"cc.Node","_name":"New Label","_parent":{"__id__":101},"_components":[{"__type__":"cc.Label","node":{"__id__":102},"_useOriginalSize":false,"_string":"13","_N$string":"13","_N$file":{"__uuid__":"e9DdfGzRhMeq6D3O+bChta"},"_isSystemFontUsed":false,"_N$horizontalAlign":1,"_N$verticalAlign":1}],"_color":{"__type__":"cc.Color","r":253,"g":244,"b":244},"_contentSize":{"__type__":"cc.Size","width":47.78,"height":44.44},"_trs":{"__type__":"TypedArray","ctor":"Float64Array","array":[0,0,0,0,0,0,0,1,1,1]},"_zIndex":0},{"__type__":"cc.Node","_name":"item14","_parent":{"__id__":74},"_children":[{"__id__":104}],"_components":[{"__type__":"cc.Sprite","node":{"__id__":103},"_spriteFrame":{"__uuid__":"c0GPA1PjJA7bli4XEgVjPQ"},"_type":1,"_sizeMode":0}],"_contentSize":{"__type__":"cc.Size","width":60,"height":60},"_trs":{"__type__":"TypedArray","ctor":"Float64Array","array":[130,-63,0,0,0,0,0,1,1,1]},"_zIndex":0},{"__type__":"cc.Node","_name":"New Label","_parent":{"__id__":103},"_components":[{"__type__":"cc.Label","node":{"__id__":104},"_useOriginalSize":false,"_string":"14","_N$string":"14","_N$file":{"__uuid__":"e9DdfGzRhMeq6D3O+bChta"},"_isSystemFontUsed":false,"_N$horizontalAlign":1,"_N$verticalAlign":1}],"_color":{"__type__":"cc.Color","r":253,"g":244,"b":244},"_contentSize":{"__type__":"cc.Size","width":50,"height":44.44},"_trs":{"__type__":"TypedArray","ctor":"Float64Array","array":[0,0,0,0,0,0,0,1,1,1]},"_zIndex":0}],{"__type__":"cc.SpriteFrame","content":{"name":"scrollview_bg","texture":"06gADN5K1HtoY06kxf4R9N","rect":[0,0,14,14],"offset":[0,0],"originalSize":[14,14],"capInsets":[5,5,5,5]}},{"__type__":"cc.SpriteFrame","content":{"name":"bg","texture":"5cSEe6cUVByreKJqRNvahb","rect":[0,0,14,14],"offset":[0,0],"originalSize":[14,14],"capInsets":[5,5,5,5]}}]