[{"__type__":"cc.SpriteFrame","content":{"name":"default_btn_disabled","texture":"71VhFCTINJM6/Ky3oX9nBT","rect":[0,0,40,40],"offset":[0,0],"originalSize":[40,40],"capInsets":[12,12,12,12]}},{"__type__":"cc.SpriteFrame","content":{"name":"default_progressbar","texture":"cf73jxyN9Jt47QTJU6ziYh","rect":[0,0,30,15],"offset":[0,0],"originalSize":[30,15],"capInsets":[10,4,10,4]}},[{"__type__":"cc.SceneAsset","_name":"webview","scene":{"__id__":1},"asyncLoadAssets":null},{"__type__":"cc.Scene","_name":"New Node","_children":[{"__id__":2},{"__id__":16}],"_anchorPoint":{"__type__":"cc.Vec2"},"_trs":{"__type__":"TypedArray","ctor":"Float64Array","array":[0,0,0,0,0,0,1,0.8125,0.8125,1]},"_zIndex":0,"autoReleaseAssets":true},{"__type__":"cc.Node","_name":"Canvas","_parent":{"__id__":1},"_children":[{"__id__":3},{"__id__":4},{"__id__":5}],"_components":[{"__type__":"cc.Canvas","node":{"__id__":2}},{"__type__":"cc.Widget","node":{"__id__":2},"_alignFlags":45}],"_contentSize":{"__type__":"cc.Size","width":960,"height":640},"_trs":{"__type__":"TypedArray","ctor":"Float64Array","array":[480,320,0,0,0,0,0,1,1,1]},"_zIndex":0,"_id":"66c35kVYp5O7od3/usNFGCF"},{"__type__":"cc.Node","_name":"Main Camera","_parent":{"__id__":2},"_components":[{"__type__":"cc.Camera","node":{"__id__":3},"_clearFlags":7,"_depth":-1}],"_trs":{"__type__":"TypedArray","ctor":"Float64Array","array":[0,0,0,0,0,0,0,1,1,1]},"_zIndex":0},{"__type__":"cc.Node","_parent":{"__id__":2},"_id":"50c85B2hahGSZEYxWwLU4/0","_prefab":{"__type__":"cc.PrefabInfo","root":{"__id__":4},"asset":{"__uuid__":"b8OSNRvpdPAZhePn0hGPPJ"},"fileId":"78fd70+ls5GgJcFkzvLSRk8","sync":true},"_name":"Background","_trs":{"__type__":"TypedArray","ctor":"Float64Array","array":[0,0,0,0,0,0,0,1,1,1]}},{"__type__":"cc.Node","_name":"Root","_parent":{"__id__":2},"_children":[{"__id__":6},{"__id__":8},{"__id__":9},{"__id__":14},{"__id__":18}],"_trs":{"__type__":"TypedArray","ctor":"Float64Array","array":[75,0,0,0,0,0,0,1,1,1]},"_zIndex":0},{"__type__":"cc.Node","_name":"label","_parent":{"__id__":5},"_components":[{"__id__":7}],"_contentSize":{"__type__":"cc.Size","width":182.34,"height":40},"_trs":{"__type__":"TypedArray","ctor":"Float64Array","array":[-51,170,0,0,0,0,0,1,1,1]},"_zIndex":0},{"__type__":"cc.Label","node":{"__id__":6},"_useOriginalSize":false,"_string":" is loaded!","_N$string":" is loaded!","_N$horizontalAlign":1,"_N$verticalAlign":1},{"__type__":"cc.Node","_name":"URLLabel","_parent":{"__id__":5},"_components":[{"__type__":"cc.Label","node":{"__id__":8},"_useOriginalSize":false,"_string":"Enter URL Here","_N$string":"Enter URL Here","_fontSize":30,"_lineHeight":30,"_N$horizontalAlign":1,"_N$verticalAlign":1}],"_contentSize":{"__type__":"cc.Size","width":213.41,"height":30},"_trs":{"__type__":"TypedArray","ctor":"Float64Array","array":[-324,-141,0,0,0,0,0,1,1,1]},"_zIndex":0},{"__type__":"cc.Node","_name":"URLInput","_parent":{"__id__":5},"_children":[{"__id__":10},{"__id__":11},{"__id__":12}],"_components":[{"__id__":13}],"_contentSize":{"__type__":"cc.Size","width":300,"height":55},"_trs":{"__type__":"TypedArray","ctor":"Float64Array","array":[-51,-140,0,0,0,0,0,1,1,1]},"_zIndex":0},{"__type__":"cc.Node","_name":"BACKGROUND_SPRITE","_parent":{"__id__":9},"_components":[{"__type__":"cc.Sprite","node":{"__id__":10},"_spriteFrame":{"__uuid__":"675ovJ2tVK2aLYfgPUWOMv"},"_type":1,"_sizeMode":0}],"_contentSize":{"__type__":"cc.Size","width":300,"height":55},"_trs":{"__type__":"TypedArray","ctor":"Float64Array","array":[0,0,0,0,0,0,0,1,1,1]},"_zIndex":0},{"__type__":"cc.Node","_name":"TEXT_LABEL","_parent":{"__id__":9},"_active":false,"_components":[{"__type__":"cc.Label","node":{"__id__":11},"_fontSize":38,"_lineHeight":38,"_enableWrapText":false,"_N$verticalAlign":1,"_N$overflow":1}],"_color":{"__type__":"cc.Color"},"_contentSize":{"__type__":"cc.Size","width":300,"height":55},"_anchorPoint":{"__type__":"cc.Vec2","y":1},"_trs":{"__type__":"TypedArray","ctor":"Float64Array","array":[-150,27.5,0,0,0,0,0,1,1,1]},"_zIndex":0},{"__type__":"cc.Node","_name":"PLACEHOLDER_LABEL","_parent":{"__id__":9},"_components":[{"__type__":"cc.Label","node":{"__id__":12},"_string":"https://","_N$string":"https://","_enableWrapText":false,"_N$verticalAlign":1,"_N$overflow":1}],"_color":{"__type__":"cc.Color","r":127,"g":127,"b":127},"_contentSize":{"__type__":"cc.Size","width":300,"height":55},"_anchorPoint":{"__type__":"cc.Vec2","y":1},"_trs":{"__type__":"TypedArray","ctor":"Float64Array","array":[-150,27.5,0,0,0,0,0,1,1,1]},"_zIndex":0},{"__type__":"cc.EditBox","node":{"__id__":9},"_useOriginalSize":false,"_N$backgroundImage":{"__uuid__":"675ovJ2tVK2aLYfgPUWOMv"},"_N$returnType":0,"_N$fontSize":38,"_N$lineHeight":38,"_N$fontColor":{"__type__":"cc.Color"},"_N$placeholder":"https://","_N$placeholderFontSize":40,"_N$placeholderFontColor":{"__type__":"cc.Color","r":127,"g":127,"b":127},"_N$maxLength":40,"_N$inputMode":4},{"__type__":"cc.Node","_name":"RefreshButton","_parent":{"__id__":5},"_children":[{"__id__":15}],"_components":[{"__type__":"cc.Sprite","node":{"__id__":14},"_spriteFrame":{"__uuid__":"f0BIwQ8D5Ml7nTNQbh1YlS"},"_type":1,"_sizeMode":0},{"__type__":"cc.Button","node":{"__id__":14},"clickEvents":[{"__type__":"cc.ClickEvent","target":{"__id__":16},"component":"WebviewCtrl","handler":"visitURL"}],"_N$transition":2,"transition":2,"_N$pressedColor":{"__type__":"cc.Color","r":255,"g":255,"b":255},"pressedColor":{"__type__":"cc.Color","r":255,"g":255,"b":255},"_N$disabledColor":{"__type__":"cc.Color","r":255,"g":255,"b":255},"_N$normalSprite":{"__uuid__":"f0BIwQ8D5Ml7nTNQbh1YlS"},"_N$pressedSprite":{"__uuid__":"e97GVMl6JHh5Ml5qEDdSGa"},"pressedSprite":{"__uuid__":"e97GVMl6JHh5Ml5qEDdSGa"},"_N$hoverSprite":{"__uuid__":"e97GVMl6JHh5Ml5qEDdSGa"},"hoverSprite":{"__uuid__":"e97GVMl6JHh5Ml5qEDdSGa"},"_N$disabledSprite":{"__uuid__":"29FYIk+N1GYaeWH/q1NxQO"},"_N$target":{"__id__":14}}],"_contentSize":{"__type__":"cc.Size","width":100,"height":40},"_trs":{"__type__":"TypedArray","ctor":"Float64Array","array":[160,-140,0,0,0,0,0,1,1,1]},"_zIndex":0},{"__type__":"cc.Node","_name":"Label","_parent":{"__id__":14},"_components":[{"__type__":"cc.Label","node":{"__id__":15},"_useOriginalSize":false,"_string":"visit","_N$string":"visit","_fontSize":30,"_enableWrapText":false,"_N$horizontalAlign":1,"_N$verticalAlign":1,"_N$overflow":1}],"_color":{"__type__":"cc.Color"},"_contentSize":{"__type__":"cc.Size","width":100,"height":40},"_trs":{"__type__":"TypedArray","ctor":"Float64Array","array":[1,-1,0,0,0,0,0,1,1,1]},"_zIndex":0},{"__type__":"cc.Node","_name":"WebviewCtrl","_parent":{"__id__":1},"_components":[{"__type__":"f8de1gmPM1CLoiv+P/T9HnJ","node":{"__id__":16},"labelStatus":{"__id__":7},"webview":{"__id__":17},"url":{"__id__":13}}],"_trs":{"__type__":"TypedArray","ctor":"Float64Array","array":[0,0,0,0,0,0,0,1,1,1]},"_zIndex":0,"_id":"c54a4CseN5Pa6KCzqoFsahA"},{"__type__":"cc.WebView","node":{"__id__":18},"_useOriginalSize":false,"_url":"https://www.cocos.com","webviewEvents":[{"__type__":"cc.ClickEvent","target":{"__id__":16},"component":"WebviewCtrl","handler":"onWebFinishLoad"}]},{"__type__":"cc.Node","_name":"webview","_parent":{"__id__":5},"_components":[{"__id__":17}],"_contentSize":{"__type__":"cc.Size","width":300,"height":200},"_trs":{"__type__":"TypedArray","ctor":"Float64Array","array":[-51,27,0,0,0,0,0,1,1,1]},"_zIndex":0}],{"__type__":"cc.SpriteFrame","content":{"name":"default_btn_pressed","texture":"b4P/PCArtIdIH38t6mlw8Y","rect":[0,0,40,40],"offset":[0,0],"originalSize":[40,40],"capInsets":[12,12,12,12]}},{"__type__":"cc.SpriteFrame","content":{"name":"default_btn_normal","texture":"e8Ueib+qJEhL6mXAHdnwbi","rect":[0,0,40,40],"offset":[0,0],"originalSize":[40,40],"capInsets":[12,12,12,12]}}]