{"__type__":"cc.Mesh","_native":".bin","_vertexBundles":[{"__type__":"cc.mesh.VertexBundle","data":{"__type__":"cc.BufferRange","length":11360},"formats":[{"__type__":"cc.mesh.VertexFormat","name":"a_normal","type":5126,"num":3},{"__type__":"cc.mesh.VertexFormat","name":"a_position","type":5126,"num":3},{"__type__":"cc.mesh.VertexFormat","name":"a_uv0","type":5126,"num":2}],"verticesCount":355}],"_primitives":[{"__type__":"cc.mesh.Primitive","vertexBundleIndices":[0],"data":{"__type__":"cc.BufferRange","offset":11360,"length":2988}}],"_minPos":{"__type__":"cc.Vec3","x":-1.08073043823242,"y":-0.402946680784225,"z":-0.00893638283014297},"_maxPos":{"__type__":"cc.Vec3","x":1.080730676651,"y":0.402946680784225,"z":0.104114443063736}}