{"__type__":"cc.TiledMapAsset","_name":"hexa","tmxXmlStr":"<?xml version=\"1.0\" encoding=\"UTF-8\"?>\r\n<map version=\"1.0\" orientation=\"hexagonal\" renderorder=\"right-down\" width=\"9\" height=\"9\" tilewidth=\"60\" tileheight=\"39\" hexsidelength=\"30\" staggeraxis=\"x\" staggerindex=\"odd\" nextobjectid=\"1\">\r\n <tileset firstgid=\"1\" name=\"Tileset_Hexagonal_FlatTop_60x39_60x60\" tilewidth=\"60\" tileheight=\"60\" tilecount=\"12\" columns=\"4\">\r\n  <image source=\"hexa.png\" width=\"240\" height=\"180\"/>\r\n </tileset>\r\n <layer name=\"Floor\" width=\"9\" height=\"9\">\r\n  <data encoding=\"base64\" compression=\"zlib\">\r\n   eJxjY2BgYINiFiTMhoZh4oxIGFktCxZxbGKMSDQbGh9dDRsW89HV4GOj24/N3eh+w+V/ZLXoYgC/VAE0\r\n  </data>\r\n </layer>\r\n</map>\r\n","textures":[{"__uuid__":"5bizKYxgRICqP2x1IvmLD/"}],"textureNames":["hexa.png"],"textureSizes":[{"__type__":"cc.Size","width":240,"height":180}]}