{"__type__":"cc.SkeletonAnimationClip","_name":"Capoeira","_native":".bin","_duration":3.4166667461395264,"sample":30,"wrapMode":2,"description":{"mixamorig:Hips":{"position":{"offset":0,"frameCount":83},"quat":{"offset":332,"frameCount":83},"scale":{"offset":747,"frameCount":1}},"mixamorig:Hips/mixamorig:Spine":{"quat":{"offset":751,"frameCount":83},"scale":{"offset":1166,"frameCount":1},"position":{"offset":1170,"frameCount":1}},"mixamorig:Hips/mixamorig:Spine/mixamorig:Spine1":{"quat":{"offset":1174,"frameCount":83},"scale":{"offset":1589,"frameCount":1},"position":{"offset":1593,"frameCount":1}},"mixamorig:Hips/mixamorig:Spine/mixamorig:Spine1/mixamorig:Spine2":{"quat":{"offset":1597,"frameCount":83},"scale":{"offset":2012,"frameCount":1},"position":{"offset":2016,"frameCount":1}},"mixamorig:Hips/mixamorig:Spine/mixamorig:Spine1/mixamorig:Spine2/mixamorig:Neck":{"quat":{"offset":2020,"frameCount":83},"scale":{"offset":2435,"frameCount":1},"position":{"offset":2439,"frameCount":1}},"mixamorig:Hips/mixamorig:Spine/mixamorig:Spine1/mixamorig:Spine2/mixamorig:Neck/mixamorig:Head":{"quat":{"offset":2443,"frameCount":83},"scale":{"offset":2858,"frameCount":1},"position":{"offset":2862,"frameCount":1}},"mixamorig:Hips/mixamorig:Spine/mixamorig:Spine1/mixamorig:Spine2/mixamorig:LeftShoulder":{"quat":{"offset":2866,"frameCount":83},"scale":{"offset":3281,"frameCount":1},"position":{"offset":3285,"frameCount":1}},"mixamorig:Hips/mixamorig:Spine/mixamorig:Spine1/mixamorig:Spine2/mixamorig:LeftShoulder/mixamorig:LeftArm":{"quat":{"offset":3289,"frameCount":83},"scale":{"offset":3704,"frameCount":1},"position":{"offset":3708,"frameCount":1}},"mixamorig:Hips/mixamorig:Spine/mixamorig:Spine1/mixamorig:Spine2/mixamorig:LeftShoulder/mixamorig:LeftArm/mixamorig:LeftForeArm":{"quat":{"offset":3712,"frameCount":82},"scale":{"offset":4122,"frameCount":1},"position":{"offset":4126,"frameCount":1}},"mixamorig:Hips/mixamorig:Spine/mixamorig:Spine1/mixamorig:Spine2/mixamorig:LeftShoulder/mixamorig:LeftArm/mixamorig:LeftForeArm/mixamorig:LeftHand":{"quat":{"offset":4130,"frameCount":83},"scale":{"offset":4545,"frameCount":1},"position":{"offset":4549,"frameCount":1}},"mixamorig:Hips/mixamorig:Spine/mixamorig:Spine1/mixamorig:Spine2/mixamorig:LeftShoulder/mixamorig:LeftArm/mixamorig:LeftForeArm/mixamorig:LeftHand/mixamorig:LeftHandThumb1":{"quat":{"offset":4553,"frameCount":82},"scale":{"offset":4963,"frameCount":1},"position":{"offset":4967,"frameCount":1}},"mixamorig:Hips/mixamorig:Spine/mixamorig:Spine1/mixamorig:Spine2/mixamorig:LeftShoulder/mixamorig:LeftArm/mixamorig:LeftForeArm/mixamorig:LeftHand/mixamorig:LeftHandThumb1/mixamorig:LeftHandThumb2":{"quat":{"offset":4971,"frameCount":79},"scale":{"offset":5366,"frameCount":1},"position":{"offset":5370,"frameCount":1}},"mixamorig:Hips/mixamorig:Spine/mixamorig:Spine1/mixamorig:Spine2/mixamorig:LeftShoulder/mixamorig:LeftArm/mixamorig:LeftForeArm/mixamorig:LeftHand/mixamorig:LeftHandThumb1/mixamorig:LeftHandThumb2/mixamorig:LeftHandThumb3":{"quat":{"offset":5374,"frameCount":83},"scale":{"offset":5789,"frameCount":1},"position":{"offset":5793,"frameCount":1}},"mixamorig:Hips/mixamorig:Spine/mixamorig:Spine1/mixamorig:Spine2/mixamorig:LeftShoulder/mixamorig:LeftArm/mixamorig:LeftForeArm/mixamorig:LeftHand/mixamorig:LeftHandIndex1":{"quat":{"offset":5797,"frameCount":83},"scale":{"offset":6212,"frameCount":1},"position":{"offset":6216,"frameCount":1}},"mixamorig:Hips/mixamorig:Spine/mixamorig:Spine1/mixamorig:Spine2/mixamorig:LeftShoulder/mixamorig:LeftArm/mixamorig:LeftForeArm/mixamorig:LeftHand/mixamorig:LeftHandIndex1/mixamorig:LeftHandIndex2":{"quat":{"offset":6220,"frameCount":76},"scale":{"offset":6600,"frameCount":1},"position":{"offset":6604,"frameCount":1}},"mixamorig:Hips/mixamorig:Spine/mixamorig:Spine1/mixamorig:Spine2/mixamorig:LeftShoulder/mixamorig:LeftArm/mixamorig:LeftForeArm/mixamorig:LeftHand/mixamorig:LeftHandIndex1/mixamorig:LeftHandIndex2/mixamorig:LeftHandIndex3":{"quat":{"offset":6608,"frameCount":81},"scale":{"offset":7013,"frameCount":1},"position":{"offset":7017,"frameCount":1}},"mixamorig:Hips/mixamorig:Spine/mixamorig:Spine1/mixamorig:Spine2/mixamorig:LeftShoulder/mixamorig:LeftArm/mixamorig:LeftForeArm/mixamorig:LeftHand/mixamorig:LeftHandMiddle1":{"quat":{"offset":7021,"frameCount":83},"scale":{"offset":7436,"frameCount":1},"position":{"offset":7440,"frameCount":1}},"mixamorig:Hips/mixamorig:Spine/mixamorig:Spine1/mixamorig:Spine2/mixamorig:LeftShoulder/mixamorig:LeftArm/mixamorig:LeftForeArm/mixamorig:LeftHand/mixamorig:LeftHandMiddle1/mixamorig:LeftHandMiddle2":{"quat":{"offset":7444,"frameCount":81},"scale":{"offset":7849,"frameCount":1},"position":{"offset":7853,"frameCount":1}},"mixamorig:Hips/mixamorig:Spine/mixamorig:Spine1/mixamorig:Spine2/mixamorig:LeftShoulder/mixamorig:LeftArm/mixamorig:LeftForeArm/mixamorig:LeftHand/mixamorig:LeftHandMiddle1/mixamorig:LeftHandMiddle2/mixamorig:LeftHandMiddle3":{"quat":{"offset":7857,"frameCount":81},"scale":{"offset":8262,"frameCount":1},"position":{"offset":8266,"frameCount":1}},"mixamorig:Hips/mixamorig:Spine/mixamorig:Spine1/mixamorig:Spine2/mixamorig:LeftShoulder/mixamorig:LeftArm/mixamorig:LeftForeArm/mixamorig:LeftHand/mixamorig:LeftHandRing1":{"quat":{"offset":8270,"frameCount":83},"scale":{"offset":8685,"frameCount":1},"position":{"offset":8689,"frameCount":1}},"mixamorig:Hips/mixamorig:Spine/mixamorig:Spine1/mixamorig:Spine2/mixamorig:LeftShoulder/mixamorig:LeftArm/mixamorig:LeftForeArm/mixamorig:LeftHand/mixamorig:LeftHandRing1/mixamorig:LeftHandRing2":{"quat":{"offset":8693,"frameCount":79},"scale":{"offset":9088,"frameCount":1},"position":{"offset":9092,"frameCount":1}},"mixamorig:Hips/mixamorig:Spine/mixamorig:Spine1/mixamorig:Spine2/mixamorig:LeftShoulder/mixamorig:LeftArm/mixamorig:LeftForeArm/mixamorig:LeftHand/mixamorig:LeftHandRing1/mixamorig:LeftHandRing2/mixamorig:LeftHandRing3":{"quat":{"offset":9096,"frameCount":78},"scale":{"offset":9486,"frameCount":1},"position":{"offset":9490,"frameCount":1}},"mixamorig:Hips/mixamorig:Spine/mixamorig:Spine1/mixamorig:Spine2/mixamorig:LeftShoulder/mixamorig:LeftArm/mixamorig:LeftForeArm/mixamorig:LeftHand/mixamorig:LeftHandPinky1":{"quat":{"offset":9494,"frameCount":83},"scale":{"offset":9909,"frameCount":1},"position":{"offset":9913,"frameCount":1}},"mixamorig:Hips/mixamorig:Spine/mixamorig:Spine1/mixamorig:Spine2/mixamorig:LeftShoulder/mixamorig:LeftArm/mixamorig:LeftForeArm/mixamorig:LeftHand/mixamorig:LeftHandPinky1/mixamorig:LeftHandPinky2":{"quat":{"offset":9917,"frameCount":63},"scale":{"offset":10232,"frameCount":1},"position":{"offset":10236,"frameCount":1}},"mixamorig:Hips/mixamorig:Spine/mixamorig:Spine1/mixamorig:Spine2/mixamorig:LeftShoulder/mixamorig:LeftArm/mixamorig:LeftForeArm/mixamorig:LeftHand/mixamorig:LeftHandPinky1/mixamorig:LeftHandPinky2/mixamorig:LeftHandPinky3":{"quat":{"offset":10240,"frameCount":81},"scale":{"offset":10645,"frameCount":1},"position":{"offset":10649,"frameCount":1}},"mixamorig:Hips/mixamorig:Spine/mixamorig:Spine1/mixamorig:Spine2/mixamorig:RightShoulder":{"quat":{"offset":10653,"frameCount":83},"scale":{"offset":11068,"frameCount":1},"position":{"offset":11072,"frameCount":1}},"mixamorig:Hips/mixamorig:Spine/mixamorig:Spine1/mixamorig:Spine2/mixamorig:RightShoulder/mixamorig:RightArm":{"quat":{"offset":11076,"frameCount":83},"scale":{"offset":11491,"frameCount":1},"position":{"offset":11495,"frameCount":1}},"mixamorig:Hips/mixamorig:Spine/mixamorig:Spine1/mixamorig:Spine2/mixamorig:RightShoulder/mixamorig:RightArm/mixamorig:RightForeArm":{"quat":{"offset":11499,"frameCount":82},"scale":{"offset":11909,"frameCount":1},"position":{"offset":11913,"frameCount":1}},"mixamorig:Hips/mixamorig:Spine/mixamorig:Spine1/mixamorig:Spine2/mixamorig:RightShoulder/mixamorig:RightArm/mixamorig:RightForeArm/mixamorig:RightHand":{"quat":{"offset":11917,"frameCount":83},"scale":{"offset":12332,"frameCount":1},"position":{"offset":12336,"frameCount":1}},"mixamorig:Hips/mixamorig:Spine/mixamorig:Spine1/mixamorig:Spine2/mixamorig:RightShoulder/mixamorig:RightArm/mixamorig:RightForeArm/mixamorig:RightHand/mixamorig:RightHandPinky1":{"quat":{"offset":12340,"frameCount":83},"scale":{"offset":12755,"frameCount":1},"position":{"offset":12759,"frameCount":1}},"mixamorig:Hips/mixamorig:Spine/mixamorig:Spine1/mixamorig:Spine2/mixamorig:RightShoulder/mixamorig:RightArm/mixamorig:RightForeArm/mixamorig:RightHand/mixamorig:RightHandPinky1/mixamorig:RightHandPinky2":{"quat":{"offset":12763,"frameCount":10},"scale":{"offset":12813,"frameCount":1},"position":{"offset":12817,"frameCount":1}},"mixamorig:Hips/mixamorig:Spine/mixamorig:Spine1/mixamorig:Spine2/mixamorig:RightShoulder/mixamorig:RightArm/mixamorig:RightForeArm/mixamorig:RightHand/mixamorig:RightHandPinky1/mixamorig:RightHandPinky2/mixamorig:RightHandPinky3":{"quat":{"offset":12821,"frameCount":78},"scale":{"offset":13211,"frameCount":1},"position":{"offset":13215,"frameCount":1}},"mixamorig:Hips/mixamorig:Spine/mixamorig:Spine1/mixamorig:Spine2/mixamorig:RightShoulder/mixamorig:RightArm/mixamorig:RightForeArm/mixamorig:RightHand/mixamorig:RightHandRing1":{"quat":{"offset":13219,"frameCount":83},"scale":{"offset":13634,"frameCount":1},"position":{"offset":13638,"frameCount":1}},"mixamorig:Hips/mixamorig:Spine/mixamorig:Spine1/mixamorig:Spine2/mixamorig:RightShoulder/mixamorig:RightArm/mixamorig:RightForeArm/mixamorig:RightHand/mixamorig:RightHandRing1/mixamorig:RightHandRing2":{"quat":{"offset":13642,"frameCount":75},"scale":{"offset":14017,"frameCount":1},"position":{"offset":14021,"frameCount":1}},"mixamorig:Hips/mixamorig:Spine/mixamorig:Spine1/mixamorig:Spine2/mixamorig:RightShoulder/mixamorig:RightArm/mixamorig:RightForeArm/mixamorig:RightHand/mixamorig:RightHandRing1/mixamorig:RightHandRing2/mixamorig:RightHandRing3":{"quat":{"offset":14025,"frameCount":82},"scale":{"offset":14435,"frameCount":1},"position":{"offset":14439,"frameCount":1}},"mixamorig:Hips/mixamorig:Spine/mixamorig:Spine1/mixamorig:Spine2/mixamorig:RightShoulder/mixamorig:RightArm/mixamorig:RightForeArm/mixamorig:RightHand/mixamorig:RightHandMiddle1":{"quat":{"offset":14443,"frameCount":83},"scale":{"offset":14858,"frameCount":1},"position":{"offset":14862,"frameCount":1}},"mixamorig:Hips/mixamorig:Spine/mixamorig:Spine1/mixamorig:Spine2/mixamorig:RightShoulder/mixamorig:RightArm/mixamorig:RightForeArm/mixamorig:RightHand/mixamorig:RightHandMiddle1/mixamorig:RightHandMiddle2":{"quat":{"offset":14866,"frameCount":79},"scale":{"offset":15261,"frameCount":1},"position":{"offset":15265,"frameCount":1}},"mixamorig:Hips/mixamorig:Spine/mixamorig:Spine1/mixamorig:Spine2/mixamorig:RightShoulder/mixamorig:RightArm/mixamorig:RightForeArm/mixamorig:RightHand/mixamorig:RightHandMiddle1/mixamorig:RightHandMiddle2/mixamorig:RightHandMiddle3":{"quat":{"offset":15269,"frameCount":82},"scale":{"offset":15679,"frameCount":1},"position":{"offset":15683,"frameCount":1}},"mixamorig:Hips/mixamorig:Spine/mixamorig:Spine1/mixamorig:Spine2/mixamorig:RightShoulder/mixamorig:RightArm/mixamorig:RightForeArm/mixamorig:RightHand/mixamorig:RightHandIndex1":{"quat":{"offset":15687,"frameCount":83},"scale":{"offset":16102,"frameCount":1},"position":{"offset":16106,"frameCount":1}},"mixamorig:Hips/mixamorig:Spine/mixamorig:Spine1/mixamorig:Spine2/mixamorig:RightShoulder/mixamorig:RightArm/mixamorig:RightForeArm/mixamorig:RightHand/mixamorig:RightHandIndex1/mixamorig:RightHandIndex2":{"quat":{"offset":16110,"frameCount":79},"scale":{"offset":16505,"frameCount":1},"position":{"offset":16509,"frameCount":1}},"mixamorig:Hips/mixamorig:Spine/mixamorig:Spine1/mixamorig:Spine2/mixamorig:RightShoulder/mixamorig:RightArm/mixamorig:RightForeArm/mixamorig:RightHand/mixamorig:RightHandIndex1/mixamorig:RightHandIndex2/mixamorig:RightHandIndex3":{"quat":{"offset":16513,"frameCount":83},"scale":{"offset":16928,"frameCount":1},"position":{"offset":16932,"frameCount":1}},"mixamorig:Hips/mixamorig:Spine/mixamorig:Spine1/mixamorig:Spine2/mixamorig:RightShoulder/mixamorig:RightArm/mixamorig:RightForeArm/mixamorig:RightHand/mixamorig:RightHandThumb1":{"quat":{"offset":16936,"frameCount":83},"scale":{"offset":17351,"frameCount":1},"position":{"offset":17355,"frameCount":1}},"mixamorig:Hips/mixamorig:Spine/mixamorig:Spine1/mixamorig:Spine2/mixamorig:RightShoulder/mixamorig:RightArm/mixamorig:RightForeArm/mixamorig:RightHand/mixamorig:RightHandThumb1/mixamorig:RightHandThumb2":{"quat":{"offset":17359,"frameCount":83},"scale":{"offset":17774,"frameCount":1},"position":{"offset":17778,"frameCount":1}},"mixamorig:Hips/mixamorig:Spine/mixamorig:Spine1/mixamorig:Spine2/mixamorig:RightShoulder/mixamorig:RightArm/mixamorig:RightForeArm/mixamorig:RightHand/mixamorig:RightHandThumb1/mixamorig:RightHandThumb2/mixamorig:RightHandThumb3":{"quat":{"offset":17782,"frameCount":82},"scale":{"offset":18192,"frameCount":1},"position":{"offset":18196,"frameCount":1}},"mixamorig:Hips/mixamorig:LeftUpLeg":{"quat":{"offset":18200,"frameCount":83},"scale":{"offset":18615,"frameCount":1},"position":{"offset":18619,"frameCount":1}},"mixamorig:Hips/mixamorig:LeftUpLeg/mixamorig:LeftLeg":{"quat":{"offset":18623,"frameCount":83},"scale":{"offset":19038,"frameCount":1},"position":{"offset":19042,"frameCount":1}},"mixamorig:Hips/mixamorig:LeftUpLeg/mixamorig:LeftLeg/mixamorig:LeftFoot":{"quat":{"offset":19046,"frameCount":83},"scale":{"offset":19461,"frameCount":1},"position":{"offset":19465,"frameCount":1}},"mixamorig:Hips/mixamorig:LeftUpLeg/mixamorig:LeftLeg/mixamorig:LeftFoot/mixamorig:LeftToeBase":{"quat":{"offset":19469,"frameCount":82},"scale":{"offset":19879,"frameCount":1},"position":{"offset":19883,"frameCount":1}},"mixamorig:Hips/mixamorig:RightUpLeg":{"quat":{"offset":19887,"frameCount":83},"scale":{"offset":20302,"frameCount":1},"position":{"offset":20306,"frameCount":1}},"mixamorig:Hips/mixamorig:RightUpLeg/mixamorig:RightLeg":{"quat":{"offset":20310,"frameCount":83},"scale":{"offset":20725,"frameCount":1},"position":{"offset":20729,"frameCount":1}},"mixamorig:Hips/mixamorig:RightUpLeg/mixamorig:RightLeg/mixamorig:RightFoot":{"quat":{"offset":20733,"frameCount":83},"scale":{"offset":21148,"frameCount":1},"position":{"offset":21152,"frameCount":1}},"mixamorig:Hips/mixamorig:RightUpLeg/mixamorig:RightLeg/mixamorig:RightFoot/mixamorig:RightToeBase":{"quat":{"offset":21156,"frameCount":82},"scale":{"offset":21566,"frameCount":1},"position":{"offset":21570,"frameCount":1}},"mixamorig:Hips/mixamorig:Spine/mixamorig:Spine1/mixamorig:Spine2/mixamorig:Neck/mixamorig:Head/mixamorig:HeadTop_End":{"quat":{"offset":21574,"frameCount":1},"scale":{"offset":21579,"frameCount":1},"position":{"offset":21583,"frameCount":1}},"mixamorig:Hips/mixamorig:Spine/mixamorig:Spine1/mixamorig:Spine2/mixamorig:Neck/mixamorig:Head/mixamorig:LeftEye":{"quat":{"offset":21587,"frameCount":1},"scale":{"offset":21592,"frameCount":1},"position":{"offset":21596,"frameCount":1}},"mixamorig:Hips/mixamorig:Spine/mixamorig:Spine1/mixamorig:Spine2/mixamorig:Neck/mixamorig:Head/mixamorig:RightEye":{"quat":{"offset":21600,"frameCount":1},"scale":{"offset":21605,"frameCount":1},"position":{"offset":21609,"frameCount":1}},"mixamorig:Hips/mixamorig:Spine/mixamorig:Spine1/mixamorig:Spine2/mixamorig:LeftShoulder/mixamorig:LeftArm/mixamorig:LeftForeArm/mixamorig:LeftHand/mixamorig:LeftHandThumb1/mixamorig:LeftHandThumb2/mixamorig:LeftHandThumb3/mixamorig:LeftHandThumb4":{"quat":{"offset":21613,"frameCount":1},"scale":{"offset":21618,"frameCount":1},"position":{"offset":21622,"frameCount":1}},"mixamorig:Hips/mixamorig:Spine/mixamorig:Spine1/mixamorig:Spine2/mixamorig:LeftShoulder/mixamorig:LeftArm/mixamorig:LeftForeArm/mixamorig:LeftHand/mixamorig:LeftHandIndex1/mixamorig:LeftHandIndex2/mixamorig:LeftHandIndex3/mixamorig:LeftHandIndex4":{"quat":{"offset":21626,"frameCount":1},"scale":{"offset":21631,"frameCount":1},"position":{"offset":21635,"frameCount":1}},"mixamorig:Hips/mixamorig:Spine/mixamorig:Spine1/mixamorig:Spine2/mixamorig:LeftShoulder/mixamorig:LeftArm/mixamorig:LeftForeArm/mixamorig:LeftHand/mixamorig:LeftHandMiddle1/mixamorig:LeftHandMiddle2/mixamorig:LeftHandMiddle3/mixamorig:LeftHandMiddle4":{"quat":{"offset":21639,"frameCount":1},"scale":{"offset":21644,"frameCount":1},"position":{"offset":21648,"frameCount":1}},"mixamorig:Hips/mixamorig:Spine/mixamorig:Spine1/mixamorig:Spine2/mixamorig:LeftShoulder/mixamorig:LeftArm/mixamorig:LeftForeArm/mixamorig:LeftHand/mixamorig:LeftHandRing1/mixamorig:LeftHandRing2/mixamorig:LeftHandRing3/mixamorig:LeftHandRing4":{"quat":{"offset":21652,"frameCount":1},"scale":{"offset":21657,"frameCount":1},"position":{"offset":21661,"frameCount":1}},"mixamorig:Hips/mixamorig:Spine/mixamorig:Spine1/mixamorig:Spine2/mixamorig:LeftShoulder/mixamorig:LeftArm/mixamorig:LeftForeArm/mixamorig:LeftHand/mixamorig:LeftHandPinky1/mixamorig:LeftHandPinky2/mixamorig:LeftHandPinky3/mixamorig:LeftHandPinky4":{"quat":{"offset":21665,"frameCount":1},"scale":{"offset":21670,"frameCount":1},"position":{"offset":21674,"frameCount":1}},"mixamorig:Hips/mixamorig:Spine/mixamorig:Spine1/mixamorig:Spine2/mixamorig:RightShoulder/mixamorig:RightArm/mixamorig:RightForeArm/mixamorig:RightHand/mixamorig:RightHandPinky1/mixamorig:RightHandPinky2/mixamorig:RightHandPinky3/mixamorig:RightHandPinky4":{"quat":{"offset":21678,"frameCount":1},"scale":{"offset":21683,"frameCount":1},"position":{"offset":21687,"frameCount":1}},"mixamorig:Hips/mixamorig:Spine/mixamorig:Spine1/mixamorig:Spine2/mixamorig:RightShoulder/mixamorig:RightArm/mixamorig:RightForeArm/mixamorig:RightHand/mixamorig:RightHandRing1/mixamorig:RightHandRing2/mixamorig:RightHandRing3/mixamorig:RightHandRing4":{"quat":{"offset":21691,"frameCount":1},"scale":{"offset":21696,"frameCount":1},"position":{"offset":21700,"frameCount":1}},"mixamorig:Hips/mixamorig:Spine/mixamorig:Spine1/mixamorig:Spine2/mixamorig:RightShoulder/mixamorig:RightArm/mixamorig:RightForeArm/mixamorig:RightHand/mixamorig:RightHandMiddle1/mixamorig:RightHandMiddle2/mixamorig:RightHandMiddle3/mixamorig:RightHandMiddle4":{"quat":{"offset":21704,"frameCount":1},"scale":{"offset":21709,"frameCount":1},"position":{"offset":21713,"frameCount":1}},"mixamorig:Hips/mixamorig:Spine/mixamorig:Spine1/mixamorig:Spine2/mixamorig:RightShoulder/mixamorig:RightArm/mixamorig:RightForeArm/mixamorig:RightHand/mixamorig:RightHandIndex1/mixamorig:RightHandIndex2/mixamorig:RightHandIndex3/mixamorig:RightHandIndex4":{"quat":{"offset":21717,"frameCount":1},"scale":{"offset":21722,"frameCount":1},"position":{"offset":21726,"frameCount":1}},"mixamorig:Hips/mixamorig:Spine/mixamorig:Spine1/mixamorig:Spine2/mixamorig:RightShoulder/mixamorig:RightArm/mixamorig:RightForeArm/mixamorig:RightHand/mixamorig:RightHandThumb1/mixamorig:RightHandThumb2/mixamorig:RightHandThumb3/mixamorig:RightHandThumb4":{"quat":{"offset":21730,"frameCount":1},"scale":{"offset":21735,"frameCount":1},"position":{"offset":21739,"frameCount":1}},"mixamorig:Hips/mixamorig:LeftUpLeg/mixamorig:LeftLeg/mixamorig:LeftFoot/mixamorig:LeftToeBase/mixamorig:LeftToe_End":{"quat":{"offset":21743,"frameCount":1},"scale":{"offset":21748,"frameCount":1},"position":{"offset":21752,"frameCount":1}},"mixamorig:Hips/mixamorig:RightUpLeg/mixamorig:RightLeg/mixamorig:RightFoot/mixamorig:RightToeBase/mixamorig:RightToe_End":{"quat":{"offset":21756,"frameCount":1},"scale":{"offset":21761,"frameCount":1},"position":{"offset":21765,"frameCount":1}},"Beta_Joints":{"quat":{"offset":21769,"frameCount":1},"scale":{"offset":21774,"frameCount":1},"position":{"offset":21778,"frameCount":1}},"Beta_Surface":{"quat":{"offset":21782,"frameCount":1},"scale":{"offset":21787,"frameCount":1},"position":{"offset":21791,"frameCount":1}}}}