[{"__type__":"cc.SceneAsset","_name":"particle-texture-animation","scene":{"__id__":1},"asyncLoadAssets":null},{"__type__":"cc.Scene","_name":"New Node","_children":[{"__id__":2},{"__id__":3},{"__id__":4}],"_anchorPoint":{"__type__":"cc.Vec2"},"_trs":{"__type__":"TypedArray","ctor":"Float64Array","array":[0,0,0,0,0,0,1,1,1,1]},"autoReleaseAssets":false},{"__type__":"cc.Node","_name":"3DCamera","_parent":{"__id__":1},"_components":[{"__type__":"cc.Camera","node":{"__id__":2},"_clearFlags":7,"_depth":-1,"_ortho":false,"_alignWithScreen":false}],"_contentSize":{"__type__":"cc.Size","width":960,"height":640},"_trs":{"__type__":"TypedArray","ctor":"Float64Array","array":[480,320,2,0,0,0,1,1,1,1]},"_is3DNode":true,"_id":"e1WoFrQ79G7r4ZuQE3HlNb"},{"__type__":"cc.Node","_name":"texture-animation","_parent":{"__id__":1},"_components":[{"__type__":"cc.ParticleSystem3D","node":{"__id__":3},"_materials":[{"__uuid__":"8axZZyS+VKc7NpkhYZDeiV"}],"duration":2,"_prewarm":true,"startDelay":{"__type__":"cc.CurveRange"},"startLifetime":{"__type__":"cc.CurveRange","constant":2},"startColor":{"__type__":"cc.GradientRange"},"startSize":{"__type__":"cc.CurveRange","constant":1},"startSpeed":{"__type__":"cc.CurveRange"},"startRotation":{"__type__":"cc.CurveRange"},"gravityModifier":{"__type__":"cc.CurveRange"},"rateOverTime":{"__type__":"cc.CurveRange"},"rateOverDistance":{"__type__":"cc.CurveRange"},"bursts":[{"__type__":"cc.Burst","count":{"__type__":"cc.CurveRange","constant":1}}],"_textureAnimationModule":{"__type__":"cc.TextureAnimationModule","_enable":true,"numTilesX":4,"numTilesY":4,"frameOverTime":{"__type__":"cc.CurveRange","mode":1,"curve":{"__type__":"cc.AnimationCurve","keyFrames":[{"__type__":"cc.Keyframe","inTangent":1,"outTangent":1},{"__type__":"cc.Keyframe","time":1,"value":1,"inTangent":1,"outTangent":1}]}},"startFrame":{"__type__":"cc.CurveRange"},"cycleCount":1}}],"_trs":{"__type__":"TypedArray","ctor":"Float64Array","array":[480,320,0,0,0,0,1,1,1,1]},"_id":"33XuNJsjNLPZzTeZQnjayU"},{"__type__":"cc.Node","_name":"Canvas","_parent":{"__id__":1},"_children":[{"__id__":5}],"_components":[{"__type__":"cc.Canvas","node":{"__id__":4}},{"__type__":"cc.Widget","node":{"__id__":4},"_alignFlags":45}],"_contentSize":{"__type__":"cc.Size","width":960,"height":640},"_trs":{"__type__":"TypedArray","ctor":"Float64Array","array":[480,320,0,0,0,0,1,1,1,1]},"_id":"a5esZu+45LA5mBpvttspPD"},{"__type__":"cc.Node","_name":"Main Camera","_parent":{"__id__":4},"_components":[{"__type__":"cc.Camera","node":{"__id__":5},"_cullingMask":0,"_depth":-1}],"_trs":{"__type__":"TypedArray","ctor":"Float64Array","array":[0,0,252.8794179050561,0,0,0,1,1,1,1]}}]