[{"__type__":"cc.SpriteFrame","content":{"name":"default_sprite","texture":"6eBWFz0oVHPLIGQKf/9Thu","rect":[0,2,40,36],"offset":[0,0],"originalSize":[40,40],"capInsets":[0,0,0,0]}},[{"__type__":"cc.SceneAsset","_name":"minimap-with-camera-rect","scene":{"__id__":1},"asyncLoadAssets":null},{"__type__":"cc.Scene","_name":"New Node","_children":[{"__id__":2}],"_anchorPoint":{"__type__":"cc.Vec2"},"_trs":{"__type__":"TypedArray","ctor":"Float64Array","array":[0,0,0,0,0,0,1,1,1,1]},"autoReleaseAssets":false},{"__type__":"cc.Node","_name":"Canvas","_parent":{"__id__":1},"_children":[{"__id__":3},{"__id__":4},{"__id__":6},{"__id__":7},{"__id__":8}],"_components":[{"__type__":"cc.Canvas","node":{"__id__":2}},{"__type__":"1cac6uuFWFDhbIanRytsZ2s","node":{"__id__":2},"target":{"__id__":6},"miniMapCamera":{"__id__":5},"cameraInfo":{"__id__":9}},{"__type__":"cc.Widget","node":{"__id__":2},"_alignFlags":45}],"_contentSize":{"__type__":"cc.Size","width":960,"height":640},"_trs":{"__type__":"TypedArray","ctor":"Float64Array","array":[480,320,0,0,0,0,1,1,1,1]},"_id":"3cCcGvDY9AOoNvtrAL4t0A"},{"__type__":"cc.Node","_name":"Main Camera","_parent":{"__id__":2},"_components":[{"__type__":"cc.Camera","node":{"__id__":3},"_clearFlags":7,"_backgroundColor":{"__type__":"cc.Color","r":56,"g":59,"b":65},"_depth":-1}],"_trs":{"__type__":"TypedArray","ctor":"Float64Array","array":[0,0,370.65887281973977,0,0,0,1,1,1,1]}},{"__type__":"cc.Node","_name":"MiniMap Camera","_parent":{"__id__":2},"_components":[{"__id__":5}],"_trs":{"__type__":"TypedArray","ctor":"Float64Array","array":[0,0,100,0,0,0,1,1,1,1]}},{"__type__":"cc.Camera","node":{"__id__":4},"_cullingMask":4,"_backgroundColor":{"__type__":"cc.Color","r":56,"g":59,"b":65},"_orthoSize":320,"_rect":{"__type__":"cc.Rect","x":0.8,"y":0.8,"width":0.2,"height":0.2},"_alignWithScreen":false},{"__type__":"cc.Node","_name":"New Sprite","_parent":{"__id__":2},"_components":[{"__type__":"cc.Sprite","node":{"__id__":6},"_materials":[{"__uuid__":"ecpdLyjvZBwrvm+cedCcQy"}],"_spriteFrame":{"__uuid__":"8c20Sso/ZEn7NUfNSM+EBh"},"_sizeMode":0}],"_contentSize":{"__type__":"cc.Size","width":200,"height":200},"_trs":{"__type__":"TypedArray","ctor":"Float64Array","array":[0,0,0,0,0,0,1,1,1,1]},"_groupIndex":2,"groupIndex":2},{"__type__":"cc.Node","_name":"New Sprite copy","_parent":{"__id__":2},"_components":[{"__type__":"cc.Sprite","node":{"__id__":7},"_materials":[{"__uuid__":"ecpdLyjvZBwrvm+cedCcQy"}],"_spriteFrame":{"__uuid__":"8c20Sso/ZEn7NUfNSM+EBh"},"_sizeMode":0},{"__type__":"cc.Widget","node":{"__id__":7},"_alignFlags":12}],"_contentSize":{"__type__":"cc.Size","width":200,"height":200},"_trs":{"__type__":"TypedArray","ctor":"Float64Array","array":[-380,-220,0,0,0,0,1,1,1,1]},"_groupIndex":2,"groupIndex":2},{"__type__":"cc.Node","_name":"camera viewport info","_parent":{"__id__":2},"_components":[{"__id__":9}],"_trs":{"__type__":"TypedArray","ctor":"Float64Array","array":[0,0,0,0,0,0,1,1,1,1]}},{"__type__":"cc.Graphics","node":{"__id__":8},"_materials":[{"__uuid__":"6fgBCSDDdPMInvyNlggls2"}],"_lineWidth":2,"_strokeColor":{"__type__":"cc.Color","b":255}}]]