[{"__type__":"cc.SpriteFrame","content":{"name":"xmlBMFont","texture":"bdAMzh7w9Al5KjT/MVeG3H","rect":[2,2,1110,508],"offset":[0,0],"originalSize":[1114,512],"capInsets":[0,0,0,0]}},{"__type__":"cc.BitmapFont","_name":"xmlBMFont","spriteFrame":{"__uuid__":"a5iPA2yidP27kFMLuxR7w4"},"fontSize":48,"_fntConfig":{"commonHeight":56,"fontSize":48,"atlasName":"xmlBMFont.png","fontDefDictionary":{"32":{"rect":{"x":0,"y":0,"width":0,"height":0},"xOffset":1,"yOffset":2,"xAdvance":10},"33":{"rect":{"x":176,"y":367,"width":16,"height":44},"xOffset":-3,"yOffset":4,"xAdvance":10},"34":{"rect":{"x":101,"y":200,"width":21,"height":22},"xOffset":-3,"yOffset":7,"xAdvance":15},"35":{"rect":{"x":216,"y":318,"width":33,"height":43},"xOffset":-3,"yOffset":5,"xAdvance":26},"36":{"rect":{"x":238,"y":363,"width":33,"height":50},"xOffset":-4,"yOffset":3,"xAdvance":24},"37":{"rect":{"x":189,"y":413,"width":47,"height":43},"xOffset":-3,"yOffset":4,"xAdvance":40},"38":{"rect":{"x":224,"y":268,"width":36,"height":45},"xOffset":-4,"yOffset":3,"xAdvance":31},"39":{"rect":{"x":118,"y":127,"width":15,"height":23},"xOffset":-4,"yOffset":7,"xAdvance":8},"40":{"rect":{"x":229,"y":458,"width":19,"height":51},"xOffset":-6,"yOffset":4,"xAdvance":10},"41":{"rect":{"x":194,"y":322,"width":20,"height":51},"xOffset":-3,"yOffset":4,"xAdvance":13},"42":{"rect":{"x":166,"y":292,"width":27,"height":28},"xOffset":-4,"yOffset":8,"xAdvance":20},"43":{"rect":{"x":155,"y":89,"width":30,"height":30},"xOffset":-4,"yOffset":17,"xAdvance":20},"44":{"rect":{"x":101,"y":82,"width":15,"height":22},"xOffset":-3,"yOffset":33,"xAdvance":9},"45":{"rect":{"x":82,"y":325,"width":25,"height":14},"xOffset":-3,"yOffset":27,"xAdvance":18},"46":{"rect":{"x":154,"y":176,"width":16,"height":16},"xOffset":-2,"yOffset":32,"xAdvance":11},"47":{"rect":{"x":209,"y":220,"width":28,"height":46},"xOffset":-4,"yOffset":2,"xAdvance":20},"48":{"rect":{"x":216,"y":140,"width":28,"height":32},"xOffset":-3,"yOffset":17,"xAdvance":22},"49":{"rect":{"x":194,"y":375,"width":21,"height":34},"xOffset":1,"yOffset":13,"xAdvance":21},"50":{"rect":{"x":205,"y":45,"width":30,"height":32},"xOffset":-4,"yOffset":16,"xAdvance":22},"51":{"rect":{"x":234,"y":2,"width":25,"height":41},"xOffset":-2,"yOffset":12,"xAdvance":22},"52":{"rect":{"x":273,"y":369,"width":30,"height":39},"xOffset":-3,"yOffset":13,"xAdvance":22},"53":{"rect":{"x":250,"y":466,"width":29,"height":37},"xOffset":-3,"yOffset":15,"xAdvance":22},"54":{"rect":{"x":274,"y":410,"width":27,"height":42},"xOffset":-2,"yOffset":6,"xAdvance":22},"55":{"rect":{"x":281,"y":454,"width":29,"height":40},"xOffset":-3,"yOffset":12,"xAdvance":22},"56":{"rect":{"x":232,"y":79,"width":30,"height":43},"xOffset":-4,"yOffset":6,"xAdvance":22},"57":{"rect":{"x":303,"y":410,"width":26,"height":38},"xOffset":-1,"yOffset":15,"xAdvance":22},"58":{"rect":{"x":124,"y":414,"width":16,"height":27},"xOffset":-2,"yOffset":21,"xAdvance":12},"59":{"rect":{"x":197,"y":140,"width":17,"height":34},"xOffset":-3,"yOffset":20,"xAdvance":11},"60":{"rect":{"x":51,"y":119,"width":21,"height":30},"xOffset":-3,"yOffset":13,"xAdvance":14},"61":{"rect":{"x":97,"y":489,"width":31,"height":21},"xOffset":-3,"yOffset":21,"xAdvance":24},"62":{"rect":{"x":237,"y":45,"width":21,"height":30},"xOffset":-4,"yOffset":13,"xAdvance":13},"63":{"rect":{"x":202,"y":458,"width":25,"height":44},"xOffset":-3,"yOffset":4,"xAdvance":19},"64":{"rect":{"x":212,"y":176,"width":36,"height":39},"xOffset":-3,"yOffset":8,"xAdvance":29},"65":{"rect":{"x":2,"y":436,"width":46,"height":43},"xOffset":-3,"yOffset":5,"xAdvance":39},"66":{"rect":{"x":40,"y":355,"width":38,"height":46},"xOffset":-2,"yOffset":3,"xAdvance":32},"67":{"rect":{"x":41,"y":313,"width":39,"height":40},"xOffset":-4,"yOffset":8,"xAdvance":31},"68":{"rect":{"x":77,"y":230,"width":46,"height":46},"xOffset":-4,"yOffset":5,"xAdvance":38},"69":{"rect":{"x":114,"y":154,"width":38,"height":44},"xOffset":-3,"yOffset":5,"xAdvance":32},"70":{"rect":{"x":118,"y":82,"width":35,"height":43},"xOffset":-4,"yOffset":5,"xAdvance":25},"71":{"rect":{"x":145,"y":2,"width":43,"height":44},"xOffset":-4,"yOffset":5,"xAdvance":35},"72":{"rect":{"x":50,"y":403,"width":39,"height":42},"xOffset":-4,"yOffset":6,"xAdvance":31},"73":{"rect":{"x":45,"y":272,"width":14,"height":38},"xOffset":-2,"yOffset":10,"xAdvance":9},"74":{"rect":{"x":80,"y":355,"width":27,"height":44},"xOffset":-4,"yOffset":4,"xAdvance":21},"75":{"rect":{"x":50,"y":447,"width":45,"height":43},"xOffset":-3,"yOffset":5,"xAdvance":37},"76":{"rect":{"x":91,"y":401,"width":31,"height":40},"xOffset":-3,"yOffset":7,"xAdvance":23},"77":{"rect":{"x":97,"y":443,"width":45,"height":44},"xOffset":-3,"yOffset":4,"xAdvance":37},"78":{"rect":{"x":82,"y":278,"width":40,"height":45},"xOffset":-2,"yOffset":4,"xAdvance":36},"79":{"rect":{"x":109,"y":325,"width":39,"height":42},"xOffset":-2,"yOffset":7,"xAdvance":33},"80":{"rect":{"x":124,"y":278,"width":40,"height":42},"xOffset":-5,"yOffset":3,"xAdvance":31},"81":{"rect":{"x":124,"y":369,"width":50,"height":43},"xOffset":-3,"yOffset":8,"xAdvance":37},"82":{"rect":{"x":125,"y":200,"width":45,"height":47},"xOffset":-2,"yOffset":1,"xAdvance":38},"83":{"rect":{"x":154,"y":127,"width":41,"height":47},"xOffset":-4,"yOffset":2,"xAdvance":34},"84":{"rect":{"x":150,"y":322,"width":42,"height":43},"xOffset":-3,"yOffset":5,"xAdvance":33},"85":{"rect":{"x":166,"y":249,"width":41,"height":41},"xOffset":-2,"yOffset":7,"xAdvance":35},"86":{"rect":{"x":172,"y":176,"width":38,"height":42},"xOffset":-3,"yOffset":6,"xAdvance":32},"87":{"rect":{"x":155,"y":48,"width":48,"height":39},"xOffset":-2,"yOffset":9,"xAdvance":44},"88":{"rect":{"x":190,"y":2,"width":42,"height":41},"xOffset":-3,"yOffset":6,"xAdvance":35},"89":{"rect":{"x":197,"y":89,"width":33,"height":49},"xOffset":-4,"yOffset":5,"xAdvance":25},"90":{"rect":{"x":144,"y":414,"width":43,"height":43},"xOffset":-4,"yOffset":4,"xAdvance":34},"91":{"rect":{"x":250,"y":415,"width":22,"height":49},"xOffset":-4,"yOffset":6,"xAdvance":14},"92":{"rect":{"x":246,"y":124,"width":23,"height":49},"xOffset":-4,"yOffset":6,"xAdvance":13},"93":{"rect":{"x":273,"y":318,"width":22,"height":49},"xOffset":-2,"yOffset":6,"xAdvance":18},"94":{"rect":{"x":2,"y":492,"width":26,"height":15},"xOffset":-4,"yOffset":3,"xAdvance":15},"95":{"rect":{"x":125,"y":249,"width":36,"height":12},"xOffset":-3,"yOffset":36,"xAdvance":28},"96":{"rect":{"x":30,"y":492,"width":21,"height":16},"xOffset":-4,"yOffset":0,"xAdvance":13},"97":{"rect":{"x":2,"y":2,"width":39,"height":36},"xOffset":0,"yOffset":9,"xAdvance":35},"98":{"rect":{"x":2,"y":40,"width":32,"height":39},"xOffset":1,"yOffset":7,"xAdvance":29},"99":{"rect":{"x":2,"y":81,"width":33,"height":35},"xOffset":-1,"yOffset":11,"xAdvance":28},"100":{"rect":{"x":36,"y":40,"width":39,"height":39},"xOffset":0,"yOffset":9,"xAdvance":34},"101":{"rect":{"x":2,"y":118,"width":32,"height":37},"xOffset":0,"yOffset":9,"xAdvance":29},"102":{"rect":{"x":43,"y":2,"width":30,"height":36},"xOffset":-1,"yOffset":9,"xAdvance":23},"103":{"rect":{"x":2,"y":157,"width":36,"height":37},"xOffset":0,"yOffset":8,"xAdvance":31},"104":{"rect":{"x":75,"y":2,"width":31,"height":36},"xOffset":0,"yOffset":10,"xAdvance":28},"105":{"rect":{"x":36,"y":118,"width":13,"height":32},"xOffset":-2,"yOffset":14,"xAdvance":8},"106":{"rect":{"x":2,"y":196,"width":23,"height":37},"xOffset":-2,"yOffset":8,"xAdvance":19},"107":{"rect":{"x":2,"y":235,"width":37,"height":37},"xOffset":0,"yOffset":8,"xAdvance":34},"108":{"rect":{"x":37,"y":81,"width":27,"height":34},"xOffset":-1,"yOffset":11,"xAdvance":21},"109":{"rect":{"x":27,"y":196,"width":38,"height":37},"xOffset":0,"yOffset":8,"xAdvance":33},"110":{"rect":{"x":40,"y":152,"width":34,"height":38},"xOffset":1,"yOffset":8,"xAdvance":32},"111":{"rect":{"x":66,"y":81,"width":33,"height":36},"xOffset":1,"yOffset":11,"xAdvance":30},"112":{"rect":{"x":77,"y":40,"width":34,"height":36},"xOffset":-2,"yOffset":10,"xAdvance":28},"113":{"rect":{"x":2,"y":274,"width":41,"height":37},"xOffset":1,"yOffset":11,"xAdvance":34},"114":{"rect":{"x":2,"y":313,"width":37,"height":40},"xOffset":2,"yOffset":5,"xAdvance":35},"115":{"rect":{"x":2,"y":355,"width":35,"height":40},"xOffset":0,"yOffset":6,"xAdvance":30},"116":{"rect":{"x":108,"y":2,"width":35,"height":36},"xOffset":0,"yOffset":9,"xAdvance":30},"117":{"rect":{"x":41,"y":235,"width":34,"height":35},"xOffset":1,"yOffset":10,"xAdvance":32},"118":{"rect":{"x":67,"y":192,"width":32,"height":36},"xOffset":0,"yOffset":10,"xAdvance":29},"119":{"rect":{"x":76,"y":119,"width":40,"height":33},"xOffset":2,"yOffset":13,"xAdvance":39},"120":{"rect":{"x":76,"y":154,"width":36,"height":36},"xOffset":0,"yOffset":10,"xAdvance":31},"121":{"rect":{"x":113,"y":40,"width":28,"height":40},"xOffset":-1,"yOffset":9,"xAdvance":23},"122":{"rect":{"x":2,"y":397,"width":36,"height":37},"xOffset":-1,"yOffset":8,"xAdvance":31},"123":{"rect":{"x":239,"y":217,"width":25,"height":49},"xOffset":-4,"yOffset":6,"xAdvance":16},"124":{"rect":{"x":209,"y":268,"width":13,"height":48},"xOffset":1,"yOffset":7,"xAdvance":15},"125":{"rect":{"x":262,"y":268,"width":25,"height":48},"xOffset":-4,"yOffset":6,"xAdvance":16},"126":{"rect":{"x":53,"y":492,"width":32,"height":17},"xOffset":-2,"yOffset":23,"xAdvance":30},"8470":{"rect":{"x":144,"y":459,"width":56,"height":45},"xOffset":-4,"yOffset":4,"xAdvance":48},"12288":{"rect":{"x":43,"y":272,"width":0,"height":0},"xOffset":0,"yOffset":43,"xAdvance":48},"12290":{"rect":{"x":402,"y":309,"width":22,"height":19},"xOffset":1,"yOffset":33,"xAdvance":48},"19968":{"rect":{"x":549,"y":498,"width":41,"height":12},"xOffset":4,"yOffset":19,"xAdvance":48},"19978":{"rect":{"x":836,"y":463,"width":45,"height":42},"xOffset":2,"yOffset":6,"xAdvance":48},"19979":{"rect":{"x":594,"y":250,"width":45,"height":46},"xOffset":1,"yOffset":5,"xAdvance":48},"19981":{"rect":{"x":864,"y":150,"width":47,"height":43},"xOffset":0,"yOffset":7,"xAdvance":48},"19998":{"rect":{"x":415,"y":51,"width":45,"height":47},"xOffset":1,"yOffset":3,"xAdvance":48},"20010":{"rect":{"x":629,"y":200,"width":47,"height":48},"xOffset":1,"yOffset":3,"xAdvance":48},"20013":{"rect":{"x":484,"y":151,"width":41,"height":48},"xOffset":4,"yOffset":3,"xAdvance":48},"20026":{"rect":{"x":799,"y":2,"width":44,"height":47},"xOffset":2,"yOffset":4,"xAdvance":48},"20030":{"rect":{"x":289,"y":225,"width":49,"height":49},"xOffset":0,"yOffset":2,"xAdvance":48},"20070":{"rect":{"x":312,"y":450,"width":45,"height":48},"xOffset":2,"yOffset":3,"xAdvance":48},"20102":{"rect":{"x":756,"y":2,"width":41,"height":47},"xOffset":4,"yOffset":4,"xAdvance":48},"20108":{"rect":{"x":932,"y":2,"width":46,"height":35},"xOffset":1,"yOffset":8,"xAdvance":48},"20139":{"rect":{"x":552,"y":51,"width":46,"height":49},"xOffset":2,"yOffset":2,"xAdvance":48},"20154":{"rect":{"x":315,"y":150,"width":42,"height":45},"xOffset":4,"yOffset":4,"xAdvance":48},"20249":{"rect":{"x":941,"y":298,"width":48,"height":47},"xOffset":-1,"yOffset":4,"xAdvance":48},"20276":{"rect":{"x":973,"y":246,"width":48,"height":48},"xOffset":0,"yOffset":3,"xAdvance":48},"20320":{"rect":{"x":642,"y":449,"width":48,"height":50},"xOffset":0,"yOffset":2,"xAdvance":48},"20365":{"rect":{"x":502,"y":55,"width":48,"height":49},"xOffset":0,"yOffset":3,"xAdvance":48},"20462":{"rect":{"x":384,"y":155,"width":48,"height":48},"xOffset":-1,"yOffset":3,"xAdvance":48},"20803":{"rect":{"x":340,"y":197,"width":42,"height":46},"xOffset":4,"yOffset":5,"xAdvance":48},"20837":{"rect":{"x":978,"y":451,"width":44,"height":42},"xOffset":2,"yOffset":6,"xAdvance":48},"20840":{"rect":{"x":819,"y":51,"width":46,"height":46},"xOffset":0,"yOffset":3,"xAdvance":48},"20851":{"rect":{"x":728,"y":103,"width":46,"height":48},"xOffset":0,"yOffset":3,"xAdvance":48},"20877":{"rect":{"x":662,"y":250,"width":45,"height":47},"xOffset":2,"yOffset":5,"xAdvance":48},"20915":{"rect":{"x":600,"y":50,"width":48,"height":48},"xOffset":0,"yOffset":3,"xAdvance":48},"20934":{"rect":{"x":930,"y":455,"width":46,"height":50},"xOffset":1,"yOffset":2,"xAdvance":48},"20986":{"rect":{"x":359,"y":421,"width":41,"height":48},"xOffset":3,"yOffset":3,"xAdvance":48},"20987":{"rect":{"x":916,"y":49,"width":46,"height":46},"xOffset":1,"yOffset":4,"xAdvance":48},"20998":{"rect":{"x":534,"y":201,"width":47,"height":47},"xOffset":1,"yOffset":4,"xAdvance":48},"21019":{"rect":{"x":1063,"y":2,"width":47,"height":48},"xOffset":-1,"yOffset":2,"xAdvance":48},"21040":{"rect":{"x":547,"y":250,"width":45,"height":46},"xOffset":1,"yOffset":5,"xAdvance":48},"21151":{"rect":{"x":694,"y":348,"width":46,"height":49},"xOffset":1,"yOffset":2,"xAdvance":48},"21152":{"rect":{"x":1012,"y":143,"width":50,"height":48},"xOffset":-1,"yOffset":2,"xAdvance":48},"21319":{"rect":{"x":755,"y":206,"width":45,"height":46},"xOffset":2,"yOffset":4,"xAdvance":48},"21363":{"rect":{"x":613,"y":298,"width":47,"height":47},"xOffset":2,"yOffset":4,"xAdvance":48},"21382":{"rect":{"x":845,"y":2,"width":42,"height":46},"xOffset":4,"yOffset":5,"xAdvance":48},"21451":{"rect":{"x":576,"y":102,"width":44,"height":49},"xOffset":2,"yOffset":2,"xAdvance":48},"21457":{"rect":{"x":549,"y":449,"width":43,"height":47},"xOffset":3,"yOffset":3,"xAdvance":48},"21490":{"rect":{"x":443,"y":201,"width":44,"height":49},"xOffset":3,"yOffset":3,"xAdvance":48},"21516":{"rect":{"x":347,"y":245,"width":44,"height":45},"xOffset":2,"yOffset":4,"xAdvance":48},"21527":{"rect":{"x":527,"y":106,"width":47,"height":46},"xOffset":1,"yOffset":3,"xAdvance":48},"21543":{"rect":{"x":999,"y":195,"width":48,"height":47},"xOffset":0,"yOffset":3,"xAdvance":48},"21608":{"rect":{"x":889,"y":2,"width":41,"height":45},"xOffset":5,"yOffset":4,"xAdvance":48},"21916":{"rect":{"x":738,"y":258,"width":49,"height":51},"xOffset":-1,"yOffset":1,"xAdvance":48},"22359":{"rect":{"x":872,"y":99,"width":49,"height":48},"xOffset":0,"yOffset":3,"xAdvance":48},"22681":{"rect":{"x":839,"y":303,"width":49,"height":50},"xOffset":-2,"yOffset":2,"xAdvance":48},"22763":{"rect":{"x":331,"y":374,"width":46,"height":45},"xOffset":1,"yOffset":5,"xAdvance":48},"22791":{"rect":{"x":939,"y":399,"width":47,"height":50},"xOffset":1,"yOffset":2,"xAdvance":48},"22797":{"rect":{"x":548,"y":348,"width":44,"height":49},"xOffset":2,"yOffset":2,"xAdvance":48},"22810":{"rect":{"x":933,"y":246,"width":38,"height":50},"xOffset":5,"yOffset":2,"xAdvance":48},"22823":{"rect":{"x":402,"y":392,"width":44,"height":45},"xOffset":2,"yOffset":4,"xAdvance":48},"22833":{"rect":{"x":649,"y":397,"width":43,"height":47},"xOffset":2,"yOffset":3,"xAdvance":48},"22909":{"rect":{"x":556,"y":2,"width":48,"height":46},"xOffset":1,"yOffset":4,"xAdvance":48},"22987":{"rect":{"x":890,"y":300,"width":49,"height":48},"xOffset":0,"yOffset":4,"xAdvance":48},"23398":{"rect":{"x":456,"y":100,"width":44,"height":49},"xOffset":3,"yOffset":2,"xAdvance":48},"23450":{"rect":{"x":489,"y":201,"width":43,"height":49},"xOffset":3,"yOffset":2,"xAdvance":48},"23545":{"rect":{"x":576,"y":153,"width":47,"height":46},"xOffset":1,"yOffset":4,"xAdvance":48},"23558":{"rect":{"x":676,"y":106,"width":50,"height":50},"xOffset":-1,"yOffset":1,"xAdvance":48},"23567":{"rect":{"x":937,"y":350,"width":49,"height":47},"xOffset":-1,"yOffset":3,"xAdvance":48},"23616":{"rect":{"x":692,"y":299,"width":44,"height":47},"xOffset":2,"yOffset":4,"xAdvance":48},"24050":{"rect":{"x":991,"y":296,"width":39,"height":43},"xOffset":4,"yOffset":5,"xAdvance":48},"24220":{"rect":{"x":410,"y":100,"width":44,"height":49},"xOffset":2,"yOffset":1,"xAdvance":48},"24314":{"rect":{"x":988,"y":347,"width":47,"height":49},"xOffset":0,"yOffset":2,"xAdvance":48},"24320":{"rect":{"x":888,"y":355,"width":47,"height":47},"xOffset":1,"yOffset":5,"xAdvance":48},"24405":{"rect":{"x":923,"y":97,"width":48,"height":46},"xOffset":0,"yOffset":4,"xAdvance":48},"24453":{"rect":{"x":973,"y":91,"width":48,"height":50},"xOffset":0,"yOffset":2,"xAdvance":48},"24471":{"rect":{"x":789,"y":254,"width":48,"height":49},"xOffset":0,"yOffset":2,"xAdvance":48},"24481":{"rect":{"x":402,"y":256,"width":50,"height":51},"xOffset":-1,"yOffset":1,"xAdvance":48},"24685":{"rect":{"x":769,"y":51,"width":48,"height":49},"xOffset":0,"yOffset":3,"xAdvance":48},"24687":{"rect":{"x":883,"y":455,"width":45,"height":49},"xOffset":2,"yOffset":2,"xAdvance":48},"25103":{"rect":{"x":500,"y":459,"width":47,"height":48},"xOffset":0,"yOffset":3,"xAdvance":48},"25104":{"rect":{"x":709,"y":208,"width":44,"height":48},"xOffset":2,"yOffset":3,"xAdvance":48},"25112":{"rect":{"x":594,"y":348,"width":46,"height":48},"xOffset":1,"yOffset":3,"xAdvance":48},"25151":{"rect":{"x":1049,"y":193,"width":45,"height":49},"xOffset":1,"yOffset":2,"xAdvance":48},"25165":{"rect":{"x":271,"y":102,"width":44,"height":46},"xOffset":3,"yOffset":3,"xAdvance":48},"25214":{"rect":{"x":852,"y":199,"width":47,"height":48},"xOffset":0,"yOffset":3,"xAdvance":48},"25353":{"rect":{"x":901,"y":195,"width":48,"height":49},"xOffset":0,"yOffset":2,"xAdvance":48},"25361":{"rect":{"x":552,"y":399,"width":46,"height":48},"xOffset":0,"yOffset":3,"xAdvance":48},"25490":{"rect":{"x":622,"y":100,"width":47,"height":49},"xOffset":1,"yOffset":3,"xAdvance":48},"25506":{"rect":{"x":309,"y":2,"width":48,"height":47},"xOffset":-1,"yOffset":4,"xAdvance":48},"25955":{"rect":{"x":1064,"y":99,"width":48,"height":50},"xOffset":1,"yOffset":2,"xAdvance":48},"25991":{"rect":{"x":402,"y":439,"width":46,"height":49},"xOffset":1,"yOffset":2,"xAdvance":48},"26032":{"rect":{"x":802,"y":203,"width":48,"height":49},"xOffset":0,"yOffset":3,"xAdvance":48},"26041":{"rect":{"x":839,"y":254,"width":45,"height":47},"xOffset":2,"yOffset":3,"xAdvance":48},"26102":{"rect":{"x":499,"y":351,"width":47,"height":47},"xOffset":0,"yOffset":4,"xAdvance":48},"26143":{"rect":{"x":454,"y":252,"width":43,"height":48},"xOffset":3,"yOffset":3,"xAdvance":48},"26187":{"rect":{"x":1013,"y":2,"width":48,"height":48},"xOffset":1,"yOffset":3,"xAdvance":48},"26354":{"rect":{"x":426,"y":309,"width":43,"height":45},"xOffset":3,"yOffset":4,"xAdvance":48},"26356":{"rect":{"x":792,"y":463,"width":42,"height":46},"xOffset":3,"yOffset":5,"xAdvance":48},"26368":{"rect":{"x":742,"y":446,"width":48,"height":51},"xOffset":0,"yOffset":1,"xAdvance":48},"26412":{"rect":{"x":744,"y":361,"width":48,"height":49},"xOffset":0,"yOffset":3,"xAdvance":48},"26469":{"rect":{"x":678,"y":158,"width":44,"height":48},"xOffset":3,"yOffset":4,"xAdvance":48},"26519":{"rect":{"x":434,"y":151,"width":48,"height":48},"xOffset":0,"yOffset":3,"xAdvance":48},"26597":{"rect":{"x":776,"y":102,"width":44,"height":48},"xOffset":1,"yOffset":3,"xAdvance":48},"27036":{"rect":{"x":359,"y":103,"width":49,"height":50},"xOffset":-1,"yOffset":2,"xAdvance":48},"27425":{"rect":{"x":792,"y":412,"width":47,"height":49},"xOffset":0,"yOffset":2,"xAdvance":48},"27599":{"rect":{"x":789,"y":305,"width":48,"height":50},"xOffset":1,"yOffset":1,"xAdvance":48},"27963":{"rect":{"x":563,"y":298,"width":48,"height":48},"xOffset":0,"yOffset":4,"xAdvance":48},"28040":{"rect":{"x":951,"y":195,"width":46,"height":49},"xOffset":0,"yOffset":3,"xAdvance":48},"28216":{"rect":{"x":450,"y":459,"width":48,"height":47},"xOffset":0,"yOffset":3,"xAdvance":48},"28385":{"rect":{"x":1032,"y":293,"width":48,"height":48},"xOffset":-2,"yOffset":3,"xAdvance":48},"28857":{"rect":{"x":886,"y":249,"width":45,"height":49},"xOffset":2,"yOffset":2,"xAdvance":48},"29366":{"rect":{"x":366,"y":51,"width":47,"height":47},"xOffset":0,"yOffset":4,"xAdvance":48},"29609":{"rect":{"x":694,"y":399,"width":48,"height":45},"xOffset":0,"yOffset":6,"xAdvance":48},"29983":{"rect":{"x":264,"y":55,"width":43,"height":45},"xOffset":3,"yOffset":4,"xAdvance":48},"30340":{"rect":{"x":720,"y":53,"width":47,"height":48},"xOffset":1,"yOffset":2,"xAdvance":48},"30475":{"rect":{"x":583,"y":201,"width":44,"height":47},"xOffset":2,"yOffset":3,"xAdvance":48},"30524":{"rect":{"x":359,"y":2,"width":47,"height":47},"xOffset":1,"yOffset":3,"xAdvance":48},"30591":{"rect":{"x":654,"y":2,"width":50,"height":51},"xOffset":-1,"yOffset":1,"xAdvance":48},"30830":{"rect":{"x":448,"y":356,"width":49,"height":50},"xOffset":-1,"yOffset":1,"xAdvance":48},"31163":{"rect":{"x":1024,"y":446,"width":44,"height":49},"xOffset":3,"yOffset":3,"xAdvance":48},"31168":{"rect":{"x":266,"y":175,"width":47,"height":48},"xOffset":1,"yOffset":3,"xAdvance":48},"31215":{"rect":{"x":1023,"y":52,"width":50,"height":45},"xOffset":-2,"yOffset":5,"xAdvance":48},"31461":{"rect":{"x":261,"y":2,"width":46,"height":51},"xOffset":1,"yOffset":1,"xAdvance":48},"31561":{"rect":{"x":964,"y":39,"width":47,"height":50},"xOffset":1,"yOffset":2,"xAdvance":48},"32423":{"rect":{"x":774,"y":153,"width":47,"height":48},"xOffset":1,"yOffset":4,"xAdvance":48},"32426":{"rect":{"x":913,"y":149,"width":47,"height":44},"xOffset":1,"yOffset":4,"xAdvance":48},"32473":{"rect":{"x":891,"y":404,"width":46,"height":49},"xOffset":0,"yOffset":2,"xAdvance":48},"32534":{"rect":{"x":408,"y":2,"width":47,"height":47},"xOffset":0,"yOffset":3,"xAdvance":48},"32676":{"rect":{"x":867,"y":50,"width":47,"height":47},"xOffset":0,"yOffset":4,"xAdvance":48},"32752":{"rect":{"x":393,"y":205,"width":48,"height":49},"xOffset":1,"yOffset":2,"xAdvance":48},"33457":{"rect":{"x":317,"y":51,"width":47,"height":50},"xOffset":1,"yOffset":2,"xAdvance":48},"34892":{"rect":{"x":606,"y":2,"width":46,"height":46},"xOffset":1,"yOffset":5,"xAdvance":48},"35201":{"rect":{"x":471,"y":302,"width":45,"height":47},"xOffset":2,"yOffset":5,"xAdvance":48},"35265":{"rect":{"x":988,"y":398,"width":44,"height":46},"xOffset":3,"yOffset":4,"xAdvance":48},"35270":{"rect":{"x":625,"y":151,"width":49,"height":47},"xOffset":0,"yOffset":3,"xAdvance":48},"35299":{"rect":{"x":297,"y":276,"width":48,"height":49},"xOffset":0,"yOffset":2,"xAdvance":48},"35449":{"rect":{"x":462,"y":2,"width":45,"height":51},"xOffset":1,"yOffset":2,"xAdvance":48},"35831":{"rect":{"x":841,"y":405,"width":48,"height":48},"xOffset":0,"yOffset":3,"xAdvance":48},"36129":{"rect":{"x":305,"y":327,"width":45,"height":45},"xOffset":1,"yOffset":5,"xAdvance":48},"36133":{"rect":{"x":692,"y":446,"width":48,"height":47},"xOffset":1,"yOffset":3,"xAdvance":48},"36194":{"rect":{"x":594,"y":449,"width":46,"height":51},"xOffset":2,"yOffset":1,"xAdvance":48},"36215":{"rect":{"x":671,"y":55,"width":47,"height":49},"xOffset":0,"yOffset":3,"xAdvance":48},"36229":{"rect":{"x":600,"y":398,"width":47,"height":49},"xOffset":0,"yOffset":3,"xAdvance":48},"36234":{"rect":{"x":642,"y":347,"width":48,"height":48},"xOffset":0,"yOffset":3,"xAdvance":48},"36523":{"rect":{"x":379,"y":342,"width":45,"height":48},"xOffset":2,"yOffset":3,"xAdvance":48},"36755":{"rect":{"x":706,"y":2,"width":48,"height":49},"xOffset":0,"yOffset":2,"xAdvance":48},"36807":{"rect":{"x":724,"y":158,"width":48,"height":46},"xOffset":1,"yOffset":4,"xAdvance":48},"36827":{"rect":{"x":352,"y":292,"width":48,"height":48},"xOffset":0,"yOffset":3,"xAdvance":48},"36864":{"rect":{"x":499,"y":252,"width":46,"height":47},"xOffset":1,"yOffset":3,"xAdvance":48},"36890":{"rect":{"x":962,"y":145,"width":48,"height":48},"xOffset":0,"yOffset":3,"xAdvance":48},"36992":{"rect":{"x":840,"y":355,"width":46,"height":48},"xOffset":1,"yOffset":3,"xAdvance":48},"37070":{"rect":{"x":509,"y":2,"width":45,"height":47},"xOffset":2,"yOffset":3,"xAdvance":48},"37096":{"rect":{"x":822,"y":99,"width":48,"height":49},"xOffset":0,"yOffset":2,"xAdvance":48},"37325":{"rect":{"x":1023,"y":244,"width":43,"height":47},"xOffset":3,"yOffset":4,"xAdvance":48},"38388":{"rect":{"x":518,"y":301,"width":43,"height":45},"xOffset":3,"yOffset":5,"xAdvance":48},"39029":{"rect":{"x":823,"y":150,"width":39,"height":47},"xOffset":5,"yOffset":4,"xAdvance":48},"39057":{"rect":{"x":502,"y":400,"width":48,"height":47},"xOffset":0,"yOffset":4,"xAdvance":48},"39640":{"rect":{"x":742,"y":311,"width":41,"height":48},"xOffset":4,"yOffset":2,"xAdvance":48},"39764":{"rect":{"x":794,"y":357,"width":44,"height":50},"xOffset":2,"yOffset":2,"xAdvance":48},"40511":{"rect":{"x":450,"y":408,"width":50,"height":49},"xOffset":-2,"yOffset":2,"xAdvance":48},"65281":{"rect":{"x":527,"y":154,"width":16,"height":45},"xOffset":4,"yOffset":5,"xAdvance":48},"65292":{"rect":{"x":271,"y":150,"width":15,"height":22},"xOffset":5,"yOffset":32,"xAdvance":48},"65306":{"rect":{"x":61,"y":278,"width":16,"height":33},"xOffset":4,"yOffset":21,"xAdvance":48},"65311":{"rect":{"x":317,"y":103,"width":25,"height":45},"xOffset":0,"yOffset":9,"xAdvance":48}},"kerningDict":{}}}]