[{"__type__":"cc.SpriteFrame","content":{"name":"RedMonster","texture":"8abFgwQSdN26PmAos/eT6D","rect":[0,0,68,75],"offset":[0,0],"originalSize":[68,75],"capInsets":[0,0,0,0]}},[{"__type__":"cc.SceneAsset","_name":"Singleton","scene":{"__id__":1},"asyncLoadAssets":null},{"__type__":"cc.Scene","_name":"New Node","_children":[{"__id__":2}],"_anchorPoint":{"__type__":"cc.Vec2"},"_trs":{"__type__":"TypedArray","ctor":"Float64Array","array":[0,0,0,0,0,0,1,0.5697916666666667,0.5697916666666667,1]},"_zIndex":0,"autoReleaseAssets":true},{"__type__":"cc.Node","_name":"Canvas","_parent":{"__id__":1},"_children":[{"__id__":3},{"__id__":4},{"__id__":5}],"_components":[{"__type__":"cc.Canvas","node":{"__id__":2}},{"__type__":"379d2K4GUtCv7pB9+wuz4Lb","node":{"__id__":2},"monsterIcon":{"__uuid__":"1dX38+1LVDxJsJW4MlhwuJ"}},{"__type__":"fcfefvjPgdGEKnfOwuoIVJD","node":{"__id__":2}},{"__type__":"cc.Widget","node":{"__id__":2},"_alignFlags":45}],"_contentSize":{"__type__":"cc.Size","width":960,"height":640},"_trs":{"__type__":"TypedArray","ctor":"Float64Array","array":[480,320,0,0,0,0,0,1,1,1]},"_zIndex":0,"_id":"fbbf5CLlbtF1oZ3dJFY81IA"},{"__type__":"cc.Node","_name":"Main Camera","_parent":{"__id__":2},"_components":[{"__type__":"cc.Camera","node":{"__id__":3},"_clearFlags":7,"_depth":-1}],"_trs":{"__type__":"TypedArray","ctor":"Float64Array","array":[0,0,0,0,0,0,0,1,1,1]},"_zIndex":0},{"__type__":"cc.Node","_parent":{"__id__":2},"_id":"ea9dc0HC5VB2Ic1w/cm/Y58","_prefab":{"__type__":"cc.PrefabInfo","root":{"__id__":4},"asset":{"__uuid__":"b8OSNRvpdPAZhePn0hGPPJ"},"fileId":"78fd70+ls5GgJcFkzvLSRk8","sync":true},"_name":"Background","_trs":{"__type__":"TypedArray","ctor":"Float64Array","array":[0,0,0,0,0,0,0,1,1,1]}},{"__type__":"cc.Node","_name":"Tips","_parent":{"__id__":2},"_components":[{"__type__":"e4f88adp3hERoJ48DZ2PSAl","node":{"__id__":5},"_useOriginalSize":false,"_string":"这例子不包含运行时演示","_N$string":"这例子不包含运行时演示","_N$horizontalAlign":1,"_N$verticalAlign":1,"_N$textKey":"cases/05_scripting/09_singleton/Singleton.fire.6"}],"_contentSize":{"__type__":"cc.Size","width":440,"height":40},"_trs":{"__type__":"TypedArray","ctor":"Float64Array","array":[0,-148,0,0,0,0,0,1,1,1]},"_zIndex":0}]]