[{"__type__":"cc.AnimationClip","_name":"sheep_jump","_duration":0.45,"sample":"20","curveData":{"comps":{"cc.Sprite":{"spriteFrame":[{"frame":0,"value":{"__uuid__":"1didIuo9pEyLOqWRtA+nFN"}},{"frame":0.05,"value":{"__uuid__":"42BBQ0PWxG7ay3JytaODV2"}},{"frame":0.15,"value":{"__uuid__":"62JKVU/CtLnaLeQ/2BoxhQ"}},{"frame":0.4,"value":{"__uuid__":"a3Hf0/FzRPwqderPlhq3uF"}},{"frame":0.45,"value":{"__uuid__":"e5D4pBmrVFCqElLr76MIVO"}}]}}}},{"__type__":"cc.SpriteFrame","content":{"name":"sheep_jump_0","texture":"834FFm1hFFKqwvTL9cPVoG","rect":[326,472,144,151],"offset":[-10,0],"originalSize":[228,159],"rotated":1,"capInsets":[0,0,0,0]}},{"__type__":"cc.SpriteFrame","content":{"name":"sheep_jump_1","texture":"834FFm1hFFKqwvTL9cPVoG","rect":[170,351,154,131],"offset":[-13,2],"originalSize":[228,159],"capInsets":[0,0,0,0]}},{"__type__":"cc.SpriteFrame","content":{"name":"sheep_jump_2","texture":"834FFm1hFFKqwvTL9cPVoG","rect":[348,260,160,105],"offset":[-10,4],"originalSize":[228,159],"capInsets":[0,0,0,0]}},{"__type__":"cc.SpriteFrame","content":{"name":"sheep_jump_3","texture":"834FFm1hFFKqwvTL9cPVoG","rect":[2,442,152,115],"offset":[-12,-2],"originalSize":[228,159],"capInsets":[0,0,0,0]}},{"__type__":"cc.SpriteFrame","content":{"name":"sheep_jump_4","texture":"834FFm1hFFKqwvTL9cPVoG","rect":[360,119,148,139],"offset":[-12,-2],"originalSize":[228,159],"capInsets":[0,0,0,0]}}]