[[{"__type__":"cc.SceneAsset","_name":"ReferenceType","scene":{"__id__":1},"asyncLoadAssets":null},{"__type__":"cc.Scene","_name":"New Node","_children":[{"__id__":2}],"_anchorPoint":{"__type__":"cc.Vec2"},"_trs":{"__type__":"TypedArray","ctor":"Float64Array","array":[0,0,0,0,0,0,1,1,1,1]},"autoReleaseAssets":true},{"__type__":"cc.Node","_name":"Canvas","_parent":{"__id__":1},"_children":[{"__id__":3},{"__id__":4},{"__id__":5},{"__id__":7},{"__id__":9},{"__id__":10},{"__id__":11}],"_components":[{"__type__":"cc.Canvas","node":{"__id__":2}},{"__type__":"9341f3fDdBMjJLKh4D+kJJK","node":{"__id__":2},"myNode":{"__id__":9},"mySprite":{"__id__":6},"myLabel":{"__id__":8},"myComponent":{"__id__":12},"mySpriteFrame":{"__uuid__":"bfhnyuiiFP/52t0htQmKGm"},"myAtlas":{"__uuid__":"553bz3COJP4KKyuatzr2Sd"},"myPrefab":{"__uuid__":"42Ghp1AW9Ilrkm52f/+8b4"},"myAudioClip":{"__uuid__":"a32eLbSbJPkasr7Ko+mF/g"}},{"__type__":"cc.Widget","node":{"__id__":2},"_alignFlags":45}],"_contentSize":{"__type__":"cc.Size","width":960,"height":640},"_trs":{"__type__":"TypedArray","ctor":"Float64Array","array":[480,320,0,0,0,0,0,1,1,1]},"_id":"00585n+9KFBobjeB+/TNFrL"},{"__type__":"cc.Node","_name":"Main Camera","_parent":{"__id__":2},"_components":[{"__type__":"cc.Camera","node":{"__id__":3},"_clearFlags":7,"_depth":-1,"_nearClip":0.1}],"_trs":{"__type__":"TypedArray","ctor":"Float64Array","array":[0,0,0,0,0,0,0,1,1,1]}},{"__type__":"cc.Node","_parent":{"__id__":2},"_id":"635c6oeJ2BGs7OmFeQ2IiWj","_prefab":{"__type__":"cc.PrefabInfo","root":{"__id__":4},"asset":{"__uuid__":"b8OSNRvpdPAZhePn0hGPPJ"},"fileId":"78fd70+ls5GgJcFkzvLSRk8","sync":true},"_name":"Background","_trs":{"__type__":"TypedArray","ctor":"Float64Array","array":[0,0,0,0,0,0,0,1,1,1]}},{"__type__":"cc.Node","_name":"mySprite","_parent":{"__id__":2},"_components":[{"__id__":6}],"_contentSize":{"__type__":"cc.Size","width":50,"height":50},"_trs":{"__type__":"TypedArray","ctor":"Float64Array","array":[0,-6,0,0,0,0,0,1,1,1]}},{"__type__":"cc.Sprite","node":{"__id__":5},"_materials":[{"__uuid__":"ecpdLyjvZBwrvm+cedCcQy"}],"_spriteFrame":{"__uuid__":"8c20Sso/ZEn7NUfNSM+EBh"},"_sizeMode":0},{"__type__":"cc.Node","_name":"myLabel","_parent":{"__id__":2},"_components":[{"__id__":8}],"_contentSize":{"__type__":"cc.Size","width":128,"height":50},"_trs":{"__type__":"TypedArray","ctor":"Float64Array","array":[0,75,0,0,0,0,0,1,1,1]}},{"__type__":"e4f88adp3hERoJ48DZ2PSAl","node":{"__id__":7},"_materials":[{"__uuid__":"ecpdLyjvZBwrvm+cedCcQy"}],"_useOriginalSize":false,"_N$horizontalAlign":1,"_N$verticalAlign":1,"_N$overflow":1,"_N$textKey":""},{"__type__":"cc.Node","_name":"myNode","_parent":{"__id__":2},"_trs":{"__type__":"TypedArray","ctor":"Float64Array","array":[0,-121,0,0,0,0,0,1,1,1]}},{"__type__":"cc.Node","_name":"Instruction","_parent":{"__id__":2},"_components":[{"__type__":"e4f88adp3hERoJ48DZ2PSAl","node":{"__id__":10},"_materials":[{"__uuid__":"ecpdLyjvZBwrvm+cedCcQy"}],"_useOriginalSize":false,"_string":"这个例子不包括运行时演示","_N$string":"这个例子不包括运行时演示","_fontSize":30,"_N$horizontalAlign":1,"_N$verticalAlign":1,"_N$textKey":"cases/05_scripting/01_properties/ReferenceType.fire.11"}],"_contentSize":{"__type__":"cc.Size","width":360,"height":50.4},"_trs":{"__type__":"TypedArray","ctor":"Float64Array","array":[0,-143,0,0,0,0,0,1,1,1]}},{"__type__":"cc.Node","_name":"myComponent","_parent":{"__id__":2},"_components":[{"__id__":12}],"_trs":{"__type__":"TypedArray","ctor":"Float64Array","array":[0,-6,0,0,0,0,0,1,1,1]}},{"__type__":"6b8baEpLuxACIMNlIL2vw2W","node":{"__id__":11}}],{"__type__":"cc.SpriteFrame","content":{"name":"default_sprite","texture":"6eBWFz0oVHPLIGQKf/9Thu","rect":[0,2,40,36],"offset":[0,0],"originalSize":[40,40],"capInsets":[0,0,0,0]}},{"__type__":"cc.SpriteFrame","content":{"name":"content","texture":"6bT67Vq8NKd6+dNe1npaSL","rect":[0,0,512,512],"offset":[0,0],"originalSize":[512,512],"capInsets":[0,0,0,0]}}]